noun_id,page_index,category,category_name,head,reason,file,classification_method
"1972","0","B06-OBJ","Artifact & Architecture","head-wall","代表画像を目視確認した主要頭部モチーフ: wall","B06-OBJ__Artifact_&_Architecture/noun-1972__head-wall.png","visual audit of representative image for each of 258 head types"
"1971","1","B06-OBJ","Artifact & Architecture","head-wall","代表画像を目視確認した主要頭部モチーフ: wall","B06-OBJ__Artifact_&_Architecture/noun-1971__head-wall.png","visual audit of representative image for each of 258 head types"
"1970","2","B06-OBJ","Artifact & Architecture","head-wall","代表画像を目視確認した主要頭部モチーフ: wall","B06-OBJ__Artifact_&_Architecture/noun-1970__head-wall.png","visual audit of representative image for each of 258 head types"
"1969","3","B06-OBJ","Artifact & Architecture","head-fence","代表画像を目視確認した主要頭部モチーフ: fence","B06-OBJ__Artifact_&_Architecture/noun-1969__head-fence.png","visual audit of representative image for each of 258 head types"
"1968","4","B05-MEC","Machine","head-mixer","代表画像を目視確認した主要頭部モチーフ: mixer","B05-MEC__Machine/noun-1968__head-mixer.png","visual audit of representative image for each of 258 head types"
"1967","5","B06-OBJ","Artifact & Architecture","head-wall","代表画像を目視確認した主要頭部モチーフ: wall","B06-OBJ__Artifact_&_Architecture/noun-1967__head-wall.png","visual audit of representative image for each of 258 head types"
"1966","6","B02-FAU","Fauna","head-dino","代表画像を目視確認した主要頭部モチーフ: dino","B02-FAU__Fauna/noun-1966__head-dino.png","visual audit of representative image for each of 258 head types"
"1965","7","B02-FAU","Fauna","head-owl","代表画像を目視確認した主要頭部モチーフ: owl","B02-FAU__Fauna/noun-1965__head-owl.png","visual audit of representative image for each of 258 head types"
"1964","8","B06-OBJ","Artifact & Architecture","head-wall","代表画像を目視確認した主要頭部モチーフ: wall","B06-OBJ__Artifact_&_Architecture/noun-1964__head-wall.png","visual audit of representative image for each of 258 head types"
"1963","9","B06-OBJ","Artifact & Architecture","head-wall","代表画像を目視確認した主要頭部モチーフ: wall","B06-OBJ__Artifact_&_Architecture/noun-1963__head-wall.png","visual audit of representative image for each of 258 head types"
"1962","10","B06-OBJ","Artifact & Architecture","head-wall","代表画像を目視確認した主要頭部モチーフ: wall","B06-OBJ__Artifact_&_Architecture/noun-1962__head-wall.png","visual audit of representative image for each of 258 head types"
"1961","11","B06-OBJ","Artifact & Architecture","head-wall","代表画像を目視確認した主要頭部モチーフ: wall","B06-OBJ__Artifact_&_Architecture/noun-1961__head-wall.png","visual audit of representative image for each of 258 head types"
"1960","12","B08-NAT","Nature & Element","head-wave","代表画像を目視確認した主要頭部モチーフ: wave","B08-NAT__Nature_&_Element/noun-1960__head-wave.png","visual audit of representative image for each of 258 head types"
"1959","13","B06-OBJ","Artifact & Architecture","head-bagpipe","代表画像を目視確認した主要頭部モチーフ: bagpipe","B06-OBJ__Artifact_&_Architecture/noun-1959__head-bagpipe.png","visual audit of representative image for each of 258 head types"
"1958","14","B08-NAT","Nature & Element","head-jupiter","代表画像を目視確認した主要頭部モチーフ: jupiter","B08-NAT__Nature_&_Element/noun-1958__head-jupiter.png","visual audit of representative image for each of 258 head types"
"1957","15","B09-ECH","Secret Echo","head-dna","代表画像を目視確認した主要頭部モチーフ: dna","B09-ECH__Secret_Echo/noun-1957__head-dna.png","visual audit of representative image for each of 258 head types"
"1956","16","B06-OBJ","Artifact & Architecture","head-wall","代表画像を目視確認した主要頭部モチーフ: wall","B06-OBJ__Artifact_&_Architecture/noun-1956__head-wall.png","visual audit of representative image for each of 258 head types"
"1955","17","B02-FAU","Fauna","head-mouse","代表画像を目視確認した主要頭部モチーフ: mouse","B02-FAU__Fauna/noun-1955__head-mouse.png","visual audit of representative image for each of 258 head types"
"1954","18","B06-OBJ","Artifact & Architecture","head-treasurechest","代表画像を目視確認した主要頭部モチーフ: treasurechest","B06-OBJ__Artifact_&_Architecture/noun-1954__head-treasurechest.png","visual audit of representative image for each of 258 head types"
"1953","19","B04-CUL","Culinary","head-chilli","代表画像を目視確認した主要頭部モチーフ: chilli","B04-CUL__Culinary/noun-1953__head-chilli.png","visual audit of representative image for each of 258 head types"
"1952","20","B06-OBJ","Artifact & Architecture","head-snowman","代表画像を目視確認した主要頭部モチーフ: snowman","B06-OBJ__Artifact_&_Architecture/noun-1952__head-snowman.png","visual audit of representative image for each of 258 head types"
"1951","21","B08-NAT","Nature & Element","head-saturn","代表画像を目視確認した主要頭部モチーフ: saturn","B08-NAT__Nature_&_Element/noun-1951__head-saturn.png","visual audit of representative image for each of 258 head types"
"1950","22","B06-OBJ","Artifact & Architecture","head-piano","代表画像を目視確認した主要頭部モチーフ: piano","B06-OBJ__Artifact_&_Architecture/noun-1950__head-piano.png","visual audit of representative image for each of 258 head types"
"1949","23","B04-CUL","Culinary","head-steak","代表画像を目視確認した主要頭部モチーフ: steak","B04-CUL__Culinary/noun-1949__head-steak.png","visual audit of representative image for each of 258 head types"
"1948","24","B06-OBJ","Artifact & Architecture","head-cassettetape","代表画像を目視確認した主要頭部モチーフ: cassettetape","B06-OBJ__Artifact_&_Architecture/noun-1948__head-cassettetape.png","visual audit of representative image for each of 258 head types"
"1947","25","B06-OBJ","Artifact & Architecture","head-ring","代表画像を目視確認した主要頭部モチーフ: ring","B06-OBJ__Artifact_&_Architecture/noun-1947__head-ring.png","visual audit of representative image for each of 258 head types"
"1946","26","B05-MEC","Machine","head-washingmachine","代表画像を目視確認した主要頭部モチーフ: washingmachine","B05-MEC__Machine/noun-1946__head-washingmachine.png","visual audit of representative image for each of 258 head types"
"1945","27","B06-OBJ","Artifact & Architecture","head-wall","代表画像を目視確認した主要頭部モチーフ: wall","B06-OBJ__Artifact_&_Architecture/noun-1945__head-wall.png","visual audit of representative image for each of 258 head types"
"1944","28","B06-OBJ","Artifact & Architecture","head-wall","代表画像を目視確認した主要頭部モチーフ: wall","B06-OBJ__Artifact_&_Architecture/noun-1944__head-wall.png","visual audit of representative image for each of 258 head types"
"1943","29","B04-CUL","Culinary","head-hotdog","代表画像を目視確認した主要頭部モチーフ: hotdog","B04-CUL__Culinary/noun-1943__head-hotdog.png","visual audit of representative image for each of 258 head types"
"1942","30","B04-CUL","Culinary","head-nigiri","代表画像を目視確認した主要頭部モチーフ: nigiri","B04-CUL__Culinary/noun-1942__head-nigiri.png","visual audit of representative image for each of 258 head types"
"1941","31","B08-NAT","Nature & Element","head-wave","代表画像を目視確認した主要頭部モチーフ: wave","B08-NAT__Nature_&_Element/noun-1941__head-wave.png","visual audit of representative image for each of 258 head types"
"1940","32","B06-OBJ","Artifact & Architecture","head-wall","代表画像を目視確認した主要頭部モチーフ: wall","B06-OBJ__Artifact_&_Architecture/noun-1940__head-wall.png","visual audit of representative image for each of 258 head types"
"1939","33","B06-OBJ","Artifact & Architecture","head-wall","代表画像を目視確認した主要頭部モチーフ: wall","B06-OBJ__Artifact_&_Architecture/noun-1939__head-wall.png","visual audit of representative image for each of 258 head types"
"1938","34","B02-FAU","Fauna","head-horse-deepfried","代表画像を目視確認した主要頭部モチーフ: horse-deepfried","B02-FAU__Fauna/noun-1938__head-horse-deepfried.png","visual audit of representative image for each of 258 head types"
"1937","35","B04-CUL","Culinary","head-mustard","代表画像を目視確認した主要頭部モチーフ: mustard","B04-CUL__Culinary/noun-1937__head-mustard.png","visual audit of representative image for each of 258 head types"
"1936","36","B06-OBJ","Artifact & Architecture","head-firehydrant","代表画像を目視確認した主要頭部モチーフ: firehydrant","B06-OBJ__Artifact_&_Architecture/noun-1936__head-firehydrant.png","visual audit of representative image for each of 258 head types"
"1935","37","B10-ANO","Secret Anomaly","head-ghost-B","代表画像を目視確認した主要頭部モチーフ: ghost-B","B10-ANO__Secret_Anomaly/noun-1935__head-ghost-B.png","visual audit of representative image for each of 258 head types"
"1934","38","B04-CUL","Culinary","head-pumpkin","代表画像を目視確認した主要頭部モチーフ: pumpkin","B04-CUL__Culinary/noun-1934__head-pumpkin.png","visual audit of representative image for each of 258 head types"
"1933","39","B06-OBJ","Artifact & Architecture","head-road","代表画像を目視確認した主要頭部モチーフ: road","B06-OBJ__Artifact_&_Architecture/noun-1933__head-road.png","visual audit of representative image for each of 258 head types"
"1932","40","B01-HUM","Humanoid","head-tooth","代表画像を目視確認した主要頭部モチーフ: tooth","B01-HUM__Humanoid/noun-1932__head-tooth.png","visual audit of representative image for each of 258 head types"
"1931","41","B03-FLO","Flora & Fungi","head-peyote","代表画像を目視確認した主要頭部モチーフ: peyote","B03-FLO__Flora_&_Fungi/noun-1931__head-peyote.png","visual audit of representative image for each of 258 head types"
"1930","42","B06-OBJ","Artifact & Architecture","head-wall","代表画像を目視確認した主要頭部モチーフ: wall","B06-OBJ__Artifact_&_Architecture/noun-1930__head-wall.png","visual audit of representative image for each of 258 head types"
"1929","43","B03-FLO","Flora & Fungi","head-weed","代表画像を目視確認した主要頭部モチーフ: weed","B03-FLO__Flora_&_Fungi/noun-1929__head-weed.png","visual audit of representative image for each of 258 head types"
"1928","44","B01-HUM","Humanoid","head-hair","代表画像を目視確認した主要頭部モチーフ: hair","B01-HUM__Humanoid/noun-1928__head-hair.png","visual audit of representative image for each of 258 head types"
"1927","45","B02-FAU","Fauna","head-dog","代表画像を目視確認した主要頭部モチーフ: dog","B02-FAU__Fauna/noun-1927__head-dog.png","visual audit of representative image for each of 258 head types"
"1926","46","B08-NAT","Nature & Element","head-cloud","代表画像を目視確認した主要頭部モチーフ: cloud","B08-NAT__Nature_&_Element/noun-1926__head-cloud.png","visual audit of representative image for each of 258 head types"
"1925","47","B02-FAU","Fauna","head-crab","代表画像を目視確認した主要頭部モチーフ: crab","B02-FAU__Fauna/noun-1925__head-crab.png","visual audit of representative image for each of 258 head types"
"1924","48","B06-OBJ","Artifact & Architecture","head-abacus","代表画像を目視確認した主要頭部モチーフ: abacus","B06-OBJ__Artifact_&_Architecture/noun-1924__head-abacus.png","visual audit of representative image for each of 258 head types"
"1923","49","B03-FLO","Flora & Fungi","head-fir","代表画像を目視確認した主要頭部モチーフ: fir","B03-FLO__Flora_&_Fungi/noun-1923__head-fir.png","visual audit of representative image for each of 258 head types"
"1922","50","B04-CUL","Culinary","head-blueberry","代表画像を目視確認した主要頭部モチーフ: blueberry","B04-CUL__Culinary/noun-1922__head-blueberry.png","visual audit of representative image for each of 258 head types"
"1921","51","B09-ECH","Secret Echo","head-bubble-speech","代表画像を目視確認した主要頭部モチーフ: bubble-speech","B09-ECH__Secret_Echo/noun-1921__head-bubble-speech.png","visual audit of representative image for each of 258 head types"
"1920","52","B04-CUL","Culinary","head-banana","代表画像を目視確認した主要頭部モチーフ: banana","B04-CUL__Culinary/noun-1920__head-banana.png","visual audit of representative image for each of 258 head types"
"1919","53","B06-OBJ","Artifact & Architecture","head-wall","代表画像を目視確認した主要頭部モチーフ: wall","B06-OBJ__Artifact_&_Architecture/noun-1919__head-wall.png","visual audit of representative image for each of 258 head types"
"1918","54","B02-FAU","Fauna","head-zebra","代表画像を目視確認した主要頭部モチーフ: zebra","B02-FAU__Fauna/noun-1918__head-zebra.png","visual audit of representative image for each of 258 head types"
"1917","55","B05-MEC","Machine","head-calculator","代表画像を目視確認した主要頭部モチーフ: calculator","B05-MEC__Machine/noun-1917__head-calculator.png","visual audit of representative image for each of 258 head types"
"1916","56","B07-MAT","Material & Mineral","head-lint","代表画像を目視確認した主要頭部モチーフ: lint","B07-MAT__Material_&_Mineral/noun-1916__head-lint.png","visual audit of representative image for each of 258 head types"
"1915","57","B05-MEC","Machine","head-helicopter","代表画像を目視確認した主要頭部モチーフ: helicopter","B05-MEC__Machine/noun-1915__head-helicopter.png","visual audit of representative image for each of 258 head types"
"1914","58","B04-CUL","Culinary","head-beer","代表画像を目視確認した主要頭部モチーフ: beer","B04-CUL__Culinary/noun-1914__head-beer.png","visual audit of representative image for each of 258 head types"
"1913","59","B03-FLO","Flora & Fungi","head-saguaro","代表画像を目視確認した主要頭部モチーフ: saguaro","B03-FLO__Flora_&_Fungi/noun-1913__head-saguaro.png","visual audit of representative image for each of 258 head types"
"1912","60","B08-NAT","Nature & Element","head-moon","代表画像を目視確認した主要頭部モチーフ: moon","B08-NAT__Nature_&_Element/noun-1912__head-moon.png","visual audit of representative image for each of 258 head types"
"1911","61","B05-MEC","Machine","head-floppy-disk","代表画像を目視確認した主要頭部モチーフ: floppy-disk","B05-MEC__Machine/noun-1911__head-floppy-disk.png","visual audit of representative image for each of 258 head types"
"1910","62","B04-CUL","Culinary","head-cookie","代表画像を目視確認した主要頭部モチーフ: cookie","B04-CUL__Culinary/noun-1910__head-cookie.png","visual audit of representative image for each of 258 head types"
"1909","63","B05-MEC","Machine","head-sailboat","代表画像を目視確認した主要頭部モチーフ: sailboat","B05-MEC__Machine/noun-1909__head-sailboat.png","visual audit of representative image for each of 258 head types"
"1908","64","B05-MEC","Machine","head-turing","代表画像を目視確認した主要頭部モチーフ: turing","B05-MEC__Machine/noun-1908__head-turing.png","visual audit of representative image for each of 258 head types"
"1907","65","B06-OBJ","Artifact & Architecture","head-stapler","代表画像を目視確認した主要頭部モチーフ: stapler","B06-OBJ__Artifact_&_Architecture/noun-1907__head-stapler.png","visual audit of representative image for each of 258 head types"
"1906","66","B04-CUL","Culinary","head-cheese","代表画像を目視確認した主要頭部モチーフ: cheese","B04-CUL__Culinary/noun-1906__head-cheese.png","visual audit of representative image for each of 258 head types"
"1905","67","B09-ECH","Secret Echo","head-heart","代表画像を目視確認した主要頭部モチーフ: heart","B09-ECH__Secret_Echo/noun-1905__head-heart.png","visual audit of representative image for each of 258 head types"
"1904","68","B06-OBJ","Artifact & Architecture","head-beanie","代表画像を目視確認した主要頭部モチーフ: beanie","B06-OBJ__Artifact_&_Architecture/noun-1904__head-beanie.png","visual audit of representative image for each of 258 head types"
"1903","69","B06-OBJ","Artifact & Architecture","head-snowman","代表画像を目視確認した主要頭部モチーフ: snowman","B06-OBJ__Artifact_&_Architecture/noun-1903__head-snowman.png","visual audit of representative image for each of 258 head types"
"1902","70","B04-CUL","Culinary","head-steak","代表画像を目視確認した主要頭部モチーフ: steak","B04-CUL__Culinary/noun-1902__head-steak.png","visual audit of representative image for each of 258 head types"
"1901","71","B06-OBJ","Artifact & Architecture","head-pirateship","代表画像を目視確認した主要頭部モチーフ: pirateship","B06-OBJ__Artifact_&_Architecture/noun-1901__head-pirateship.png","visual audit of representative image for each of 258 head types"
"1900","72","B06-OBJ","Artifact & Architecture","head-pirateship","代表画像を目視確認した主要頭部モチーフ: pirateship","B06-OBJ__Artifact_&_Architecture/noun-1900__head-pirateship.png","visual audit of representative image for each of 258 head types"
"1899","73","B06-OBJ","Artifact & Architecture","head-basketball","代表画像を目視確認した主要頭部モチーフ: basketball","B06-OBJ__Artifact_&_Architecture/noun-1899__head-basketball.png","visual audit of representative image for each of 258 head types"
"1898","74","B04-CUL","Culinary","head-ketchup","代表画像を目視確認した主要頭部モチーフ: ketchup","B04-CUL__Culinary/noun-1898__head-ketchup.png","visual audit of representative image for each of 258 head types"
"1897","75","B04-CUL","Culinary","head-cotton-candy","代表画像を目視確認した主要頭部モチーフ: cotton-candy","B04-CUL__Culinary/noun-1897__head-cotton-candy.png","visual audit of representative image for each of 258 head types"
"1896","76","B06-OBJ","Artifact & Architecture","head-outlet","代表画像を目視確認した主要頭部モチーフ: outlet","B06-OBJ__Artifact_&_Architecture/noun-1896__head-outlet.png","visual audit of representative image for each of 258 head types"
"1895","77","B02-FAU","Fauna","head-green-snake","代表画像を目視確認した主要頭部モチーフ: green-snake","B02-FAU__Fauna/noun-1895__head-green-snake.png","visual audit of representative image for each of 258 head types"
"1894","78","B02-FAU","Fauna","head-tiger","代表画像を目視確認した主要頭部モチーフ: tiger","B02-FAU__Fauna/noun-1894__head-tiger.png","visual audit of representative image for each of 258 head types"
"1893","79","B06-OBJ","Artifact & Architecture","head-boot","代表画像を目視確認した主要頭部モチーフ: boot","B06-OBJ__Artifact_&_Architecture/noun-1893__head-boot.png","visual audit of representative image for each of 258 head types"
"1892","80","B02-FAU","Fauna","head-duck","代表画像を目視確認した主要頭部モチーフ: duck","B02-FAU__Fauna/noun-1892__head-duck.png","visual audit of representative image for each of 258 head types"
"1891","81","B04-CUL","Culinary","head-hotdog","代表画像を目視確認した主要頭部モチーフ: hotdog","B04-CUL__Culinary/noun-1891__head-hotdog.png","visual audit of representative image for each of 258 head types"
"1890","82","B05-MEC","Machine","head-ufo","代表画像を目視確認した主要頭部モチーフ: ufo","B05-MEC__Machine/noun-1890__head-ufo.png","visual audit of representative image for each of 258 head types"
"1889","83","B08-NAT","Nature & Element","head-moon","代表画像を目視確認した主要頭部モチーフ: moon","B08-NAT__Nature_&_Element/noun-1889__head-moon.png","visual audit of representative image for each of 258 head types"
"1888","84","B06-OBJ","Artifact & Architecture","head-mailbox","代表画像を目視確認した主要頭部モチーフ: mailbox","B06-OBJ__Artifact_&_Architecture/noun-1888__head-mailbox.png","visual audit of representative image for each of 258 head types"
"1887","85","B08-NAT","Nature & Element","head-earth","代表画像を目視確認した主要頭部モチーフ: earth","B08-NAT__Nature_&_Element/noun-1887__head-earth.png","visual audit of representative image for each of 258 head types"
"1886","86","B06-OBJ","Artifact & Architecture","head-crystalball","代表画像を目視確認した主要頭部モチーフ: crystalball","B06-OBJ__Artifact_&_Architecture/noun-1886__head-crystalball.png","visual audit of representative image for each of 258 head types"
"1885","87","B06-OBJ","Artifact & Architecture","head-boot","代表画像を目視確認した主要頭部モチーフ: boot","B06-OBJ__Artifact_&_Architecture/noun-1885__head-boot.png","visual audit of representative image for each of 258 head types"
"1884","88","B06-OBJ","Artifact & Architecture","head-paperclip","代表画像を目視確認した主要頭部モチーフ: paperclip","B06-OBJ__Artifact_&_Architecture/noun-1884__head-paperclip.png","visual audit of representative image for each of 258 head types"
"1883","89","B06-OBJ","Artifact & Architecture","head-index-card","代表画像を目視確認した主要頭部モチーフ: index-card","B06-OBJ__Artifact_&_Architecture/noun-1883__head-index-card.png","visual audit of representative image for each of 258 head types"
"1882","90","B05-MEC","Machine","head-floppy-disk","代表画像を目視確認した主要頭部モチーフ: floppy-disk","B05-MEC__Machine/noun-1882__head-floppy-disk.png","visual audit of representative image for each of 258 head types"
"1881","91","B02-FAU","Fauna","head-squid","代表画像を目視確認した主要頭部モチーフ: squid","B02-FAU__Fauna/noun-1881__head-squid.png","visual audit of representative image for each of 258 head types"
"1880","92","B04-CUL","Culinary","head-icepop-b","代表画像を目視確認した主要頭部モチーフ: icepop-b","B04-CUL__Culinary/noun-1880__head-icepop-b.png","visual audit of representative image for each of 258 head types"
"1879","93","B02-FAU","Fauna","head-cat","代表画像を目視確認した主要頭部モチーフ: cat","B02-FAU__Fauna/noun-1879__head-cat.png","visual audit of representative image for each of 258 head types"
"1878","94","B06-OBJ","Artifact & Architecture","head-factory-dark","代表画像を目視確認した主要頭部モチーフ: factory-dark","B06-OBJ__Artifact_&_Architecture/noun-1878__head-factory-dark.png","visual audit of representative image for each of 258 head types"
"1877","95","B02-FAU","Fauna","head-pufferfish","代表画像を目視確認した主要頭部モチーフ: pufferfish","B02-FAU__Fauna/noun-1877__head-pufferfish.png","visual audit of representative image for each of 258 head types"
"1876","96","B06-OBJ","Artifact & Architecture","head-film-35mm","代表画像を目視確認した主要頭部モチーフ: film-35mm","B06-OBJ__Artifact_&_Architecture/noun-1876__head-film-35mm.png","visual audit of representative image for each of 258 head types"
"1875","97","B06-OBJ","Artifact & Architecture","head-film-strip","代表画像を目視確認した主要頭部モチーフ: film-strip","B06-OBJ__Artifact_&_Architecture/noun-1875__head-film-strip.png","visual audit of representative image for each of 258 head types"
"1874","98","B02-FAU","Fauna","head-unicorn","代表画像を目視確認した主要頭部モチーフ: unicorn","B02-FAU__Fauna/noun-1874__head-unicorn.png","visual audit of representative image for each of 258 head types"
"1873","99","B06-OBJ","Artifact & Architecture","head-watch","代表画像を目視確認した主要頭部モチーフ: watch","B06-OBJ__Artifact_&_Architecture/noun-1873__head-watch.png","visual audit of representative image for each of 258 head types"
"1872","100","B04-CUL","Culinary","head-pumpkin","代表画像を目視確認した主要頭部モチーフ: pumpkin","B04-CUL__Culinary/noun-1872__head-pumpkin.png","visual audit of representative image for each of 258 head types"
"1871","101","B02-FAU","Fauna","head-werewolf","代表画像を目視確認した主要頭部モチーフ: werewolf","B02-FAU__Fauna/noun-1871__head-werewolf.png","visual audit of representative image for each of 258 head types"
"1870","102","B06-OBJ","Artifact & Architecture","head-mailbox","代表画像を目視確認した主要頭部モチーフ: mailbox","B06-OBJ__Artifact_&_Architecture/noun-1870__head-mailbox.png","visual audit of representative image for each of 258 head types"
"1869","103","B06-OBJ","Artifact & Architecture","head-crystalball","代表画像を目視確認した主要頭部モチーフ: crystalball","B06-OBJ__Artifact_&_Architecture/noun-1869__head-crystalball.png","visual audit of representative image for each of 258 head types"
"1868","104","B06-OBJ","Artifact & Architecture","head-paper-bag","代表画像を目視確認した主要頭部モチーフ: paper-bag","B06-OBJ__Artifact_&_Architecture/noun-1868__head-paper-bag.png","visual audit of representative image for each of 258 head types"
"1867","105","B06-OBJ","Artifact & Architecture","head-paperclip","代表画像を目視確認した主要頭部モチーフ: paperclip","B06-OBJ__Artifact_&_Architecture/noun-1867__head-paperclip.png","visual audit of representative image for each of 258 head types"
"1866","106","B04-CUL","Culinary","head-potato","代表画像を目視確認した主要頭部モチーフ: potato","B04-CUL__Culinary/noun-1866__head-potato.png","visual audit of representative image for each of 258 head types"
"1865","107","B06-OBJ","Artifact & Architecture","head-wizardhat","代表画像を目視確認した主要頭部モチーフ: wizardhat","B06-OBJ__Artifact_&_Architecture/noun-1865__head-wizardhat.png","visual audit of representative image for each of 258 head types"
"1864","108","B04-CUL","Culinary","head-macaroni","代表画像を目視確認した主要頭部モチーフ: macaroni","B04-CUL__Culinary/noun-1864__head-macaroni.png","visual audit of representative image for each of 258 head types"
"1863","109","B05-MEC","Machine","head-satellite","代表画像を目視確認した主要頭部モチーフ: satellite","B05-MEC__Machine/noun-1863__head-satellite.png","visual audit of representative image for each of 258 head types"
"1862","110","B02-FAU","Fauna","head-crab","代表画像を目視確認した主要頭部モチーフ: crab","B02-FAU__Fauna/noun-1862__head-crab.png","visual audit of representative image for each of 258 head types"
"1861","111","B06-OBJ","Artifact & Architecture","head-trashcan","代表画像を目視確認した主要頭部モチーフ: trashcan","B06-OBJ__Artifact_&_Architecture/noun-1861__head-trashcan.png","visual audit of representative image for each of 258 head types"
"1860","112","B10-ANO","Secret Anomaly","head-ghost-B","代表画像を目視確認した主要頭部モチーフ: ghost-B","B10-ANO__Secret_Anomaly/noun-1860__head-ghost-B.png","visual audit of representative image for each of 258 head types"
"1859","113","B06-OBJ","Artifact & Architecture","head-lock","代表画像を目視確認した主要頭部モチーフ: lock","B06-OBJ__Artifact_&_Architecture/noun-1859__head-lock.png","visual audit of representative image for each of 258 head types"
"1858","114","B06-OBJ","Artifact & Architecture","head-piggybank","代表画像を目視確認した主要頭部モチーフ: piggybank","B06-OBJ__Artifact_&_Architecture/noun-1858__head-piggybank.png","visual audit of representative image for each of 258 head types"
"1857","115","B06-OBJ","Artifact & Architecture","head-toothbrush-fresh","代表画像を目視確認した主要頭部モチーフ: toothbrush-fresh","B06-OBJ__Artifact_&_Architecture/noun-1857__head-toothbrush-fresh.png","visual audit of representative image for each of 258 head types"
"1856","116","B06-OBJ","Artifact & Architecture","head-pirateship","代表画像を目視確認した主要頭部モチーフ: pirateship","B06-OBJ__Artifact_&_Architecture/noun-1856__head-pirateship.png","visual audit of representative image for each of 258 head types"
"1855","117","B09-ECH","Secret Echo","head-chart-bars","代表画像を目視確認した主要頭部モチーフ: chart-bars","B09-ECH__Secret_Echo/noun-1855__head-chart-bars.png","visual audit of representative image for each of 258 head types"
"1854","118","B06-OBJ","Artifact & Architecture","head-factory-dark","代表画像を目視確認した主要頭部モチーフ: factory-dark","B06-OBJ__Artifact_&_Architecture/noun-1854__head-factory-dark.png","visual audit of representative image for each of 258 head types"
"1853","119","B09-ECH","Secret Echo","head-chart-bars","代表画像を目視確認した主要頭部モチーフ: chart-bars","B09-ECH__Secret_Echo/noun-1853__head-chart-bars.png","visual audit of representative image for each of 258 head types"
"1852","120","B06-OBJ","Artifact & Architecture","head-pill","代表画像を目視確認した主要頭部モチーフ: pill","B06-OBJ__Artifact_&_Architecture/noun-1852__head-pill.png","visual audit of representative image for each of 258 head types"
"1851","121","B06-OBJ","Artifact & Architecture","head-backpack","代表画像を目視確認した主要頭部モチーフ: backpack","B06-OBJ__Artifact_&_Architecture/noun-1851__head-backpack.png","visual audit of representative image for each of 258 head types"
"1850","122","B06-OBJ","Artifact & Architecture","head-clutch","代表画像を目視確認した主要頭部モチーフ: clutch","B06-OBJ__Artifact_&_Architecture/noun-1850__head-clutch.png","visual audit of representative image for each of 258 head types"
"1849","123","B06-OBJ","Artifact & Architecture","head-trashcan","代表画像を目視確認した主要頭部モチーフ: trashcan","B06-OBJ__Artifact_&_Architecture/noun-1849__head-trashcan.png","visual audit of representative image for each of 258 head types"
"1848","124","B02-FAU","Fauna","head-duck","代表画像を目視確認した主要頭部モチーフ: duck","B02-FAU__Fauna/noun-1848__head-duck.png","visual audit of representative image for each of 258 head types"
"1847","125","B04-CUL","Culinary","head-coffeebean","代表画像を目視確認した主要頭部モチーフ: coffeebean","B04-CUL__Culinary/noun-1847__head-coffeebean.png","visual audit of representative image for each of 258 head types"
"1846","126","B02-FAU","Fauna","head-mouse","代表画像を目視確認した主要頭部モチーフ: mouse","B02-FAU__Fauna/noun-1846__head-mouse.png","visual audit of representative image for each of 258 head types"
"1845","127","B07-MAT","Material & Mineral","head-lint","代表画像を目視確認した主要頭部モチーフ: lint","B07-MAT__Material_&_Mineral/noun-1845__head-lint.png","visual audit of representative image for each of 258 head types"
"1844","128","B05-MEC","Machine","head-calculator","代表画像を目視確認した主要頭部モチーフ: calculator","B05-MEC__Machine/noun-1844__head-calculator.png","visual audit of representative image for each of 258 head types"
"1843","129","B06-OBJ","Artifact & Architecture","head-goldcoin","代表画像を目視確認した主要頭部モチーフ: goldcoin","B06-OBJ__Artifact_&_Architecture/noun-1843__head-goldcoin.png","visual audit of representative image for each of 258 head types"
"1842","130","B02-FAU","Fauna","head-zebra","代表画像を目視確認した主要頭部モチーフ: zebra","B02-FAU__Fauna/noun-1842__head-zebra.png","visual audit of representative image for each of 258 head types"
"1841","131","B04-CUL","Culinary","head-blueberry","代表画像を目視確認した主要頭部モチーフ: blueberry","B04-CUL__Culinary/noun-1841__head-blueberry.png","visual audit of representative image for each of 258 head types"
"1840","132","B07-MAT","Material & Mineral","head-diamond-blue","代表画像を目視確認した主要頭部モチーフ: diamond-blue","B07-MAT__Material_&_Mineral/noun-1840__head-diamond-blue.png","visual audit of representative image for each of 258 head types"
"1839","133","B06-OBJ","Artifact & Architecture","head-hockeypuck","代表画像を目視確認した主要頭部モチーフ: hockeypuck","B06-OBJ__Artifact_&_Architecture/noun-1839__head-hockeypuck.png","visual audit of representative image for each of 258 head types"
"1838","134","B02-FAU","Fauna","head-dino","代表画像を目視確認した主要頭部モチーフ: dino","B02-FAU__Fauna/noun-1838__head-dino.png","visual audit of representative image for each of 258 head types"
"1837","135","B10-ANO","Secret Anomaly","head-ghost-B","代表画像を目視確認した主要頭部モチーフ: ghost-B","B10-ANO__Secret_Anomaly/noun-1837__head-ghost-B.png","visual audit of representative image for each of 258 head types"
"1836","136","B05-MEC","Machine","head-bomb","代表画像を目視確認した主要頭部モチーフ: bomb","B05-MEC__Machine/noun-1836__head-bomb.png","visual audit of representative image for each of 258 head types"
"1835","137","B09-ECH","Secret Echo","head-chart-bars","代表画像を目視確認した主要頭部モチーフ: chart-bars","B09-ECH__Secret_Echo/noun-1835__head-chart-bars.png","visual audit of representative image for each of 258 head types"
"1834","138","B09-ECH","Secret Echo","head-heart","代表画像を目視確認した主要頭部モチーフ: heart","B09-ECH__Secret_Echo/noun-1834__head-heart.png","visual audit of representative image for each of 258 head types"
"1833","139","B04-CUL","Culinary","head-icepop-b","代表画像を目視確認した主要頭部モチーフ: icepop-b","B04-CUL__Culinary/noun-1833__head-icepop-b.png","visual audit of representative image for each of 258 head types"
"1832","140","B09-ECH","Secret Echo","head-heart","代表画像を目視確認した主要頭部モチーフ: heart","B09-ECH__Secret_Echo/noun-1832__head-heart.png","visual audit of representative image for each of 258 head types"
"1831","141","B06-OBJ","Artifact & Architecture","head-cd","代表画像を目視確認した主要頭部モチーフ: cd","B06-OBJ__Artifact_&_Architecture/noun-1831__head-cd.png","visual audit of representative image for each of 258 head types"
"1830","142","B05-MEC","Machine","head-fax-machine","代表画像を目視確認した主要頭部モチーフ: fax-machine","B05-MEC__Machine/noun-1830__head-fax-machine.png","visual audit of representative image for each of 258 head types"
"1829","143","B04-CUL","Culinary","head-peanut","代表画像を目視確認した主要頭部モチーフ: peanut","B04-CUL__Culinary/noun-1829__head-peanut.png","visual audit of representative image for each of 258 head types"
"1828","144","B05-MEC","Machine","head-robot","代表画像を目視確認した主要頭部モチーフ: robot","B05-MEC__Machine/noun-1828__head-robot.png","visual audit of representative image for each of 258 head types"
"1827","145","B04-CUL","Culinary","head-milk","代表画像を目視確認した主要頭部モチーフ: milk","B04-CUL__Culinary/noun-1827__head-milk.png","visual audit of representative image for each of 258 head types"
"1826","146","B03-FLO","Flora & Fungi","head-weed","代表画像を目視確認した主要頭部モチーフ: weed","B03-FLO__Flora_&_Fungi/noun-1826__head-weed.png","visual audit of representative image for each of 258 head types"
"1825","147","B02-FAU","Fauna","head-beluga","代表画像を目視確認した主要頭部モチーフ: beluga","B02-FAU__Fauna/noun-1825__head-beluga.png","visual audit of representative image for each of 258 head types"
"1824","148","B04-CUL","Culinary","head-cotton-candy","代表画像を目視確認した主要頭部モチーフ: cotton-candy","B04-CUL__Culinary/noun-1824__head-cotton-candy.png","visual audit of representative image for each of 258 head types"
"1823","149","B06-OBJ","Artifact & Architecture","head-ruler-triangular","代表画像を目視確認した主要頭部モチーフ: ruler-triangular","B06-OBJ__Artifact_&_Architecture/noun-1823__head-ruler-triangular.png","visual audit of representative image for each of 258 head types"
"1822","150","B05-MEC","Machine","head-washingmachine","代表画像を目視確認した主要頭部モチーフ: washingmachine","B05-MEC__Machine/noun-1822__head-washingmachine.png","visual audit of representative image for each of 258 head types"
"1821","151","B04-CUL","Culinary","head-pie","代表画像を目視確認した主要頭部モチーフ: pie","B04-CUL__Culinary/noun-1821__head-pie.png","visual audit of representative image for each of 258 head types"
"1820","152","B02-FAU","Fauna","head-raven","代表画像を目視確認した主要頭部モチーフ: raven","B02-FAU__Fauna/noun-1820__head-raven.png","visual audit of representative image for each of 258 head types"
"1819","153","B03-FLO","Flora & Fungi","head-fir","代表画像を目視確認した主要頭部モチーフ: fir","B03-FLO__Flora_&_Fungi/noun-1819__head-fir.png","visual audit of representative image for each of 258 head types"
"1818","154","B07-MAT","Material & Mineral","head-rock","代表画像を目視確認した主要頭部モチーフ: rock","B07-MAT__Material_&_Mineral/noun-1818__head-rock.png","visual audit of representative image for each of 258 head types"
"1817","155","B04-CUL","Culinary","head-icepop-b","代表画像を目視確認した主要頭部モチーフ: icepop-b","B04-CUL__Culinary/noun-1817__head-icepop-b.png","visual audit of representative image for each of 258 head types"
"1816","156","B02-FAU","Fauna","head-ducky","代表画像を目視確認した主要頭部モチーフ: ducky","B02-FAU__Fauna/noun-1816__head-ducky.png","visual audit of representative image for each of 258 head types"
"1815","157","B04-CUL","Culinary","head-cannedham","代表画像を目視確認した主要頭部モチーフ: cannedham","B04-CUL__Culinary/noun-1815__head-cannedham.png","visual audit of representative image for each of 258 head types"
"1814","158","B06-OBJ","Artifact & Architecture","head-wallet","代表画像を目視確認した主要頭部モチーフ: wallet","B06-OBJ__Artifact_&_Architecture/noun-1814__head-wallet.png","visual audit of representative image for each of 258 head types"
"1813","159","B09-ECH","Secret Echo","head-rgb","代表画像を目視確認した主要頭部モチーフ: rgb","B09-ECH__Secret_Echo/noun-1813__head-rgb.png","visual audit of representative image for each of 258 head types"
"1812","160","B06-OBJ","Artifact & Architecture","head-pillow","代表画像を目視確認した主要頭部モチーフ: pillow","B06-OBJ__Artifact_&_Architecture/noun-1812__head-pillow.png","visual audit of representative image for each of 258 head types"
"1811","161","B06-OBJ","Artifact & Architecture","head-toiletpaper-full","代表画像を目視確認した主要頭部モチーフ: toiletpaper-full","B06-OBJ__Artifact_&_Architecture/noun-1811__head-toiletpaper-full.png","visual audit of representative image for each of 258 head types"
"1810","162","B03-FLO","Flora & Fungi","head-weed","代表画像を目視確認した主要頭部モチーフ: weed","B03-FLO__Flora_&_Fungi/noun-1810__head-weed.png","visual audit of representative image for each of 258 head types"
"1809","163","B06-OBJ","Artifact & Architecture","head-toiletpaper-full","代表画像を目視確認した主要頭部モチーフ: toiletpaper-full","B06-OBJ__Artifact_&_Architecture/noun-1809__head-toiletpaper-full.png","visual audit of representative image for each of 258 head types"
"1808","164","B06-OBJ","Artifact & Architecture","head-fence","代表画像を目視確認した主要頭部モチーフ: fence","B06-OBJ__Artifact_&_Architecture/noun-1808__head-fence.png","visual audit of representative image for each of 258 head types"
"1807","165","B06-OBJ","Artifact & Architecture","head-index-card","代表画像を目視確認した主要頭部モチーフ: index-card","B06-OBJ__Artifact_&_Architecture/noun-1807__head-index-card.png","visual audit of representative image for each of 258 head types"
"1806","166","B06-OBJ","Artifact & Architecture","head-chefhat","代表画像を目視確認した主要頭部モチーフ: chefhat","B06-OBJ__Artifact_&_Architecture/noun-1806__head-chefhat.png","visual audit of representative image for each of 258 head types"
"1805","167","B02-FAU","Fauna","head-mosquito","代表画像を目視確認した主要頭部モチーフ: mosquito","B02-FAU__Fauna/noun-1805__head-mosquito.png","visual audit of representative image for each of 258 head types"
"1804","168","B05-MEC","Machine","head-drill","代表画像を目視確認した主要頭部モチーフ: drill","B05-MEC__Machine/noun-1804__head-drill.png","visual audit of representative image for each of 258 head types"
"1803","169","B02-FAU","Fauna","head-green-snake","代表画像を目視確認した主要頭部モチーフ: green-snake","B02-FAU__Fauna/noun-1803__head-green-snake.png","visual audit of representative image for each of 258 head types"
"1802","170","B02-FAU","Fauna","head-squid","代表画像を目視確認した主要頭部モチーフ: squid","B02-FAU__Fauna/noun-1802__head-squid.png","visual audit of representative image for each of 258 head types"
"1801","171","B04-CUL","Culinary","head-doughnut","代表画像を目視確認した主要頭部モチーフ: doughnut","B04-CUL__Culinary/noun-1801__head-doughnut.png","visual audit of representative image for each of 258 head types"
"1800","172","B04-CUL","Culinary","head-shrimp-tempura","代表画像を目視確認した主要頭部モチーフ: shrimp-tempura","B04-CUL__Culinary/noun-1800__head-shrimp-tempura.png","visual audit of representative image for each of 258 head types"
"1799","173","B01-HUM","Humanoid","head-lips","代表画像を目視確認した主要頭部モチーフ: lips","B01-HUM__Humanoid/noun-1799__head-lips.png","visual audit of representative image for each of 258 head types"
"1798","174","B02-FAU","Fauna","head-scorpion","代表画像を目視確認した主要頭部モチーフ: scorpion","B02-FAU__Fauna/noun-1798__head-scorpion.png","visual audit of representative image for each of 258 head types"
"1797","175","B02-FAU","Fauna","head-chameleon","代表画像を目視確認した主要頭部モチーフ: chameleon","B02-FAU__Fauna/noun-1797__head-chameleon.png","visual audit of representative image for each of 258 head types"
"1796","176","B06-OBJ","Artifact & Architecture","head-volleyball","代表画像を目視確認した主要頭部モチーフ: volleyball","B06-OBJ__Artifact_&_Architecture/noun-1796__head-volleyball.png","visual audit of representative image for each of 258 head types"
"1795","177","B06-OBJ","Artifact & Architecture","head-cone","代表画像を目視確認した主要頭部モチーフ: cone","B06-OBJ__Artifact_&_Architecture/noun-1795__head-cone.png","visual audit of representative image for each of 258 head types"
"1794","178","B06-OBJ","Artifact & Architecture","head-piano","代表画像を目視確認した主要頭部モチーフ: piano","B06-OBJ__Artifact_&_Architecture/noun-1794__head-piano.png","visual audit of representative image for each of 258 head types"
"1793","179","B06-OBJ","Artifact & Architecture","head-boot","代表画像を目視確認した主要頭部モチーフ: boot","B06-OBJ__Artifact_&_Architecture/noun-1793__head-boot.png","visual audit of representative image for each of 258 head types"
"1792","180","B06-OBJ","Artifact & Architecture","head-queencrown","代表画像を目視確認した主要頭部モチーフ: queencrown","B06-OBJ__Artifact_&_Architecture/noun-1792__head-queencrown.png","visual audit of representative image for each of 258 head types"
"1791","181","B08-NAT","Nature & Element","head-saturn","代表画像を目視確認した主要頭部モチーフ: saturn","B08-NAT__Nature_&_Element/noun-1791__head-saturn.png","visual audit of representative image for each of 258 head types"
"1790","182","B08-NAT","Nature & Element","head-island","代表画像を目視確認した主要頭部モチーフ: island","B08-NAT__Nature_&_Element/noun-1790__head-island.png","visual audit of representative image for each of 258 head types"
"1789","183","B05-MEC","Machine","head-taxi","代表画像を目視確認した主要頭部モチーフ: taxi","B05-MEC__Machine/noun-1789__head-taxi.png","visual audit of representative image for each of 258 head types"
"1788","184","B06-OBJ","Artifact & Architecture","head-pill","代表画像を目視確認した主要頭部モチーフ: pill","B06-OBJ__Artifact_&_Architecture/noun-1788__head-pill.png","visual audit of representative image for each of 258 head types"
"1787","185","B08-NAT","Nature & Element","head-earth","代表画像を目視確認した主要頭部モチーフ: earth","B08-NAT__Nature_&_Element/noun-1787__head-earth.png","visual audit of representative image for each of 258 head types"
"1786","186","B06-OBJ","Artifact & Architecture","head-ruler-triangular","代表画像を目視確認した主要頭部モチーフ: ruler-triangular","B06-OBJ__Artifact_&_Architecture/noun-1786__head-ruler-triangular.png","visual audit of representative image for each of 258 head types"
"1785","187","B04-CUL","Culinary","head-pie","代表画像を目視確認した主要頭部モチーフ: pie","B04-CUL__Culinary/noun-1785__head-pie.png","visual audit of representative image for each of 258 head types"
"1784","188","B05-MEC","Machine","head-drill","代表画像を目視確認した主要頭部モチーフ: drill","B05-MEC__Machine/noun-1784__head-drill.png","visual audit of representative image for each of 258 head types"
"1783","189","B03-FLO","Flora & Fungi","head-flower","代表画像を目視確認した主要頭部モチーフ: flower","B03-FLO__Flora_&_Fungi/noun-1783__head-flower.png","visual audit of representative image for each of 258 head types"
"1782","190","B01-HUM","Humanoid","head-gnome","代表画像を目視確認した主要頭部モチーフ: gnome","B01-HUM__Humanoid/noun-1782__head-gnome.png","visual audit of representative image for each of 258 head types"
"1781","191","B05-MEC","Machine","head-helicopter","代表画像を目視確認した主要頭部モチーフ: helicopter","B05-MEC__Machine/noun-1781__head-helicopter.png","visual audit of representative image for each of 258 head types"
"1780","192","B02-FAU","Fauna","head-dino","代表画像を目視確認した主要頭部モチーフ: dino","B02-FAU__Fauna/noun-1780__head-dino.png","visual audit of representative image for each of 258 head types"
"1779","193","B06-OBJ","Artifact & Architecture","head-sand-castle","代表画像を目視確認した主要頭部モチーフ: sand-castle","B06-OBJ__Artifact_&_Architecture/noun-1779__head-sand-castle.png","visual audit of representative image for each of 258 head types"
"1778","194","B06-OBJ","Artifact & Architecture","head-crystalball","代表画像を目視確認した主要頭部モチーフ: crystalball","B06-OBJ__Artifact_&_Architecture/noun-1778__head-crystalball.png","visual audit of representative image for each of 258 head types"
"1777","195","B04-CUL","Culinary","head-watermelon","代表画像を目視確認した主要頭部モチーフ: watermelon","B04-CUL__Culinary/noun-1777__head-watermelon.png","visual audit of representative image for each of 258 head types"
"1776","196","B09-ECH","Secret Echo","head-chart-bars","代表画像を目視確認した主要頭部モチーフ: chart-bars","B09-ECH__Secret_Echo/noun-1776__head-chart-bars.png","visual audit of representative image for each of 258 head types"
"1775","197","B06-OBJ","Artifact & Architecture","head-couch","代表画像を目視確認した主要頭部モチーフ: couch","B06-OBJ__Artifact_&_Architecture/noun-1775__head-couch.png","visual audit of representative image for each of 258 head types"
"1774","198","B06-OBJ","Artifact & Architecture","head-hardhat","代表画像を目視確認した主要頭部モチーフ: hardhat","B06-OBJ__Artifact_&_Architecture/noun-1774__head-hardhat.png","visual audit of representative image for each of 258 head types"
"1773","199","B06-OBJ","Artifact & Architecture","head-chain","代表画像を目視確認した主要頭部モチーフ: chain","B06-OBJ__Artifact_&_Architecture/noun-1773__head-chain.png","visual audit of representative image for each of 258 head types"
"1772","200","B04-CUL","Culinary","head-porkbao","代表画像を目視確認した主要頭部モチーフ: porkbao","B04-CUL__Culinary/noun-1772__head-porkbao.png","visual audit of representative image for each of 258 head types"
"1771","201","B05-MEC","Machine","head-fax-machine","代表画像を目視確認した主要頭部モチーフ: fax-machine","B05-MEC__Machine/noun-1771__head-fax-machine.png","visual audit of representative image for each of 258 head types"
"1770","202","B04-CUL","Culinary","head-garlic","代表画像を目視確認した主要頭部モチーフ: garlic","B04-CUL__Culinary/noun-1770__head-garlic.png","visual audit of representative image for each of 258 head types"
"1769","203","B04-CUL","Culinary","head-chocolate","代表画像を目視確認した主要頭部モチーフ: chocolate","B04-CUL__Culinary/noun-1769__head-chocolate.png","visual audit of representative image for each of 258 head types"
"1768","204","B05-MEC","Machine","head-camcorder","代表画像を目視確認した主要頭部モチーフ: camcorder","B05-MEC__Machine/noun-1768__head-camcorder.png","visual audit of representative image for each of 258 head types"
"1767","205","B06-OBJ","Artifact & Architecture","head-paperclip","代表画像を目視確認した主要頭部モチーフ: paperclip","B06-OBJ__Artifact_&_Architecture/noun-1767__head-paperclip.png","visual audit of representative image for each of 258 head types"
"1766","206","B06-OBJ","Artifact & Architecture","head-sock","代表画像を目視確認した主要頭部モチーフ: sock","B06-OBJ__Artifact_&_Architecture/noun-1766__head-sock.png","visual audit of representative image for each of 258 head types"
"1765","207","B06-OBJ","Artifact & Architecture","head-sand-castle","代表画像を目視確認した主要頭部モチーフ: sand-castle","B06-OBJ__Artifact_&_Architecture/noun-1765__head-sand-castle.png","visual audit of representative image for each of 258 head types"
"1764","208","B05-MEC","Machine","head-chipboard","代表画像を目視確認した主要頭部モチーフ: chipboard","B05-MEC__Machine/noun-1764__head-chipboard.png","visual audit of representative image for each of 258 head types"
"1763","209","B10-ANO","Secret Anomaly","head-skeleton-hat","代表画像を目視確認した主要頭部モチーフ: skeleton-hat","B10-ANO__Secret_Anomaly/noun-1763__head-skeleton-hat.png","visual audit of representative image for each of 258 head types"
"1762","210","B06-OBJ","Artifact & Architecture","head-volleyball","代表画像を目視確認した主要頭部モチーフ: volleyball","B06-OBJ__Artifact_&_Architecture/noun-1762__head-volleyball.png","visual audit of representative image for each of 258 head types"
"1761","211","B08-NAT","Nature & Element","head-moon","代表画像を目視確認した主要頭部モチーフ: moon","B08-NAT__Nature_&_Element/noun-1761__head-moon.png","visual audit of representative image for each of 258 head types"
"1760","212","B05-MEC","Machine","head-crane","代表画像を目視確認した主要頭部モチーフ: crane","B05-MEC__Machine/noun-1760__head-crane.png","visual audit of representative image for each of 258 head types"
"1759","213","B05-MEC","Machine","head-laptop","代表画像を目視確認した主要頭部モチーフ: laptop","B05-MEC__Machine/noun-1759__head-laptop.png","visual audit of representative image for each of 258 head types"
"1758","214","B06-OBJ","Artifact & Architecture","head-boot","代表画像を目視確認した主要頭部モチーフ: boot","B06-OBJ__Artifact_&_Architecture/noun-1758__head-boot.png","visual audit of representative image for each of 258 head types"
"1757","215","B04-CUL","Culinary","head-wine","代表画像を目視確認した主要頭部モチーフ: wine","B04-CUL__Culinary/noun-1757__head-wine.png","visual audit of representative image for each of 258 head types"
"1756","216","B02-FAU","Fauna","head-tiger","代表画像を目視確認した主要頭部モチーフ: tiger","B02-FAU__Fauna/noun-1756__head-tiger.png","visual audit of representative image for each of 258 head types"
"1755","217","B05-MEC","Machine","head-ufo","代表画像を目視確認した主要頭部モチーフ: ufo","B05-MEC__Machine/noun-1755__head-ufo.png","visual audit of representative image for each of 258 head types"
"1754","218","B02-FAU","Fauna","head-cat","代表画像を目視確認した主要頭部モチーフ: cat","B02-FAU__Fauna/noun-1754__head-cat.png","visual audit of representative image for each of 258 head types"
"1753","219","B06-OBJ","Artifact & Architecture","head-piano","代表画像を目視確認した主要頭部モチーフ: piano","B06-OBJ__Artifact_&_Architecture/noun-1753__head-piano.png","visual audit of representative image for each of 258 head types"
"1752","220","B04-CUL","Culinary","head-milk","代表画像を目視確認した主要頭部モチーフ: milk","B04-CUL__Culinary/noun-1752__head-milk.png","visual audit of representative image for each of 258 head types"
"1751","221","B02-FAU","Fauna","head-squid","代表画像を目視確認した主要頭部モチーフ: squid","B02-FAU__Fauna/noun-1751__head-squid.png","visual audit of representative image for each of 258 head types"
"1750","222","B02-FAU","Fauna","head-oyster","代表画像を目視確認した主要頭部モチーフ: oyster","B02-FAU__Fauna/noun-1750__head-oyster.png","visual audit of representative image for each of 258 head types"
"1749","223","B04-CUL","Culinary","head-cherry","代表画像を目視確認した主要頭部モチーフ: cherry","B04-CUL__Culinary/noun-1749__head-cherry.png","visual audit of representative image for each of 258 head types"
"1748","224","B06-OBJ","Artifact & Architecture","head-gavel","代表画像を目視確認した主要頭部モチーフ: gavel","B06-OBJ__Artifact_&_Architecture/noun-1748__head-gavel.png","visual audit of representative image for each of 258 head types"
"1747","225","B02-FAU","Fauna","head-whale","代表画像を目視確認した主要頭部モチーフ: whale","B02-FAU__Fauna/noun-1747__head-whale.png","visual audit of representative image for each of 258 head types"
"1746","226","B05-MEC","Machine","head-floppy-disk","代表画像を目視確認した主要頭部モチーフ: floppy-disk","B05-MEC__Machine/noun-1746__head-floppy-disk.png","visual audit of representative image for each of 258 head types"
"1745","227","B04-CUL","Culinary","head-cookie","代表画像を目視確認した主要頭部モチーフ: cookie","B04-CUL__Culinary/noun-1745__head-cookie.png","visual audit of representative image for each of 258 head types"
"1744","228","B04-CUL","Culinary","head-milk","代表画像を目視確認した主要頭部モチーフ: milk","B04-CUL__Culinary/noun-1744__head-milk.png","visual audit of representative image for each of 258 head types"
"1743","229","B04-CUL","Culinary","head-beet","代表画像を目視確認した主要頭部モチーフ: beet","B04-CUL__Culinary/noun-1743__head-beet.png","visual audit of representative image for each of 258 head types"
"1742","230","B06-OBJ","Artifact & Architecture","head-vent","代表画像を目視確認した主要頭部モチーフ: vent","B06-OBJ__Artifact_&_Architecture/noun-1742__head-vent.png","visual audit of representative image for each of 258 head types"
"1741","231","B04-CUL","Culinary","head-burger-dollarmenu","代表画像を目視確認した主要頭部モチーフ: burger-dollarmenu","B04-CUL__Culinary/noun-1741__head-burger-dollarmenu.png","visual audit of representative image for each of 258 head types"
"1740","232","B04-CUL","Culinary","head-burger-dollarmenu","代表画像を目視確認した主要頭部モチーフ: burger-dollarmenu","B04-CUL__Culinary/noun-1740__head-burger-dollarmenu.png","visual audit of representative image for each of 258 head types"
"1739","233","B02-FAU","Fauna","head-mouse","代表画像を目視確認した主要頭部モチーフ: mouse","B02-FAU__Fauna/noun-1739__head-mouse.png","visual audit of representative image for each of 258 head types"
"1738","234","B06-OBJ","Artifact & Architecture","head-trashcan","代表画像を目視確認した主要頭部モチーフ: trashcan","B06-OBJ__Artifact_&_Architecture/noun-1738__head-trashcan.png","visual audit of representative image for each of 258 head types"
"1737","235","B02-FAU","Fauna","head-croc-hat","代表画像を目視確認した主要頭部モチーフ: croc-hat","B02-FAU__Fauna/noun-1737__head-croc-hat.png","visual audit of representative image for each of 258 head types"
"1736","236","B06-OBJ","Artifact & Architecture","head-weight","代表画像を目視確認した主要頭部モチーフ: weight","B06-OBJ__Artifact_&_Architecture/noun-1736__head-weight.png","visual audit of representative image for each of 258 head types"
"1735","237","B04-CUL","Culinary","head-potato","代表画像を目視確認した主要頭部モチーフ: potato","B04-CUL__Culinary/noun-1735__head-potato.png","visual audit of representative image for each of 258 head types"
"1734","238","B03-FLO","Flora & Fungi","head-fir","代表画像を目視確認した主要頭部モチーフ: fir","B03-FLO__Flora_&_Fungi/noun-1734__head-fir.png","visual audit of representative image for each of 258 head types"
"1733","239","B07-MAT","Material & Mineral","head-diamond-red","代表画像を目視確認した主要頭部モチーフ: diamond-red","B07-MAT__Material_&_Mineral/noun-1733__head-diamond-red.png","visual audit of representative image for each of 258 head types"
"1732","240","B09-ECH","Secret Echo","head-smile","代表画像を目視確認した主要頭部モチーフ: smile","B09-ECH__Secret_Echo/noun-1732__head-smile.png","visual audit of representative image for each of 258 head types"
"1731","241","B06-OBJ","Artifact & Architecture","head-vent","代表画像を目視確認した主要頭部モチーフ: vent","B06-OBJ__Artifact_&_Architecture/noun-1731__head-vent.png","visual audit of representative image for each of 258 head types"
"1730","242","B02-FAU","Fauna","head-ape","代表画像を目視確認した主要頭部モチーフ: ape","B02-FAU__Fauna/noun-1730__head-ape.png","visual audit of representative image for each of 258 head types"
"1729","243","B02-FAU","Fauna","head-dino","代表画像を目視確認した主要頭部モチーフ: dino","B02-FAU__Fauna/noun-1729__head-dino.png","visual audit of representative image for each of 258 head types"
"1728","244","B06-OBJ","Artifact & Architecture","head-pyramid","代表画像を目視確認した主要頭部モチーフ: pyramid","B06-OBJ__Artifact_&_Architecture/noun-1728__head-pyramid.png","visual audit of representative image for each of 258 head types"
"1727","245","B06-OBJ","Artifact & Architecture","head-mirror","代表画像を目視確認した主要頭部モチーフ: mirror","B06-OBJ__Artifact_&_Architecture/noun-1727__head-mirror.png","visual audit of representative image for each of 258 head types"
"1726","246","B09-ECH","Secret Echo","head-smile","代表画像を目視確認した主要頭部モチーフ: smile","B09-ECH__Secret_Echo/noun-1726__head-smile.png","visual audit of representative image for each of 258 head types"
"1725","247","B05-MEC","Machine","head-microwave","代表画像を目視確認した主要頭部モチーフ: microwave","B05-MEC__Machine/noun-1725__head-microwave.png","visual audit of representative image for each of 258 head types"
"1724","248","B06-OBJ","Artifact & Architecture","head-clutch","代表画像を目視確認した主要頭部モチーフ: clutch","B06-OBJ__Artifact_&_Architecture/noun-1724__head-clutch.png","visual audit of representative image for each of 258 head types"
"1723","249","B04-CUL","Culinary","head-icepop-b","代表画像を目視確認した主要頭部モチーフ: icepop-b","B04-CUL__Culinary/noun-1723__head-icepop-b.png","visual audit of representative image for each of 258 head types"
"1722","250","B06-OBJ","Artifact & Architecture","head-firehydrant","代表画像を目視確認した主要頭部モチーフ: firehydrant","B06-OBJ__Artifact_&_Architecture/noun-1722__head-firehydrant.png","visual audit of representative image for each of 258 head types"
"1721","251","B06-OBJ","Artifact & Architecture","head-bell","代表画像を目視確認した主要頭部モチーフ: bell","B06-OBJ__Artifact_&_Architecture/noun-1721__head-bell.png","visual audit of representative image for each of 258 head types"
"1720","252","B01-HUM","Humanoid","head-tooth","代表画像を目視確認した主要頭部モチーフ: tooth","B01-HUM__Humanoid/noun-1720__head-tooth.png","visual audit of representative image for each of 258 head types"
"1719","253","B05-MEC","Machine","head-crt-bsod","代表画像を目視確認した主要頭部モチーフ: crt-bsod","B05-MEC__Machine/noun-1719__head-crt-bsod.png","visual audit of representative image for each of 258 head types"
"1718","254","B05-MEC","Machine","head-turing","代表画像を目視確認した主要頭部モチーフ: turing","B05-MEC__Machine/noun-1718__head-turing.png","visual audit of representative image for each of 258 head types"
"1717","255","B04-CUL","Culinary","head-blueberry","代表画像を目視確認した主要頭部モチーフ: blueberry","B04-CUL__Culinary/noun-1717__head-blueberry.png","visual audit of representative image for each of 258 head types"
"1716","256","B04-CUL","Culinary","head-wine","代表画像を目視確認した主要頭部モチーフ: wine","B04-CUL__Culinary/noun-1716__head-wine.png","visual audit of representative image for each of 258 head types"
"1715","257","B04-CUL","Culinary","head-pickle","代表画像を目視確認した主要頭部モチーフ: pickle","B04-CUL__Culinary/noun-1715__head-pickle.png","visual audit of representative image for each of 258 head types"
"1714","258","B07-MAT","Material & Mineral","head-rock","代表画像を目視確認した主要頭部モチーフ: rock","B07-MAT__Material_&_Mineral/noun-1714__head-rock.png","visual audit of representative image for each of 258 head types"
"1713","259","B04-CUL","Culinary","head-milk","代表画像を目視確認した主要頭部モチーフ: milk","B04-CUL__Culinary/noun-1713__head-milk.png","visual audit of representative image for each of 258 head types"
"1712","260","B06-OBJ","Artifact & Architecture","head-wallet","代表画像を目視確認した主要頭部モチーフ: wallet","B06-OBJ__Artifact_&_Architecture/noun-1712__head-wallet.png","visual audit of representative image for each of 258 head types"
"1711","261","B02-FAU","Fauna","head-squid","代表画像を目視確認した主要頭部モチーフ: squid","B02-FAU__Fauna/noun-1711__head-squid.png","visual audit of representative image for each of 258 head types"
"1710","262","B05-MEC","Machine","head-fax-machine","代表画像を目視確認した主要頭部モチーフ: fax-machine","B05-MEC__Machine/noun-1710__head-fax-machine.png","visual audit of representative image for each of 258 head types"
"1709","263","B03-FLO","Flora & Fungi","head-bonsai","代表画像を目視確認した主要頭部モチーフ: bonsai","B03-FLO__Flora_&_Fungi/noun-1709__head-bonsai.png","visual audit of representative image for each of 258 head types"
"1708","264","B08-NAT","Nature & Element","head-star-sparkles","代表画像を目視確認した主要頭部モチーフ: star-sparkles","B08-NAT__Nature_&_Element/noun-1708__head-star-sparkles.png","visual audit of representative image for each of 258 head types"
"1707","265","B02-FAU","Fauna","head-croc-hat","代表画像を目視確認した主要頭部モチーフ: croc-hat","B02-FAU__Fauna/noun-1707__head-croc-hat.png","visual audit of representative image for each of 258 head types"
"1706","266","B01-HUM","Humanoid","head-hair","代表画像を目視確認した主要頭部モチーフ: hair","B01-HUM__Humanoid/noun-1706__head-hair.png","visual audit of representative image for each of 258 head types"
"1705","267","B06-OBJ","Artifact & Architecture","head-cassettetape","代表画像を目視確認した主要頭部モチーフ: cassettetape","B06-OBJ__Artifact_&_Architecture/noun-1705__head-cassettetape.png","visual audit of representative image for each of 258 head types"
"1704","268","B04-CUL","Culinary","head-pickle","代表画像を目視確認した主要頭部モチーフ: pickle","B04-CUL__Culinary/noun-1704__head-pickle.png","visual audit of representative image for each of 258 head types"
"1703","269","B04-CUL","Culinary","head-peanut","代表画像を目視確認した主要頭部モチーフ: peanut","B04-CUL__Culinary/noun-1703__head-peanut.png","visual audit of representative image for each of 258 head types"
"1702","270","B06-OBJ","Artifact & Architecture","head-cd","代表画像を目視確認した主要頭部モチーフ: cd","B06-OBJ__Artifact_&_Architecture/noun-1702__head-cd.png","visual audit of representative image for each of 258 head types"
"1701","271","B05-MEC","Machine","head-fax-machine","代表画像を目視確認した主要頭部モチーフ: fax-machine","B05-MEC__Machine/noun-1701__head-fax-machine.png","visual audit of representative image for each of 258 head types"
"1700","272","B06-OBJ","Artifact & Architecture","head-wine-barrel","代表画像を目視確認した主要頭部モチーフ: wine-barrel","B06-OBJ__Artifact_&_Architecture/noun-1700__head-wine-barrel.png","visual audit of representative image for each of 258 head types"
"1699","273","B02-FAU","Fauna","head-orangutan","代表画像を目視確認した主要頭部モチーフ: orangutan","B02-FAU__Fauna/noun-1699__head-orangutan.png","visual audit of representative image for each of 258 head types"
"1698","274","B05-MEC","Machine","head-drill","代表画像を目視確認した主要頭部モチーフ: drill","B05-MEC__Machine/noun-1698__head-drill.png","visual audit of representative image for each of 258 head types"
"1697","275","B05-MEC","Machine","head-bomb","代表画像を目視確認した主要頭部モチーフ: bomb","B05-MEC__Machine/noun-1697__head-bomb.png","visual audit of representative image for each of 258 head types"
"1696","276","B06-OBJ","Artifact & Architecture","head-hardhat","代表画像を目視確認した主要頭部モチーフ: hardhat","B06-OBJ__Artifact_&_Architecture/noun-1696__head-hardhat.png","visual audit of representative image for each of 258 head types"
"1695","277","B02-FAU","Fauna","head-oyster","代表画像を目視確認した主要頭部モチーフ: oyster","B02-FAU__Fauna/noun-1695__head-oyster.png","visual audit of representative image for each of 258 head types"
"1694","278","B06-OBJ","Artifact & Architecture","head-boot","代表画像を目視確認した主要頭部モチーフ: boot","B06-OBJ__Artifact_&_Architecture/noun-1694__head-boot.png","visual audit of representative image for each of 258 head types"
"1693","279","B01-HUM","Humanoid","head-thumbsup","代表画像を目視確認した主要頭部モチーフ: thumbsup","B01-HUM__Humanoid/noun-1693__head-thumbsup.png","visual audit of representative image for each of 258 head types"
"1692","280","B04-CUL","Culinary","head-banana","代表画像を目視確認した主要頭部モチーフ: banana","B04-CUL__Culinary/noun-1692__head-banana.png","visual audit of representative image for each of 258 head types"
"1691","281","B06-OBJ","Artifact & Architecture","head-watch","代表画像を目視確認した主要頭部モチーフ: watch","B06-OBJ__Artifact_&_Architecture/noun-1691__head-watch.png","visual audit of representative image for each of 258 head types"
"1690","282","B05-MEC","Machine","head-satellite","代表画像を目視確認した主要頭部モチーフ: satellite","B05-MEC__Machine/noun-1690__head-satellite.png","visual audit of representative image for each of 258 head types"
"1689","283","B07-MAT","Material & Mineral","head-sponge","代表画像を目視確認した主要頭部モチーフ: sponge","B07-MAT__Material_&_Mineral/noun-1689__head-sponge.png","visual audit of representative image for each of 258 head types"
"1688","284","B02-FAU","Fauna","head-shark","代表画像を目視確認した主要頭部モチーフ: shark","B02-FAU__Fauna/noun-1688__head-shark.png","visual audit of representative image for each of 258 head types"
"1687","285","B04-CUL","Culinary","head-pineapple","代表画像を目視確認した主要頭部モチーフ: pineapple","B04-CUL__Culinary/noun-1687__head-pineapple.png","visual audit of representative image for each of 258 head types"
"1686","286","B06-OBJ","Artifact & Architecture","head-igloo","代表画像を目視確認した主要頭部モチーフ: igloo","B06-OBJ__Artifact_&_Architecture/noun-1686__head-igloo.png","visual audit of representative image for each of 258 head types"
"1685","287","B06-OBJ","Artifact & Architecture","head-outlet","代表画像を目視確認した主要頭部モチーフ: outlet","B06-OBJ__Artifact_&_Architecture/noun-1685__head-outlet.png","visual audit of representative image for each of 258 head types"
"1684","288","B02-FAU","Fauna","head-aardvark","代表画像を目視確認した主要頭部モチーフ: aardvark","B02-FAU__Fauna/noun-1684__head-aardvark.png","visual audit of representative image for each of 258 head types"
"1683","289","B08-NAT","Nature & Element","head-mountain-snowcap","代表画像を目視確認した主要頭部モチーフ: mountain-snowcap","B08-NAT__Nature_&_Element/noun-1683__head-mountain-snowcap.png","visual audit of representative image for each of 258 head types"
"1682","290","B06-OBJ","Artifact & Architecture","head-paper-bag","代表画像を目視確認した主要頭部モチーフ: paper-bag","B06-OBJ__Artifact_&_Architecture/noun-1682__head-paper-bag.png","visual audit of representative image for each of 258 head types"
"1681","291","B03-FLO","Flora & Fungi","head-mushroom","代表画像を目視確認した主要頭部モチーフ: mushroom","B03-FLO__Flora_&_Fungi/noun-1681__head-mushroom.png","visual audit of representative image for each of 258 head types"
"1680","292","B04-CUL","Culinary","head-chilli","代表画像を目視確認した主要頭部モチーフ: chilli","B04-CUL__Culinary/noun-1680__head-chilli.png","visual audit of representative image for each of 258 head types"
"1679","293","B06-OBJ","Artifact & Architecture","head-pyramid","代表画像を目視確認した主要頭部モチーフ: pyramid","B06-OBJ__Artifact_&_Architecture/noun-1679__head-pyramid.png","visual audit of representative image for each of 258 head types"
"1678","294","B05-MEC","Machine","head-skilift","代表画像を目視確認した主要頭部モチーフ: skilift","B05-MEC__Machine/noun-1678__head-skilift.png","visual audit of representative image for each of 258 head types"
"1677","295","B05-MEC","Machine","head-cordlessphone","代表画像を目視確認した主要頭部モチーフ: cordlessphone","B05-MEC__Machine/noun-1677__head-cordlessphone.png","visual audit of representative image for each of 258 head types"
"1676","296","B04-CUL","Culinary","head-pumpkin","代表画像を目視確認した主要頭部モチーフ: pumpkin","B04-CUL__Culinary/noun-1676__head-pumpkin.png","visual audit of representative image for each of 258 head types"
"1675","297","B05-MEC","Machine","head-toaster","代表画像を目視確認した主要頭部モチーフ: toaster","B05-MEC__Machine/noun-1675__head-toaster.png","visual audit of representative image for each of 258 head types"
"1674","298","B06-OBJ","Artifact & Architecture","head-index-card","代表画像を目視確認した主要頭部モチーフ: index-card","B06-OBJ__Artifact_&_Architecture/noun-1674__head-index-card.png","visual audit of representative image for each of 258 head types"
"1673","299","B02-FAU","Fauna","head-dog","代表画像を目視確認した主要頭部モチーフ: dog","B02-FAU__Fauna/noun-1673__head-dog.png","visual audit of representative image for each of 258 head types"
"1672","300","B06-OBJ","Artifact & Architecture","head-cd","代表画像を目視確認した主要頭部モチーフ: cd","B06-OBJ__Artifact_&_Architecture/noun-1672__head-cd.png","visual audit of representative image for each of 258 head types"
"1671","301","B02-FAU","Fauna","head-green-snake","代表画像を目視確認した主要頭部モチーフ: green-snake","B02-FAU__Fauna/noun-1671__head-green-snake.png","visual audit of representative image for each of 258 head types"
"1670","302","B04-CUL","Culinary","head-beet","代表画像を目視確認した主要頭部モチーフ: beet","B04-CUL__Culinary/noun-1670__head-beet.png","visual audit of representative image for each of 258 head types"
"1669","303","B01-HUM","Humanoid","head-tooth","代表画像を目視確認した主要頭部モチーフ: tooth","B01-HUM__Humanoid/noun-1669__head-tooth.png","visual audit of representative image for each of 258 head types"
"1668","304","B06-OBJ","Artifact & Architecture","head-weight","代表画像を目視確認した主要頭部モチーフ: weight","B06-OBJ__Artifact_&_Architecture/noun-1668__head-weight.png","visual audit of representative image for each of 258 head types"
"1667","305","B05-MEC","Machine","head-vending-machine","代表画像を目視確認した主要頭部モチーフ: vending-machine","B05-MEC__Machine/noun-1667__head-vending-machine.png","visual audit of representative image for each of 258 head types"
"1666","306","B06-OBJ","Artifact & Architecture","head-highheel","代表画像を目視確認した主要頭部モチーフ: highheel","B06-OBJ__Artifact_&_Architecture/noun-1666__head-highheel.png","visual audit of representative image for each of 258 head types"
"1665","307","B04-CUL","Culinary","head-pop","代表画像を目視確認した主要頭部モチーフ: pop","B04-CUL__Culinary/noun-1665__head-pop.png","visual audit of representative image for each of 258 head types"
"1664","308","B03-FLO","Flora & Fungi","head-fir","代表画像を目視確認した主要頭部モチーフ: fir","B03-FLO__Flora_&_Fungi/noun-1664__head-fir.png","visual audit of representative image for each of 258 head types"
"1663","309","B04-CUL","Culinary","head-doughnut","代表画像を目視確認した主要頭部モチーフ: doughnut","B04-CUL__Culinary/noun-1663__head-doughnut.png","visual audit of representative image for each of 258 head types"
"1662","310","B02-FAU","Fauna","head-squid","代表画像を目視確認した主要頭部モチーフ: squid","B02-FAU__Fauna/noun-1662__head-squid.png","visual audit of representative image for each of 258 head types"
"1661","311","B05-MEC","Machine","head-fax-machine","代表画像を目視確認した主要頭部モチーフ: fax-machine","B05-MEC__Machine/noun-1661__head-fax-machine.png","visual audit of representative image for each of 258 head types"
"1660","312","B05-MEC","Machine","head-fax-machine","代表画像を目視確認した主要頭部モチーフ: fax-machine","B05-MEC__Machine/noun-1660__head-fax-machine.png","visual audit of representative image for each of 258 head types"
"1659","313","B04-CUL","Culinary","head-nigiri","代表画像を目視確認した主要頭部モチーフ: nigiri","B04-CUL__Culinary/noun-1659__head-nigiri.png","visual audit of representative image for each of 258 head types"
"1658","314","B06-OBJ","Artifact & Architecture","head-fence","代表画像を目視確認した主要頭部モチーフ: fence","B06-OBJ__Artifact_&_Architecture/noun-1658__head-fence.png","visual audit of representative image for each of 258 head types"
"1657","315","B06-OBJ","Artifact & Architecture","head-pencil-tip","代表画像を目視確認した主要頭部モチーフ: pencil-tip","B06-OBJ__Artifact_&_Architecture/noun-1657__head-pencil-tip.png","visual audit of representative image for each of 258 head types"
"1656","316","B04-CUL","Culinary","head-onion","代表画像を目視確認した主要頭部モチーフ: onion","B04-CUL__Culinary/noun-1656__head-onion.png","visual audit of representative image for each of 258 head types"
"1655","317","B05-MEC","Machine","head-fax-machine","代表画像を目視確認した主要頭部モチーフ: fax-machine","B05-MEC__Machine/noun-1655__head-fax-machine.png","visual audit of representative image for each of 258 head types"
"1654","318","B10-ANO","Secret Anomaly","head-skeleton-hat","代表画像を目視確認した主要頭部モチーフ: skeleton-hat","B10-ANO__Secret_Anomaly/noun-1654__head-skeleton-hat.png","visual audit of representative image for each of 258 head types"
"1653","319","B06-OBJ","Artifact & Architecture","head-firehydrant","代表画像を目視確認した主要頭部モチーフ: firehydrant","B06-OBJ__Artifact_&_Architecture/noun-1653__head-firehydrant.png","visual audit of representative image for each of 258 head types"
"1652","320","B02-FAU","Fauna","head-goat","代表画像を目視確認した主要頭部モチーフ: goat","B02-FAU__Fauna/noun-1652__head-goat.png","visual audit of representative image for each of 258 head types"
"1651","321","B05-MEC","Machine","head-console-handheld","代表画像を目視確認した主要頭部モチーフ: console-handheld","B05-MEC__Machine/noun-1651__head-console-handheld.png","visual audit of representative image for each of 258 head types"
"1650","322","B05-MEC","Machine","head-console-handheld","代表画像を目視確認した主要頭部モチーフ: console-handheld","B05-MEC__Machine/noun-1650__head-console-handheld.png","visual audit of representative image for each of 258 head types"
"1649","323","B05-MEC","Machine","head-microwave","代表画像を目視確認した主要頭部モチーフ: microwave","B05-MEC__Machine/noun-1649__head-microwave.png","visual audit of representative image for each of 258 head types"
"1648","324","B04-CUL","Culinary","head-beet","代表画像を目視確認した主要頭部モチーフ: beet","B04-CUL__Culinary/noun-1648__head-beet.png","visual audit of representative image for each of 258 head types"
"1647","325","B04-CUL","Culinary","head-pineapple","代表画像を目視確認した主要頭部モチーフ: pineapple","B04-CUL__Culinary/noun-1647__head-pineapple.png","visual audit of representative image for each of 258 head types"
"1646","326","B05-MEC","Machine","head-turing","代表画像を目視確認した主要頭部モチーフ: turing","B05-MEC__Machine/noun-1646__head-turing.png","visual audit of representative image for each of 258 head types"
"1645","327","B06-OBJ","Artifact & Architecture","head-index-card","代表画像を目視確認した主要頭部モチーフ: index-card","B06-OBJ__Artifact_&_Architecture/noun-1645__head-index-card.png","visual audit of representative image for each of 258 head types"
"1644","328","B04-CUL","Culinary","head-chilli","代表画像を目視確認した主要頭部モチーフ: chilli","B04-CUL__Culinary/noun-1644__head-chilli.png","visual audit of representative image for each of 258 head types"
"1643","329","B05-MEC","Machine","head-floppy-disk","代表画像を目視確認した主要頭部モチーフ: floppy-disk","B05-MEC__Machine/noun-1643__head-floppy-disk.png","visual audit of representative image for each of 258 head types"
"1642","330","B05-MEC","Machine","head-skilift","代表画像を目視確認した主要頭部モチーフ: skilift","B05-MEC__Machine/noun-1642__head-skilift.png","visual audit of representative image for each of 258 head types"
"1641","331","B06-OBJ","Artifact & Architecture","head-pirateship","代表画像を目視確認した主要頭部モチーフ: pirateship","B06-OBJ__Artifact_&_Architecture/noun-1641__head-pirateship.png","visual audit of representative image for each of 258 head types"
"1640","332","B06-OBJ","Artifact & Architecture","head-pirateship","代表画像を目視確認した主要頭部モチーフ: pirateship","B06-OBJ__Artifact_&_Architecture/noun-1640__head-pirateship.png","visual audit of representative image for each of 258 head types"
"1639","333","B02-FAU","Fauna","head-bigfoot","代表画像を目視確認した主要頭部モチーフ: bigfoot","B02-FAU__Fauna/noun-1639__head-bigfoot.png","visual audit of representative image for each of 258 head types"
"1638","334","B07-MAT","Material & Mineral","head-lint","代表画像を目視確認した主要頭部モチーフ: lint","B07-MAT__Material_&_Mineral/noun-1638__head-lint.png","visual audit of representative image for each of 258 head types"
"1637","335","B04-CUL","Culinary","head-cherry","代表画像を目視確認した主要頭部モチーフ: cherry","B04-CUL__Culinary/noun-1637__head-cherry.png","visual audit of representative image for each of 258 head types"
"1636","336","B02-FAU","Fauna","head-bigfoot","代表画像を目視確認した主要頭部モチーフ: bigfoot","B02-FAU__Fauna/noun-1636__head-bigfoot.png","visual audit of representative image for each of 258 head types"
"1635","337","B06-OBJ","Artifact & Architecture","head-vent","代表画像を目視確認した主要頭部モチーフ: vent","B06-OBJ__Artifact_&_Architecture/noun-1635__head-vent.png","visual audit of representative image for each of 258 head types"
"1634","338","B06-OBJ","Artifact & Architecture","head-pipe","代表画像を目視確認した主要頭部モチーフ: pipe","B06-OBJ__Artifact_&_Architecture/noun-1634__head-pipe.png","visual audit of representative image for each of 258 head types"
"1633","339","B05-MEC","Machine","head-cordlessphone","代表画像を目視確認した主要頭部モチーフ: cordlessphone","B05-MEC__Machine/noun-1633__head-cordlessphone.png","visual audit of representative image for each of 258 head types"
"1632","340","B04-CUL","Culinary","head-mug","代表画像を目視確認した主要頭部モチーフ: mug","B04-CUL__Culinary/noun-1632__head-mug.png","visual audit of representative image for each of 258 head types"
"1631","341","B04-CUL","Culinary","head-peanut","代表画像を目視確認した主要頭部モチーフ: peanut","B04-CUL__Culinary/noun-1631__head-peanut.png","visual audit of representative image for each of 258 head types"
"1630","342","B07-MAT","Material & Mineral","head-diamond-red","代表画像を目視確認した主要頭部モチーフ: diamond-red","B07-MAT__Material_&_Mineral/noun-1630__head-diamond-red.png","visual audit of representative image for each of 258 head types"
"1629","343","B05-MEC","Machine","head-bomb","代表画像を目視確認した主要頭部モチーフ: bomb","B05-MEC__Machine/noun-1629__head-bomb.png","visual audit of representative image for each of 258 head types"
"1628","344","B06-OBJ","Artifact & Architecture","head-hockeypuck","代表画像を目視確認した主要頭部モチーフ: hockeypuck","B06-OBJ__Artifact_&_Architecture/noun-1628__head-hockeypuck.png","visual audit of representative image for each of 258 head types"
"1627","345","B06-OBJ","Artifact & Architecture","head-index-card","代表画像を目視確認した主要頭部モチーフ: index-card","B06-OBJ__Artifact_&_Architecture/noun-1627__head-index-card.png","visual audit of representative image for each of 258 head types"
"1626","346","B02-FAU","Fauna","head-raven","代表画像を目視確認した主要頭部モチーフ: raven","B02-FAU__Fauna/noun-1626__head-raven.png","visual audit of representative image for each of 258 head types"
"1625","347","B04-CUL","Culinary","head-chilli","代表画像を目視確認した主要頭部モチーフ: chilli","B04-CUL__Culinary/noun-1625__head-chilli.png","visual audit of representative image for each of 258 head types"
"1624","348","B05-MEC","Machine","head-sailboat","代表画像を目視確認した主要頭部モチーフ: sailboat","B05-MEC__Machine/noun-1624__head-sailboat.png","visual audit of representative image for each of 258 head types"
"1623","349","B06-OBJ","Artifact & Architecture","head-boot","代表画像を目視確認した主要頭部モチーフ: boot","B06-OBJ__Artifact_&_Architecture/noun-1623__head-boot.png","visual audit of representative image for each of 258 head types"
"1622","350","B06-OBJ","Artifact & Architecture","head-paintbrush","代表画像を目視確認した主要頭部モチーフ: paintbrush","B06-OBJ__Artifact_&_Architecture/noun-1622__head-paintbrush.png","visual audit of representative image for each of 258 head types"
"1621","351","B05-MEC","Machine","head-crt-bsod","代表画像を目視確認した主要頭部モチーフ: crt-bsod","B05-MEC__Machine/noun-1621__head-crt-bsod.png","visual audit of representative image for each of 258 head types"
"1620","352","B06-OBJ","Artifact & Architecture","head-boxingglove","代表画像を目視確認した主要頭部モチーフ: boxingglove","B06-OBJ__Artifact_&_Architecture/noun-1620__head-boxingglove.png","visual audit of representative image for each of 258 head types"
"1619","353","B10-ANO","Secret Anomaly","head-undead","代表画像を目視確認した主要頭部モチーフ: undead","B10-ANO__Secret_Anomaly/noun-1619__head-undead.png","visual audit of representative image for each of 258 head types"
"1618","354","B08-NAT","Nature & Element","head-sunset","代表画像を目視確認した主要頭部モチーフ: sunset","B08-NAT__Nature_&_Element/noun-1618__head-sunset.png","visual audit of representative image for each of 258 head types"
"1617","355","B02-FAU","Fauna","head-scorpion","代表画像を目視確認した主要頭部モチーフ: scorpion","B02-FAU__Fauna/noun-1617__head-scorpion.png","visual audit of representative image for each of 258 head types"
"1616","356","B03-FLO","Flora & Fungi","head-weed","代表画像を目視確認した主要頭部モチーフ: weed","B03-FLO__Flora_&_Fungi/noun-1616__head-weed.png","visual audit of representative image for each of 258 head types"
"1615","357","B06-OBJ","Artifact & Architecture","head-trashcan","代表画像を目視確認した主要頭部モチーフ: trashcan","B06-OBJ__Artifact_&_Architecture/noun-1615__head-trashcan.png","visual audit of representative image for each of 258 head types"
"1614","358","B02-FAU","Fauna","head-whale","代表画像を目視確認した主要頭部モチーフ: whale","B02-FAU__Fauna/noun-1614__head-whale.png","visual audit of representative image for each of 258 head types"
"1613","359","B05-MEC","Machine","head-ufo","代表画像を目視確認した主要頭部モチーフ: ufo","B05-MEC__Machine/noun-1613__head-ufo.png","visual audit of representative image for each of 258 head types"
"1612","360","B06-OBJ","Artifact & Architecture","head-paper-bag","代表画像を目視確認した主要頭部モチーフ: paper-bag","B06-OBJ__Artifact_&_Architecture/noun-1612__head-paper-bag.png","visual audit of representative image for each of 258 head types"
"1611","361","B06-OBJ","Artifact & Architecture","head-basketball","代表画像を目視確認した主要頭部モチーフ: basketball","B06-OBJ__Artifact_&_Architecture/noun-1611__head-basketball.png","visual audit of representative image for each of 258 head types"
"1610","362","B02-FAU","Fauna","head-zebra","代表画像を目視確認した主要頭部モチーフ: zebra","B02-FAU__Fauna/noun-1610__head-zebra.png","visual audit of representative image for each of 258 head types"
"1609","363","B04-CUL","Culinary","head-cheese","代表画像を目視確認した主要頭部モチーフ: cheese","B04-CUL__Culinary/noun-1609__head-cheese.png","visual audit of representative image for each of 258 head types"
"1608","364","B02-FAU","Fauna","head-pufferfish","代表画像を目視確認した主要頭部モチーフ: pufferfish","B02-FAU__Fauna/noun-1608__head-pufferfish.png","visual audit of representative image for each of 258 head types"
"1607","365","B08-NAT","Nature & Element","head-cloud","代表画像を目視確認した主要頭部モチーフ: cloud","B08-NAT__Nature_&_Element/noun-1607__head-cloud.png","visual audit of representative image for each of 258 head types"
"1606","366","B02-FAU","Fauna","head-frog","代表画像を目視確認した主要頭部モチーフ: frog","B02-FAU__Fauna/noun-1606__head-frog.png","visual audit of representative image for each of 258 head types"
"1605","367","B06-OBJ","Artifact & Architecture","head-film-35mm","代表画像を目視確認した主要頭部モチーフ: film-35mm","B06-OBJ__Artifact_&_Architecture/noun-1605__head-film-35mm.png","visual audit of representative image for each of 258 head types"
"1604","368","B06-OBJ","Artifact & Architecture","head-curling-stone","代表画像を目視確認した主要頭部モチーフ: curling-stone","B06-OBJ__Artifact_&_Architecture/noun-1604__head-curling-stone.png","visual audit of representative image for each of 258 head types"
"1603","369","B06-OBJ","Artifact & Architecture","head-cassettetape","代表画像を目視確認した主要頭部モチーフ: cassettetape","B06-OBJ__Artifact_&_Architecture/noun-1603__head-cassettetape.png","visual audit of representative image for each of 258 head types"
"1602","370","B09-ECH","Secret Echo","head-heart","代表画像を目視確認した主要頭部モチーフ: heart","B09-ECH__Secret_Echo/noun-1602__head-heart.png","visual audit of representative image for each of 258 head types"
"1601","371","B06-OBJ","Artifact & Architecture","head-wall","代表画像を目視確認した主要頭部モチーフ: wall","B06-OBJ__Artifact_&_Architecture/noun-1601__head-wall.png","visual audit of representative image for each of 258 head types"
"1600","372","B02-FAU","Fauna","head-goldfish","代表画像を目視確認した主要頭部モチーフ: goldfish","B02-FAU__Fauna/noun-1600__head-goldfish.png","visual audit of representative image for each of 258 head types"
"1599","373","B02-FAU","Fauna","head-tiger","代表画像を目視確認した主要頭部モチーフ: tiger","B02-FAU__Fauna/noun-1599__head-tiger.png","visual audit of representative image for each of 258 head types"
"1598","374","B06-OBJ","Artifact & Architecture","head-bag","代表画像を目視確認した主要頭部モチーフ: bag","B06-OBJ__Artifact_&_Architecture/noun-1598__head-bag.png","visual audit of representative image for each of 258 head types"
"1597","375","B02-FAU","Fauna","head-mosquito","代表画像を目視確認した主要頭部モチーフ: mosquito","B02-FAU__Fauna/noun-1597__head-mosquito.png","visual audit of representative image for each of 258 head types"
"1596","376","B04-CUL","Culinary","head-egg","代表画像を目視確認した主要頭部モチーフ: egg","B04-CUL__Culinary/noun-1596__head-egg.png","visual audit of representative image for each of 258 head types"
"1595","377","B06-OBJ","Artifact & Architecture","head-film-strip","代表画像を目視確認した主要頭部モチーフ: film-strip","B06-OBJ__Artifact_&_Architecture/noun-1595__head-film-strip.png","visual audit of representative image for each of 258 head types"
"1594","378","B04-CUL","Culinary","head-taco-classic","代表画像を目視確認した主要頭部モチーフ: taco-classic","B04-CUL__Culinary/noun-1594__head-taco-classic.png","visual audit of representative image for each of 258 head types"
"1593","379","B02-FAU","Fauna","head-mouse","代表画像を目視確認した主要頭部モチーフ: mouse","B02-FAU__Fauna/noun-1593__head-mouse.png","visual audit of representative image for each of 258 head types"
"1592","380","B04-CUL","Culinary","head-sandwich","代表画像を目視確認した主要頭部モチーフ: sandwich","B04-CUL__Culinary/noun-1592__head-sandwich.png","visual audit of representative image for each of 258 head types"
"1591","381","B06-OBJ","Artifact & Architecture","head-retainer","代表画像を目視確認した主要頭部モチーフ: retainer","B06-OBJ__Artifact_&_Architecture/noun-1591__head-retainer.png","visual audit of representative image for each of 258 head types"
"1590","382","B06-OBJ","Artifact & Architecture","head-bag","代表画像を目視確認した主要頭部モチーフ: bag","B06-OBJ__Artifact_&_Architecture/noun-1590__head-bag.png","visual audit of representative image for each of 258 head types"
"1589","383","B06-OBJ","Artifact & Architecture","head-bagpipe","代表画像を目視確認した主要頭部モチーフ: bagpipe","B06-OBJ__Artifact_&_Architecture/noun-1589__head-bagpipe.png","visual audit of representative image for each of 258 head types"
"1588","384","B10-ANO","Secret Anomaly","head-ghost-B","代表画像を目視確認した主要頭部モチーフ: ghost-B","B10-ANO__Secret_Anomaly/noun-1588__head-ghost-B.png","visual audit of representative image for each of 258 head types"
"1587","385","B06-OBJ","Artifact & Architecture","head-queencrown","代表画像を目視確認した主要頭部モチーフ: queencrown","B06-OBJ__Artifact_&_Architecture/noun-1587__head-queencrown.png","visual audit of representative image for each of 258 head types"
"1586","386","B03-FLO","Flora & Fungi","head-weed","代表画像を目視確認した主要頭部モチーフ: weed","B03-FLO__Flora_&_Fungi/noun-1586__head-weed.png","visual audit of representative image for each of 258 head types"
"1585","387","B06-OBJ","Artifact & Architecture","head-queencrown","代表画像を目視確認した主要頭部モチーフ: queencrown","B06-OBJ__Artifact_&_Architecture/noun-1585__head-queencrown.png","visual audit of representative image for each of 258 head types"
"1584","388","B04-CUL","Culinary","head-egg","代表画像を目視確認した主要頭部モチーフ: egg","B04-CUL__Culinary/noun-1584__head-egg.png","visual audit of representative image for each of 258 head types"
"1583","389","B06-OBJ","Artifact & Architecture","head-boot","代表画像を目視確認した主要頭部モチーフ: boot","B06-OBJ__Artifact_&_Architecture/noun-1583__head-boot.png","visual audit of representative image for each of 258 head types"
"1582","390","B06-OBJ","Artifact & Architecture","head-abacus","代表画像を目視確認した主要頭部モチーフ: abacus","B06-OBJ__Artifact_&_Architecture/noun-1582__head-abacus.png","visual audit of representative image for each of 258 head types"
"1581","391","B02-FAU","Fauna","head-jellyfish","代表画像を目視確認した主要頭部モチーフ: jellyfish","B02-FAU__Fauna/noun-1581__head-jellyfish.png","visual audit of representative image for each of 258 head types"
"1580","392","B06-OBJ","Artifact & Architecture","head-factory-dark","代表画像を目視確認した主要頭部モチーフ: factory-dark","B06-OBJ__Artifact_&_Architecture/noun-1580__head-factory-dark.png","visual audit of representative image for each of 258 head types"
"1579","393","B03-FLO","Flora & Fungi","head-rosebud","代表画像を目視確認した主要頭部モチーフ: rosebud","B03-FLO__Flora_&_Fungi/noun-1579__head-rosebud.png","visual audit of representative image for each of 258 head types"
"1578","394","B06-OBJ","Artifact & Architecture","head-snowman","代表画像を目視確認した主要頭部モチーフ: snowman","B06-OBJ__Artifact_&_Architecture/noun-1578__head-snowman.png","visual audit of representative image for each of 258 head types"
"1577","395","B05-MEC","Machine","head-snowmobile","代表画像を目視確認した主要頭部モチーフ: snowmobile","B05-MEC__Machine/noun-1577__head-snowmobile.png","visual audit of representative image for each of 258 head types"
"1576","396","B08-NAT","Nature & Element","head-moon","代表画像を目視確認した主要頭部モチーフ: moon","B08-NAT__Nature_&_Element/noun-1576__head-moon.png","visual audit of representative image for each of 258 head types"
"1575","397","B06-OBJ","Artifact & Architecture","head-crystalball","代表画像を目視確認した主要頭部モチーフ: crystalball","B06-OBJ__Artifact_&_Architecture/noun-1575__head-crystalball.png","visual audit of representative image for each of 258 head types"
"1574","398","B06-OBJ","Artifact & Architecture","head-pipe","代表画像を目視確認した主要頭部モチーフ: pipe","B06-OBJ__Artifact_&_Architecture/noun-1574__head-pipe.png","visual audit of representative image for each of 258 head types"
"1573","399","B02-FAU","Fauna","head-dino","代表画像を目視確認した主要頭部モチーフ: dino","B02-FAU__Fauna/noun-1573__head-dino.png","visual audit of representative image for each of 258 head types"
"1572","400","B06-OBJ","Artifact & Architecture","head-outlet","代表画像を目視確認した主要頭部モチーフ: outlet","B06-OBJ__Artifact_&_Architecture/noun-1572__head-outlet.png","visual audit of representative image for each of 258 head types"
"1571","401","B06-OBJ","Artifact & Architecture","head-wallsafe","代表画像を目視確認した主要頭部モチーフ: wallsafe","B06-OBJ__Artifact_&_Architecture/noun-1571__head-wallsafe.png","visual audit of representative image for each of 258 head types"
"1570","402","B06-OBJ","Artifact & Architecture","head-wallsafe","代表画像を目視確認した主要頭部モチーフ: wallsafe","B06-OBJ__Artifact_&_Architecture/noun-1570__head-wallsafe.png","visual audit of representative image for each of 258 head types"
"1569","403","B07-MAT","Material & Mineral","head-sponge","代表画像を目視確認した主要頭部モチーフ: sponge","B07-MAT__Material_&_Mineral/noun-1569__head-sponge.png","visual audit of representative image for each of 258 head types"
"1568","404","B02-FAU","Fauna","head-goldfish","代表画像を目視確認した主要頭部モチーフ: goldfish","B02-FAU__Fauna/noun-1568__head-goldfish.png","visual audit of representative image for each of 258 head types"
"1567","405","B07-MAT","Material & Mineral","head-lint","代表画像を目視確認した主要頭部モチーフ: lint","B07-MAT__Material_&_Mineral/noun-1567__head-lint.png","visual audit of representative image for each of 258 head types"
"1566","406","B08-NAT","Nature & Element","head-sunset","代表画像を目視確認した主要頭部モチーフ: sunset","B08-NAT__Nature_&_Element/noun-1566__head-sunset.png","visual audit of representative image for each of 258 head types"
"1565","407","B06-OBJ","Artifact & Architecture","head-hanger","代表画像を目視確認した主要頭部モチーフ: hanger","B06-OBJ__Artifact_&_Architecture/noun-1565__head-hanger.png","visual audit of representative image for each of 258 head types"
"1564","408","B06-OBJ","Artifact & Architecture","head-cassettetape","代表画像を目視確認した主要頭部モチーフ: cassettetape","B06-OBJ__Artifact_&_Architecture/noun-1564__head-cassettetape.png","visual audit of representative image for each of 258 head types"
"1563","409","B08-NAT","Nature & Element","head-jupiter","代表画像を目視確認した主要頭部モチーフ: jupiter","B08-NAT__Nature_&_Element/noun-1563__head-jupiter.png","visual audit of representative image for each of 258 head types"
"1562","410","B08-NAT","Nature & Element","head-earth","代表画像を目視確認した主要頭部モチーフ: earth","B08-NAT__Nature_&_Element/noun-1562__head-earth.png","visual audit of representative image for each of 258 head types"
"1561","411","B02-FAU","Fauna","head-dog","代表画像を目視確認した主要頭部モチーフ: dog","B02-FAU__Fauna/noun-1561__head-dog.png","visual audit of representative image for each of 258 head types"
"1560","412","B05-MEC","Machine","head-console-handheld","代表画像を目視確認した主要頭部モチーフ: console-handheld","B05-MEC__Machine/noun-1560__head-console-handheld.png","visual audit of representative image for each of 258 head types"
"1559","413","B05-MEC","Machine","head-floppy-disk","代表画像を目視確認した主要頭部モチーフ: floppy-disk","B05-MEC__Machine/noun-1559__head-floppy-disk.png","visual audit of representative image for each of 258 head types"
"1558","414","B08-NAT","Nature & Element","head-jupiter","代表画像を目視確認した主要頭部モチーフ: jupiter","B08-NAT__Nature_&_Element/noun-1558__head-jupiter.png","visual audit of representative image for each of 258 head types"
"1557","415","B06-OBJ","Artifact & Architecture","head-watch","代表画像を目視確認した主要頭部モチーフ: watch","B06-OBJ__Artifact_&_Architecture/noun-1557__head-watch.png","visual audit of representative image for each of 258 head types"
"1556","416","B02-FAU","Fauna","head-croc-hat","代表画像を目視確認した主要頭部モチーフ: croc-hat","B02-FAU__Fauna/noun-1556__head-croc-hat.png","visual audit of representative image for each of 258 head types"
"1555","417","B06-OBJ","Artifact & Architecture","head-shower","代表画像を目視確認した主要頭部モチーフ: shower","B06-OBJ__Artifact_&_Architecture/noun-1555__head-shower.png","visual audit of representative image for each of 258 head types"
"1554","418","B06-OBJ","Artifact & Architecture","head-ring","代表画像を目視確認した主要頭部モチーフ: ring","B06-OBJ__Artifact_&_Architecture/noun-1554__head-ring.png","visual audit of representative image for each of 258 head types"
"1553","419","B06-OBJ","Artifact & Architecture","head-pillow","代表画像を目視確認した主要頭部モチーフ: pillow","B06-OBJ__Artifact_&_Architecture/noun-1553__head-pillow.png","visual audit of representative image for each of 258 head types"
"1552","420","B04-CUL","Culinary","head-porkbao","代表画像を目視確認した主要頭部モチーフ: porkbao","B04-CUL__Culinary/noun-1552__head-porkbao.png","visual audit of representative image for each of 258 head types"
"1551","421","B07-MAT","Material & Mineral","head-cottonball","代表画像を目視確認した主要頭部モチーフ: cottonball","B07-MAT__Material_&_Mineral/noun-1551__head-cottonball.png","visual audit of representative image for each of 258 head types"
"1550","422","B08-NAT","Nature & Element","head-jupiter","代表画像を目視確認した主要頭部モチーフ: jupiter","B08-NAT__Nature_&_Element/noun-1550__head-jupiter.png","visual audit of representative image for each of 258 head types"
"1549","423","B05-MEC","Machine","head-laptop","代表画像を目視確認した主要頭部モチーフ: laptop","B05-MEC__Machine/noun-1549__head-laptop.png","visual audit of representative image for each of 258 head types"
"1548","424","B06-OBJ","Artifact & Architecture","head-snowman","代表画像を目視確認した主要頭部モチーフ: snowman","B06-OBJ__Artifact_&_Architecture/noun-1548__head-snowman.png","visual audit of representative image for each of 258 head types"
"1547","425","B10-ANO","Secret Anomaly","head-ghost-B","代表画像を目視確認した主要頭部モチーフ: ghost-B","B10-ANO__Secret_Anomaly/noun-1547__head-ghost-B.png","visual audit of representative image for each of 258 head types"
"1546","426","B06-OBJ","Artifact & Architecture","head-queencrown","代表画像を目視確認した主要頭部モチーフ: queencrown","B06-OBJ__Artifact_&_Architecture/noun-1546__head-queencrown.png","visual audit of representative image for each of 258 head types"
"1545","427","B06-OBJ","Artifact & Architecture","head-vent","代表画像を目視確認した主要頭部モチーフ: vent","B06-OBJ__Artifact_&_Architecture/noun-1545__head-vent.png","visual audit of representative image for each of 258 head types"
"1544","428","B05-MEC","Machine","head-bomb","代表画像を目視確認した主要頭部モチーフ: bomb","B05-MEC__Machine/noun-1544__head-bomb.png","visual audit of representative image for each of 258 head types"
"1543","429","B06-OBJ","Artifact & Architecture","head-hanger","代表画像を目視確認した主要頭部モチーフ: hanger","B06-OBJ__Artifact_&_Architecture/noun-1543__head-hanger.png","visual audit of representative image for each of 258 head types"
"1542","430","B04-CUL","Culinary","head-ketchup","代表画像を目視確認した主要頭部モチーフ: ketchup","B04-CUL__Culinary/noun-1542__head-ketchup.png","visual audit of representative image for each of 258 head types"
"1541","431","B01-HUM","Humanoid","head-hair","代表画像を目視確認した主要頭部モチーフ: hair","B01-HUM__Humanoid/noun-1541__head-hair.png","visual audit of representative image for each of 258 head types"
"1540","432","B06-OBJ","Artifact & Architecture","head-watch","代表画像を目視確認した主要頭部モチーフ: watch","B06-OBJ__Artifact_&_Architecture/noun-1540__head-watch.png","visual audit of representative image for each of 258 head types"
"1539","433","B06-OBJ","Artifact & Architecture","head-pirateship","代表画像を目視確認した主要頭部モチーフ: pirateship","B06-OBJ__Artifact_&_Architecture/noun-1539__head-pirateship.png","visual audit of representative image for each of 258 head types"
"1538","434","B06-OBJ","Artifact & Architecture","head-pyramid","代表画像を目視確認した主要頭部モチーフ: pyramid","B06-OBJ__Artifact_&_Architecture/noun-1538__head-pyramid.png","visual audit of representative image for each of 258 head types"
"1537","435","B02-FAU","Fauna","head-horse-deepfried","代表画像を目視確認した主要頭部モチーフ: horse-deepfried","B02-FAU__Fauna/noun-1537__head-horse-deepfried.png","visual audit of representative image for each of 258 head types"
"1536","436","B06-OBJ","Artifact & Architecture","head-paper-bag","代表画像を目視確認した主要頭部モチーフ: paper-bag","B06-OBJ__Artifact_&_Architecture/noun-1536__head-paper-bag.png","visual audit of representative image for each of 258 head types"
"1535","437","B02-FAU","Fauna","head-owl","代表画像を目視確認した主要頭部モチーフ: owl","B02-FAU__Fauna/noun-1535__head-owl.png","visual audit of representative image for each of 258 head types"
"1534","438","B05-MEC","Machine","head-turing","代表画像を目視確認した主要頭部モチーフ: turing","B05-MEC__Machine/noun-1534__head-turing.png","visual audit of representative image for each of 258 head types"
"1533","439","B04-CUL","Culinary","head-blueberry","代表画像を目視確認した主要頭部モチーフ: blueberry","B04-CUL__Culinary/noun-1533__head-blueberry.png","visual audit of representative image for each of 258 head types"
"1532","440","B06-OBJ","Artifact & Architecture","head-road","代表画像を目視確認した主要頭部モチーフ: road","B06-OBJ__Artifact_&_Architecture/noun-1532__head-road.png","visual audit of representative image for each of 258 head types"
"1531","441","B04-CUL","Culinary","head-cannedham","代表画像を目視確認した主要頭部モチーフ: cannedham","B04-CUL__Culinary/noun-1531__head-cannedham.png","visual audit of representative image for each of 258 head types"
"1530","442","B04-CUL","Culinary","head-cannedham","代表画像を目視確認した主要頭部モチーフ: cannedham","B04-CUL__Culinary/noun-1530__head-cannedham.png","visual audit of representative image for each of 258 head types"
"1529","443","B06-OBJ","Artifact & Architecture","head-cone","代表画像を目視確認した主要頭部モチーフ: cone","B06-OBJ__Artifact_&_Architecture/noun-1529__head-cone.png","visual audit of representative image for each of 258 head types"
"1528","444","B04-CUL","Culinary","head-cherry","代表画像を目視確認した主要頭部モチーフ: cherry","B04-CUL__Culinary/noun-1528__head-cherry.png","visual audit of representative image for each of 258 head types"
"1527","445","B06-OBJ","Artifact & Architecture","head-bagpipe","代表画像を目視確認した主要頭部モチーフ: bagpipe","B06-OBJ__Artifact_&_Architecture/noun-1527__head-bagpipe.png","visual audit of representative image for each of 258 head types"
"1526","446","B06-OBJ","Artifact & Architecture","head-bank","代表画像を目視確認した主要頭部モチーフ: bank","B06-OBJ__Artifact_&_Architecture/noun-1526__head-bank.png","visual audit of representative image for each of 258 head types"
"1525","447","B04-CUL","Culinary","head-cake","代表画像を目視確認した主要頭部モチーフ: cake","B04-CUL__Culinary/noun-1525__head-cake.png","visual audit of representative image for each of 258 head types"
"1524","448","B02-FAU","Fauna","head-otter","代表画像を目視確認した主要頭部モチーフ: otter","B02-FAU__Fauna/noun-1524__head-otter.png","visual audit of representative image for each of 258 head types"
"1523","449","B02-FAU","Fauna","head-crab","代表画像を目視確認した主要頭部モチーフ: crab","B02-FAU__Fauna/noun-1523__head-crab.png","visual audit of representative image for each of 258 head types"
"1522","450","B06-OBJ","Artifact & Architecture","head-bank","代表画像を目視確認した主要頭部モチーフ: bank","B06-OBJ__Artifact_&_Architecture/noun-1522__head-bank.png","visual audit of representative image for each of 258 head types"
"1521","451","B02-FAU","Fauna","head-zebra","代表画像を目視確認した主要頭部モチーフ: zebra","B02-FAU__Fauna/noun-1521__head-zebra.png","visual audit of representative image for each of 258 head types"
"1520","452","B02-FAU","Fauna","head-dog","代表画像を目視確認した主要頭部モチーフ: dog","B02-FAU__Fauna/noun-1520__head-dog.png","visual audit of representative image for each of 258 head types"
"1519","453","B04-CUL","Culinary","head-spaghetti","代表画像を目視確認した主要頭部モチーフ: spaghetti","B04-CUL__Culinary/noun-1519__head-spaghetti.png","visual audit of representative image for each of 258 head types"
"1518","454","B06-OBJ","Artifact & Architecture","head-pipe","代表画像を目視確認した主要頭部モチーフ: pipe","B06-OBJ__Artifact_&_Architecture/noun-1518__head-pipe.png","visual audit of representative image for each of 258 head types"
"1517","455","B06-OBJ","Artifact & Architecture","head-film-strip","代表画像を目視確認した主要頭部モチーフ: film-strip","B06-OBJ__Artifact_&_Architecture/noun-1517__head-film-strip.png","visual audit of representative image for each of 258 head types"
"1516","456","B06-OBJ","Artifact & Architecture","head-lock","代表画像を目視確認した主要頭部モチーフ: lock","B06-OBJ__Artifact_&_Architecture/noun-1516__head-lock.png","visual audit of representative image for each of 258 head types"
"1515","457","B06-OBJ","Artifact & Architecture","head-outlet","代表画像を目視確認した主要頭部モチーフ: outlet","B06-OBJ__Artifact_&_Architecture/noun-1515__head-outlet.png","visual audit of representative image for each of 258 head types"
"1514","458","B05-MEC","Machine","head-cash-register","代表画像を目視確認した主要頭部モチーフ: cash-register","B05-MEC__Machine/noun-1514__head-cash-register.png","visual audit of representative image for each of 258 head types"
"1513","459","B04-CUL","Culinary","head-macaroni","代表画像を目視確認した主要頭部モチーフ: macaroni","B04-CUL__Culinary/noun-1513__head-macaroni.png","visual audit of representative image for each of 258 head types"
"1512","460","B01-HUM","Humanoid","head-thumbsup","代表画像を目視確認した主要頭部モチーフ: thumbsup","B01-HUM__Humanoid/noun-1512__head-thumbsup.png","visual audit of representative image for each of 258 head types"
"1511","461","B02-FAU","Fauna","head-cow","代表画像を目視確認した主要頭部モチーフ: cow","B02-FAU__Fauna/noun-1511__head-cow.png","visual audit of representative image for each of 258 head types"
"1510","462","B02-FAU","Fauna","head-bear","代表画像を目視確認した主要頭部モチーフ: bear","B02-FAU__Fauna/noun-1510__head-bear.png","visual audit of representative image for each of 258 head types"
"1509","463","B05-MEC","Machine","head-washingmachine","代表画像を目視確認した主要頭部モチーフ: washingmachine","B05-MEC__Machine/noun-1509__head-washingmachine.png","visual audit of representative image for each of 258 head types"
"1508","464","B02-FAU","Fauna","head-ape","代表画像を目視確認した主要頭部モチーフ: ape","B02-FAU__Fauna/noun-1508__head-ape.png","visual audit of representative image for each of 258 head types"
"1507","465","B06-OBJ","Artifact & Architecture","head-chain","代表画像を目視確認した主要頭部モチーフ: chain","B06-OBJ__Artifact_&_Architecture/noun-1507__head-chain.png","visual audit of representative image for each of 258 head types"
"1506","466","B06-OBJ","Artifact & Architecture","head-stapler","代表画像を目視確認した主要頭部モチーフ: stapler","B06-OBJ__Artifact_&_Architecture/noun-1506__head-stapler.png","visual audit of representative image for each of 258 head types"
"1505","467","B06-OBJ","Artifact & Architecture","head-wallsafe","代表画像を目視確認した主要頭部モチーフ: wallsafe","B06-OBJ__Artifact_&_Architecture/noun-1505__head-wallsafe.png","visual audit of representative image for each of 258 head types"
"1504","468","B06-OBJ","Artifact & Architecture","head-lipstick2","代表画像を目視確認した主要頭部モチーフ: lipstick2","B06-OBJ__Artifact_&_Architecture/noun-1504__head-lipstick2.png","visual audit of representative image for each of 258 head types"
"1503","469","B07-MAT","Material & Mineral","head-diamond-red","代表画像を目視確認した主要頭部モチーフ: diamond-red","B07-MAT__Material_&_Mineral/noun-1503__head-diamond-red.png","visual audit of representative image for each of 258 head types"
"1502","470","B06-OBJ","Artifact & Architecture","head-toiletpaper-full","代表画像を目視確認した主要頭部モチーフ: toiletpaper-full","B06-OBJ__Artifact_&_Architecture/noun-1502__head-toiletpaper-full.png","visual audit of representative image for each of 258 head types"
"1501","471","B06-OBJ","Artifact & Architecture","head-chefhat","代表画像を目視確認した主要頭部モチーフ: chefhat","B06-OBJ__Artifact_&_Architecture/noun-1501__head-chefhat.png","visual audit of representative image for each of 258 head types"
"1500","472","B04-CUL","Culinary","head-beet","代表画像を目視確認した主要頭部モチーフ: beet","B04-CUL__Culinary/noun-1500__head-beet.png","visual audit of representative image for each of 258 head types"
"1499","473","B10-ANO","Secret Anomaly","head-undead","代表画像を目視確認した主要頭部モチーフ: undead","B10-ANO__Secret_Anomaly/noun-1499__head-undead.png","visual audit of representative image for each of 258 head types"
"1498","474","B06-OBJ","Artifact & Architecture","head-paintbrush","代表画像を目視確認した主要頭部モチーフ: paintbrush","B06-OBJ__Artifact_&_Architecture/noun-1498__head-paintbrush.png","visual audit of representative image for each of 258 head types"
"1497","475","B06-OBJ","Artifact & Architecture","head-sock","代表画像を目視確認した主要頭部モチーフ: sock","B06-OBJ__Artifact_&_Architecture/noun-1497__head-sock.png","visual audit of representative image for each of 258 head types"
"1496","476","B04-CUL","Culinary","head-cannedham","代表画像を目視確認した主要頭部モチーフ: cannedham","B04-CUL__Culinary/noun-1496__head-cannedham.png","visual audit of representative image for each of 258 head types"
"1495","477","B06-OBJ","Artifact & Architecture","head-bagpipe","代表画像を目視確認した主要頭部モチーフ: bagpipe","B06-OBJ__Artifact_&_Architecture/noun-1495__head-bagpipe.png","visual audit of representative image for each of 258 head types"
"1494","478","B08-NAT","Nature & Element","head-saturn","代表画像を目視確認した主要頭部モチーフ: saturn","B08-NAT__Nature_&_Element/noun-1494__head-saturn.png","visual audit of representative image for each of 258 head types"
"1493","479","B10-ANO","Secret Anomaly","head-skeleton-hat","代表画像を目視確認した主要頭部モチーフ: skeleton-hat","B10-ANO__Secret_Anomaly/noun-1493__head-skeleton-hat.png","visual audit of representative image for each of 258 head types"
"1492","480","B06-OBJ","Artifact & Architecture","head-bag","代表画像を目視確認した主要頭部モチーフ: bag","B06-OBJ__Artifact_&_Architecture/noun-1492__head-bag.png","visual audit of representative image for each of 258 head types"
"1491","481","B06-OBJ","Artifact & Architecture","head-ruler-triangular","代表画像を目視確認した主要頭部モチーフ: ruler-triangular","B06-OBJ__Artifact_&_Architecture/noun-1491__head-ruler-triangular.png","visual audit of representative image for each of 258 head types"
"1490","482","B04-CUL","Culinary","head-pizza","代表画像を目視確認した主要頭部モチーフ: pizza","B04-CUL__Culinary/noun-1490__head-pizza.png","visual audit of representative image for each of 258 head types"
"1489","483","B02-FAU","Fauna","head-oyster","代表画像を目視確認した主要頭部モチーフ: oyster","B02-FAU__Fauna/noun-1489__head-oyster.png","visual audit of representative image for each of 258 head types"
"1488","484","B03-FLO","Flora & Fungi","head-weed","代表画像を目視確認した主要頭部モチーフ: weed","B03-FLO__Flora_&_Fungi/noun-1488__head-weed.png","visual audit of representative image for each of 258 head types"
"1487","485","B04-CUL","Culinary","head-blueberry","代表画像を目視確認した主要頭部モチーフ: blueberry","B04-CUL__Culinary/noun-1487__head-blueberry.png","visual audit of representative image for each of 258 head types"
"1486","486","B06-OBJ","Artifact & Architecture","head-index-card","代表画像を目視確認した主要頭部モチーフ: index-card","B06-OBJ__Artifact_&_Architecture/noun-1486__head-index-card.png","visual audit of representative image for each of 258 head types"
"1485","487","B10-ANO","Secret Anomaly","head-undead","代表画像を目視確認した主要頭部モチーフ: undead","B10-ANO__Secret_Anomaly/noun-1485__head-undead.png","visual audit of representative image for each of 258 head types"
"1484","488","B02-FAU","Fauna","head-cow","代表画像を目視確認した主要頭部モチーフ: cow","B02-FAU__Fauna/noun-1484__head-cow.png","visual audit of representative image for each of 258 head types"
"1483","489","B02-FAU","Fauna","head-frog","代表画像を目視確認した主要頭部モチーフ: frog","B02-FAU__Fauna/noun-1483__head-frog.png","visual audit of representative image for each of 258 head types"
"1482","490","B02-FAU","Fauna","head-flamingo","代表画像を目視確認した主要頭部モチーフ: flamingo","B02-FAU__Fauna/noun-1482__head-flamingo.png","visual audit of representative image for each of 258 head types"
"1481","491","B06-OBJ","Artifact & Architecture","head-piggybank","代表画像を目視確認した主要頭部モチーフ: piggybank","B06-OBJ__Artifact_&_Architecture/noun-1481__head-piggybank.png","visual audit of representative image for each of 258 head types"
"1480","492","B04-CUL","Culinary","head-spaghetti","代表画像を目視確認した主要頭部モチーフ: spaghetti","B04-CUL__Culinary/noun-1480__head-spaghetti.png","visual audit of representative image for each of 258 head types"
"1479","493","B06-OBJ","Artifact & Architecture","head-mirror","代表画像を目視確認した主要頭部モチーフ: mirror","B06-OBJ__Artifact_&_Architecture/noun-1479__head-mirror.png","visual audit of representative image for each of 258 head types"
"1478","494","B02-FAU","Fauna","head-otter","代表画像を目視確認した主要頭部モチーフ: otter","B02-FAU__Fauna/noun-1478__head-otter.png","visual audit of representative image for each of 258 head types"
"1477","495","B04-CUL","Culinary","head-beer","代表画像を目視確認した主要頭部モチーフ: beer","B04-CUL__Culinary/noun-1477__head-beer.png","visual audit of representative image for each of 258 head types"
"1476","496","B06-OBJ","Artifact & Architecture","head-cd","代表画像を目視確認した主要頭部モチーフ: cd","B06-OBJ__Artifact_&_Architecture/noun-1476__head-cd.png","visual audit of representative image for each of 258 head types"
"1475","497","B06-OBJ","Artifact & Architecture","head-house","代表画像を目視確認した主要頭部モチーフ: house","B06-OBJ__Artifact_&_Architecture/noun-1475__head-house.png","visual audit of representative image for each of 258 head types"
"1474","498","B05-MEC","Machine","head-car","代表画像を目視確認した主要頭部モチーフ: car","B05-MEC__Machine/noun-1474__head-car.png","visual audit of representative image for each of 258 head types"
"1473","499","B05-MEC","Machine","head-crt-bsod","代表画像を目視確認した主要頭部モチーフ: crt-bsod","B05-MEC__Machine/noun-1473__head-crt-bsod.png","visual audit of representative image for each of 258 head types"
"1472","500","B06-OBJ","Artifact & Architecture","head-pipe","代表画像を目視確認した主要頭部モチーフ: pipe","B06-OBJ__Artifact_&_Architecture/noun-1472__head-pipe.png","visual audit of representative image for each of 258 head types"
"1471","501","B06-OBJ","Artifact & Architecture","head-crystalball","代表画像を目視確認した主要頭部モチーフ: crystalball","B06-OBJ__Artifact_&_Architecture/noun-1471__head-crystalball.png","visual audit of representative image for each of 258 head types"
"1470","502","B09-ECH","Secret Echo","head-maze","代表画像を目視確認した主要頭部モチーフ: maze","B09-ECH__Secret_Echo/noun-1470__head-maze.png","visual audit of representative image for each of 258 head types"
"1469","503","B06-OBJ","Artifact & Architecture","head-index-card","代表画像を目視確認した主要頭部モチーフ: index-card","B06-OBJ__Artifact_&_Architecture/noun-1469__head-index-card.png","visual audit of representative image for each of 258 head types"
"1468","504","B06-OBJ","Artifact & Architecture","head-index-card","代表画像を目視確認した主要頭部モチーフ: index-card","B06-OBJ__Artifact_&_Architecture/noun-1468__head-index-card.png","visual audit of representative image for each of 258 head types"
"1467","505","B04-CUL","Culinary","head-porkbao","代表画像を目視確認した主要頭部モチーフ: porkbao","B04-CUL__Culinary/noun-1467__head-porkbao.png","visual audit of representative image for each of 258 head types"
"1466","506","B07-MAT","Material & Mineral","head-lint","代表画像を目視確認した主要頭部モチーフ: lint","B07-MAT__Material_&_Mineral/noun-1466__head-lint.png","visual audit of representative image for each of 258 head types"
"1465","507","B02-FAU","Fauna","head-orca","代表画像を目視確認した主要頭部モチーフ: orca","B02-FAU__Fauna/noun-1465__head-orca.png","visual audit of representative image for each of 258 head types"
"1464","508","B01-HUM","Humanoid","head-lips","代表画像を目視確認した主要頭部モチーフ: lips","B01-HUM__Humanoid/noun-1464__head-lips.png","visual audit of representative image for each of 258 head types"
"1463","509","B02-FAU","Fauna","head-bigfoot","代表画像を目視確認した主要頭部モチーフ: bigfoot","B02-FAU__Fauna/noun-1463__head-bigfoot.png","visual audit of representative image for each of 258 head types"
"1462","510","B02-FAU","Fauna","head-rabbit","代表画像を目視確認した主要頭部モチーフ: rabbit","B02-FAU__Fauna/noun-1462__head-rabbit.png","visual audit of representative image for each of 258 head types"
"1461","511","B02-FAU","Fauna","head-rabbit","代表画像を目視確認した主要頭部モチーフ: rabbit","B02-FAU__Fauna/noun-1461__head-rabbit.png","visual audit of representative image for each of 258 head types"
"1460","512","B08-NAT","Nature & Element","head-jupiter","代表画像を目視確認した主要頭部モチーフ: jupiter","B08-NAT__Nature_&_Element/noun-1460__head-jupiter.png","visual audit of representative image for each of 258 head types"
"1459","513","B05-MEC","Machine","head-washingmachine","代表画像を目視確認した主要頭部モチーフ: washingmachine","B05-MEC__Machine/noun-1459__head-washingmachine.png","visual audit of representative image for each of 258 head types"
"1458","514","B06-OBJ","Artifact & Architecture","head-calendar","代表画像を目視確認した主要頭部モチーフ: calendar","B06-OBJ__Artifact_&_Architecture/noun-1458__head-calendar.png","visual audit of representative image for each of 258 head types"
"1457","515","B08-NAT","Nature & Element","head-saturn","代表画像を目視確認した主要頭部モチーフ: saturn","B08-NAT__Nature_&_Element/noun-1457__head-saturn.png","visual audit of representative image for each of 258 head types"
"1456","516","B04-CUL","Culinary","head-blueberry","代表画像を目視確認した主要頭部モチーフ: blueberry","B04-CUL__Culinary/noun-1456__head-blueberry.png","visual audit of representative image for each of 258 head types"
"1455","517","B06-OBJ","Artifact & Architecture","head-goldcoin","代表画像を目視確認した主要頭部モチーフ: goldcoin","B06-OBJ__Artifact_&_Architecture/noun-1455__head-goldcoin.png","visual audit of representative image for each of 258 head types"
"1454","518","B06-OBJ","Artifact & Architecture","head-cd","代表画像を目視確認した主要頭部モチーフ: cd","B06-OBJ__Artifact_&_Architecture/noun-1454__head-cd.png","visual audit of representative image for each of 258 head types"
"1453","519","B02-FAU","Fauna","head-grouper","代表画像を目視確認した主要頭部モチーフ: grouper","B02-FAU__Fauna/noun-1453__head-grouper.png","visual audit of representative image for each of 258 head types"
"1452","520","B05-MEC","Machine","head-mixer","代表画像を目視確認した主要頭部モチーフ: mixer","B05-MEC__Machine/noun-1452__head-mixer.png","visual audit of representative image for each of 258 head types"
"1451","521","B04-CUL","Culinary","head-coffeebean","代表画像を目視確認した主要頭部モチーフ: coffeebean","B04-CUL__Culinary/noun-1451__head-coffeebean.png","visual audit of representative image for each of 258 head types"
"1450","522","B04-CUL","Culinary","head-cake","代表画像を目視確認した主要頭部モチーフ: cake","B04-CUL__Culinary/noun-1450__head-cake.png","visual audit of representative image for each of 258 head types"
"1449","523","B04-CUL","Culinary","head-cherry","代表画像を目視確認した主要頭部モチーフ: cherry","B04-CUL__Culinary/noun-1449__head-cherry.png","visual audit of representative image for each of 258 head types"
"1448","524","B02-FAU","Fauna","head-moose","代表画像を目視確認した主要頭部モチーフ: moose","B02-FAU__Fauna/noun-1448__head-moose.png","visual audit of representative image for each of 258 head types"
"1447","525","B07-MAT","Material & Mineral","head-diamond-blue","代表画像を目視確認した主要頭部モチーフ: diamond-blue","B07-MAT__Material_&_Mineral/noun-1447__head-diamond-blue.png","visual audit of representative image for each of 258 head types"
"1446","526","B02-FAU","Fauna","head-frog","代表画像を目視確認した主要頭部モチーフ: frog","B02-FAU__Fauna/noun-1446__head-frog.png","visual audit of representative image for each of 258 head types"
"1445","527","B02-FAU","Fauna","head-croc-hat","代表画像を目視確認した主要頭部モチーフ: croc-hat","B02-FAU__Fauna/noun-1445__head-croc-hat.png","visual audit of representative image for each of 258 head types"
"1444","528","B06-OBJ","Artifact & Architecture","head-backpack","代表画像を目視確認した主要頭部モチーフ: backpack","B06-OBJ__Artifact_&_Architecture/noun-1444__head-backpack.png","visual audit of representative image for each of 258 head types"
"1443","529","B02-FAU","Fauna","head-bigfoot-yeti","代表画像を目視確認した主要頭部モチーフ: bigfoot-yeti","B02-FAU__Fauna/noun-1443__head-bigfoot-yeti.png","visual audit of representative image for each of 258 head types"
"1442","530","B06-OBJ","Artifact & Architecture","head-firehydrant","代表画像を目視確認した主要頭部モチーフ: firehydrant","B06-OBJ__Artifact_&_Architecture/noun-1442__head-firehydrant.png","visual audit of representative image for each of 258 head types"
"1441","531","B06-OBJ","Artifact & Architecture","head-glasses-big","代表画像を目視確認した主要頭部モチーフ: glasses-big","B06-OBJ__Artifact_&_Architecture/noun-1441__head-glasses-big.png","visual audit of representative image for each of 258 head types"
"1440","532","B06-OBJ","Artifact & Architecture","head-paintbrush","代表画像を目視確認した主要頭部モチーフ: paintbrush","B06-OBJ__Artifact_&_Architecture/noun-1440__head-paintbrush.png","visual audit of representative image for each of 258 head types"
"1439","533","B05-MEC","Machine","head-cordlessphone","代表画像を目視確認した主要頭部モチーフ: cordlessphone","B05-MEC__Machine/noun-1439__head-cordlessphone.png","visual audit of representative image for each of 258 head types"
"1438","534","B02-FAU","Fauna","head-orca","代表画像を目視確認した主要頭部モチーフ: orca","B02-FAU__Fauna/noun-1438__head-orca.png","visual audit of representative image for each of 258 head types"
"1437","535","B02-FAU","Fauna","head-jellyfish","代表画像を目視確認した主要頭部モチーフ: jellyfish","B02-FAU__Fauna/noun-1437__head-jellyfish.png","visual audit of representative image for each of 258 head types"
"1436","536","B06-OBJ","Artifact & Architecture","head-snowglobe","代表画像を目視確認した主要頭部モチーフ: snowglobe","B06-OBJ__Artifact_&_Architecture/noun-1436__head-snowglobe.png","visual audit of representative image for each of 258 head types"
"1435","537","B02-FAU","Fauna","head-mosquito","代表画像を目視確認した主要頭部モチーフ: mosquito","B02-FAU__Fauna/noun-1435__head-mosquito.png","visual audit of representative image for each of 258 head types"
"1434","538","B04-CUL","Culinary","head-cotton-candy","代表画像を目視確認した主要頭部モチーフ: cotton-candy","B04-CUL__Culinary/noun-1434__head-cotton-candy.png","visual audit of representative image for each of 258 head types"
"1433","539","B04-CUL","Culinary","head-garlic","代表画像を目視確認した主要頭部モチーフ: garlic","B04-CUL__Culinary/noun-1433__head-garlic.png","visual audit of representative image for each of 258 head types"
"1432","540","B06-OBJ","Artifact & Architecture","head-lipstick2","代表画像を目視確認した主要頭部モチーフ: lipstick2","B06-OBJ__Artifact_&_Architecture/noun-1432__head-lipstick2.png","visual audit of representative image for each of 258 head types"
"1431","541","B06-OBJ","Artifact & Architecture","head-pirateship","代表画像を目視確認した主要頭部モチーフ: pirateship","B06-OBJ__Artifact_&_Architecture/noun-1431__head-pirateship.png","visual audit of representative image for each of 258 head types"
"1430","542","B06-OBJ","Artifact & Architecture","head-bagpipe","代表画像を目視確認した主要頭部モチーフ: bagpipe","B06-OBJ__Artifact_&_Architecture/noun-1430__head-bagpipe.png","visual audit of representative image for each of 258 head types"
"1429","543","B02-FAU","Fauna","head-fox","代表画像を目視確認した主要頭部モチーフ: fox","B02-FAU__Fauna/noun-1429__head-fox.png","visual audit of representative image for each of 258 head types"
"1428","544","B02-FAU","Fauna","head-ducky","代表画像を目視確認した主要頭部モチーフ: ducky","B02-FAU__Fauna/noun-1428__head-ducky.png","visual audit of representative image for each of 258 head types"
"1427","545","B05-MEC","Machine","head-plane","代表画像を目視確認した主要頭部モチーフ: plane","B05-MEC__Machine/noun-1427__head-plane.png","visual audit of representative image for each of 258 head types"
"1426","546","B06-OBJ","Artifact & Architecture","head-cd","代表画像を目視確認した主要頭部モチーフ: cd","B06-OBJ__Artifact_&_Architecture/noun-1426__head-cd.png","visual audit of representative image for each of 258 head types"
"1425","547","B05-MEC","Machine","head-drill","代表画像を目視確認した主要頭部モチーフ: drill","B05-MEC__Machine/noun-1425__head-drill.png","visual audit of representative image for each of 258 head types"
"1424","548","B06-OBJ","Artifact & Architecture","head-factory-dark","代表画像を目視確認した主要頭部モチーフ: factory-dark","B06-OBJ__Artifact_&_Architecture/noun-1424__head-factory-dark.png","visual audit of representative image for each of 258 head types"
"1423","549","B06-OBJ","Artifact & Architecture","head-treasurechest","代表画像を目視確認した主要頭部モチーフ: treasurechest","B06-OBJ__Artifact_&_Architecture/noun-1423__head-treasurechest.png","visual audit of representative image for each of 258 head types"
"1422","550","B04-CUL","Culinary","head-egg","代表画像を目視確認した主要頭部モチーフ: egg","B04-CUL__Culinary/noun-1422__head-egg.png","visual audit of representative image for each of 258 head types"
"1421","551","B08-NAT","Nature & Element","head-tornado","代表画像を目視確認した主要頭部モチーフ: tornado","B08-NAT__Nature_&_Element/noun-1421__head-tornado.png","visual audit of representative image for each of 258 head types"
"1420","552","B02-FAU","Fauna","head-mouse","代表画像を目視確認した主要頭部モチーフ: mouse","B02-FAU__Fauna/noun-1420__head-mouse.png","visual audit of representative image for each of 258 head types"
"1419","553","B06-OBJ","Artifact & Architecture","head-gavel","代表画像を目視確認した主要頭部モチーフ: gavel","B06-OBJ__Artifact_&_Architecture/noun-1419__head-gavel.png","visual audit of representative image for each of 258 head types"
"1418","554","B06-OBJ","Artifact & Architecture","head-lock","代表画像を目視確認した主要頭部モチーフ: lock","B06-OBJ__Artifact_&_Architecture/noun-1418__head-lock.png","visual audit of representative image for each of 258 head types"
"1417","555","B08-NAT","Nature & Element","head-cloud","代表画像を目視確認した主要頭部モチーフ: cloud","B08-NAT__Nature_&_Element/noun-1417__head-cloud.png","visual audit of representative image for each of 258 head types"
"1416","556","B05-MEC","Machine","head-microwave","代表画像を目視確認した主要頭部モチーフ: microwave","B05-MEC__Machine/noun-1416__head-microwave.png","visual audit of representative image for each of 258 head types"
"1415","557","B06-OBJ","Artifact & Architecture","head-stapler","代表画像を目視確認した主要頭部モチーフ: stapler","B06-OBJ__Artifact_&_Architecture/noun-1415__head-stapler.png","visual audit of representative image for each of 258 head types"
"1414","558","B06-OBJ","Artifact & Architecture","head-vent","代表画像を目視確認した主要頭部モチーフ: vent","B06-OBJ__Artifact_&_Architecture/noun-1414__head-vent.png","visual audit of representative image for each of 258 head types"
"1413","559","B06-OBJ","Artifact & Architecture","head-chefhat","代表画像を目視確認した主要頭部モチーフ: chefhat","B06-OBJ__Artifact_&_Architecture/noun-1413__head-chefhat.png","visual audit of representative image for each of 258 head types"
"1412","560","B02-FAU","Fauna","head-owl","代表画像を目視確認した主要頭部モチーフ: owl","B02-FAU__Fauna/noun-1412__head-owl.png","visual audit of representative image for each of 258 head types"
"1411","561","B08-NAT","Nature & Element","head-mountain-snowcap","代表画像を目視確認した主要頭部モチーフ: mountain-snowcap","B08-NAT__Nature_&_Element/noun-1411__head-mountain-snowcap.png","visual audit of representative image for each of 258 head types"
"1410","562","B04-CUL","Culinary","head-doughnut","代表画像を目視確認した主要頭部モチーフ: doughnut","B04-CUL__Culinary/noun-1410__head-doughnut.png","visual audit of representative image for each of 258 head types"
"1409","563","B09-ECH","Secret Echo","head-rgb","代表画像を目視確認した主要頭部モチーフ: rgb","B09-ECH__Secret_Echo/noun-1409__head-rgb.png","visual audit of representative image for each of 258 head types"
"1408","564","B02-FAU","Fauna","head-oyster","代表画像を目視確認した主要頭部モチーフ: oyster","B02-FAU__Fauna/noun-1408__head-oyster.png","visual audit of representative image for each of 258 head types"
"1407","565","B04-CUL","Culinary","head-bubblegum","代表画像を目視確認した主要頭部モチーフ: bubblegum","B04-CUL__Culinary/noun-1407__head-bubblegum.png","visual audit of representative image for each of 258 head types"
"1406","566","B06-OBJ","Artifact & Architecture","head-couch","代表画像を目視確認した主要頭部モチーフ: couch","B06-OBJ__Artifact_&_Architecture/noun-1406__head-couch.png","visual audit of representative image for each of 258 head types"
"1405","567","B01-HUM","Humanoid","head-gnome","代表画像を目視確認した主要頭部モチーフ: gnome","B01-HUM__Humanoid/noun-1405__head-gnome.png","visual audit of representative image for each of 258 head types"
"1404","568","B06-OBJ","Artifact & Architecture","head-mirror","代表画像を目視確認した主要頭部モチーフ: mirror","B06-OBJ__Artifact_&_Architecture/noun-1404__head-mirror.png","visual audit of representative image for each of 258 head types"
"1403","569","B06-OBJ","Artifact & Architecture","head-hanger","代表画像を目視確認した主要頭部モチーフ: hanger","B06-OBJ__Artifact_&_Architecture/noun-1403__head-hanger.png","visual audit of representative image for each of 258 head types"
"1402","570","B02-FAU","Fauna","head-raven","代表画像を目視確認した主要頭部モチーフ: raven","B02-FAU__Fauna/noun-1402__head-raven.png","visual audit of representative image for each of 258 head types"
"1401","571","B04-CUL","Culinary","head-shrimp-tempura","代表画像を目視確認した主要頭部モチーフ: shrimp-tempura","B04-CUL__Culinary/noun-1401__head-shrimp-tempura.png","visual audit of representative image for each of 258 head types"
"1400","572","B08-NAT","Nature & Element","head-jupiter","代表画像を目視確認した主要頭部モチーフ: jupiter","B08-NAT__Nature_&_Element/noun-1400__head-jupiter.png","visual audit of representative image for each of 258 head types"
"1399","573","B02-FAU","Fauna","head-capybara","代表画像を目視確認した主要頭部モチーフ: capybara","B02-FAU__Fauna/noun-1399__head-capybara.png","visual audit of representative image for each of 258 head types"
"1398","574","B06-OBJ","Artifact & Architecture","head-pirateship","代表画像を目視確認した主要頭部モチーフ: pirateship","B06-OBJ__Artifact_&_Architecture/noun-1398__head-pirateship.png","visual audit of representative image for each of 258 head types"
"1397","575","B06-OBJ","Artifact & Architecture","head-dictionary","代表画像を目視確認した主要頭部モチーフ: dictionary","B06-OBJ__Artifact_&_Architecture/noun-1397__head-dictionary.png","visual audit of representative image for each of 258 head types"
"1396","576","B03-FLO","Flora & Fungi","head-saguaro","代表画像を目視確認した主要頭部モチーフ: saguaro","B03-FLO__Flora_&_Fungi/noun-1396__head-saguaro.png","visual audit of representative image for each of 258 head types"
"1395","577","B06-OBJ","Artifact & Architecture","head-cassettetape","代表画像を目視確認した主要頭部モチーフ: cassettetape","B06-OBJ__Artifact_&_Architecture/noun-1395__head-cassettetape.png","visual audit of representative image for each of 258 head types"
"1394","578","B04-CUL","Culinary","head-shrimp-tempura","代表画像を目視確認した主要頭部モチーフ: shrimp-tempura","B04-CUL__Culinary/noun-1394__head-shrimp-tempura.png","visual audit of representative image for each of 258 head types"
"1393","579","B04-CUL","Culinary","head-sandwich","代表画像を目視確認した主要頭部モチーフ: sandwich","B04-CUL__Culinary/noun-1393__head-sandwich.png","visual audit of representative image for each of 258 head types"
"1392","580","B02-FAU","Fauna","head-zebra","代表画像を目視確認した主要頭部モチーフ: zebra","B02-FAU__Fauna/noun-1392__head-zebra.png","visual audit of representative image for each of 258 head types"
"1391","581","B02-FAU","Fauna","head-goldfish","代表画像を目視確認した主要頭部モチーフ: goldfish","B02-FAU__Fauna/noun-1391__head-goldfish.png","visual audit of representative image for each of 258 head types"
"1390","582","B03-FLO","Flora & Fungi","head-mushroom","代表画像を目視確認した主要頭部モチーフ: mushroom","B03-FLO__Flora_&_Fungi/noun-1390__head-mushroom.png","visual audit of representative image for each of 258 head types"
"1389","583","B09-ECH","Secret Echo","head-rgb","代表画像を目視確認した主要頭部モチーフ: rgb","B09-ECH__Secret_Echo/noun-1389__head-rgb.png","visual audit of representative image for each of 258 head types"
"1388","584","B04-CUL","Culinary","head-mustard","代表画像を目視確認した主要頭部モチーフ: mustard","B04-CUL__Culinary/noun-1388__head-mustard.png","visual audit of representative image for each of 258 head types"
"1387","585","B05-MEC","Machine","head-console-handheld","代表画像を目視確認した主要頭部モチーフ: console-handheld","B05-MEC__Machine/noun-1387__head-console-handheld.png","visual audit of representative image for each of 258 head types"
"1386","586","B04-CUL","Culinary","head-egg","代表画像を目視確認した主要頭部モチーフ: egg","B04-CUL__Culinary/noun-1386__head-egg.png","visual audit of representative image for each of 258 head types"
"1385","587","B05-MEC","Machine","head-microwave","代表画像を目視確認した主要頭部モチーフ: microwave","B05-MEC__Machine/noun-1385__head-microwave.png","visual audit of representative image for each of 258 head types"
"1384","588","B05-MEC","Machine","head-robot","代表画像を目視確認した主要頭部モチーフ: robot","B05-MEC__Machine/noun-1384__head-robot.png","visual audit of representative image for each of 258 head types"
"1383","589","B06-OBJ","Artifact & Architecture","head-tuba","代表画像を目視確認した主要頭部モチーフ: tuba","B06-OBJ__Artifact_&_Architecture/noun-1383__head-tuba.png","visual audit of representative image for each of 258 head types"
"1382","590","B04-CUL","Culinary","head-cotton-candy","代表画像を目視確認した主要頭部モチーフ: cotton-candy","B04-CUL__Culinary/noun-1382__head-cotton-candy.png","visual audit of representative image for each of 258 head types"
"1381","591","B04-CUL","Culinary","head-cookie","代表画像を目視確認した主要頭部モチーフ: cookie","B04-CUL__Culinary/noun-1381__head-cookie.png","visual audit of representative image for each of 258 head types"
"1380","592","B06-OBJ","Artifact & Architecture","head-backpack","代表画像を目視確認した主要頭部モチーフ: backpack","B06-OBJ__Artifact_&_Architecture/noun-1380__head-backpack.png","visual audit of representative image for each of 258 head types"
"1379","593","B02-FAU","Fauna","head-bigfoot-yeti","代表画像を目視確認した主要頭部モチーフ: bigfoot-yeti","B02-FAU__Fauna/noun-1379__head-bigfoot-yeti.png","visual audit of representative image for each of 258 head types"
"1378","594","B01-HUM","Humanoid","head-thumbsup","代表画像を目視確認した主要頭部モチーフ: thumbsup","B01-HUM__Humanoid/noun-1378__head-thumbsup.png","visual audit of representative image for each of 258 head types"
"1377","595","B01-HUM","Humanoid","head-thumbsup","代表画像を目視確認した主要頭部モチーフ: thumbsup","B01-HUM__Humanoid/noun-1377__head-thumbsup.png","visual audit of representative image for each of 258 head types"
"1376","596","B05-MEC","Machine","head-cordlessphone","代表画像を目視確認した主要頭部モチーフ: cordlessphone","B05-MEC__Machine/noun-1376__head-cordlessphone.png","visual audit of representative image for each of 258 head types"
"1375","597","B04-CUL","Culinary","head-egg","代表画像を目視確認した主要頭部モチーフ: egg","B04-CUL__Culinary/noun-1375__head-egg.png","visual audit of representative image for each of 258 head types"
"1374","598","B05-MEC","Machine","head-turing","代表画像を目視確認した主要頭部モチーフ: turing","B05-MEC__Machine/noun-1374__head-turing.png","visual audit of representative image for each of 258 head types"
"1373","599","B06-OBJ","Artifact & Architecture","head-queencrown","代表画像を目視確認した主要頭部モチーフ: queencrown","B06-OBJ__Artifact_&_Architecture/noun-1373__head-queencrown.png","visual audit of representative image for each of 258 head types"
"1372","600","B06-OBJ","Artifact & Architecture","head-pirateship","代表画像を目視確認した主要頭部モチーフ: pirateship","B06-OBJ__Artifact_&_Architecture/noun-1372__head-pirateship.png","visual audit of representative image for each of 258 head types"
"1371","601","B02-FAU","Fauna","head-rabbit","代表画像を目視確認した主要頭部モチーフ: rabbit","B02-FAU__Fauna/noun-1371__head-rabbit.png","visual audit of representative image for each of 258 head types"
"1370","602","B06-OBJ","Artifact & Architecture","head-basketball","代表画像を目視確認した主要頭部モチーフ: basketball","B06-OBJ__Artifact_&_Architecture/noun-1370__head-basketball.png","visual audit of representative image for each of 258 head types"
"1369","603","B03-FLO","Flora & Fungi","head-weed","代表画像を目視確認した主要頭部モチーフ: weed","B03-FLO__Flora_&_Fungi/noun-1369__head-weed.png","visual audit of representative image for each of 258 head types"
"1368","604","B06-OBJ","Artifact & Architecture","head-cassettetape","代表画像を目視確認した主要頭部モチーフ: cassettetape","B06-OBJ__Artifact_&_Architecture/noun-1368__head-cassettetape.png","visual audit of representative image for each of 258 head types"
"1367","605","B06-OBJ","Artifact & Architecture","head-sand-castle","代表画像を目視確認した主要頭部モチーフ: sand-castle","B06-OBJ__Artifact_&_Architecture/noun-1367__head-sand-castle.png","visual audit of representative image for each of 258 head types"
"1366","606","B04-CUL","Culinary","head-beer","代表画像を目視確認した主要頭部モチーフ: beer","B04-CUL__Culinary/noun-1366__head-beer.png","visual audit of representative image for each of 258 head types"
"1365","607","B05-MEC","Machine","head-rangefinder","代表画像を目視確認した主要頭部モチーフ: rangefinder","B05-MEC__Machine/noun-1365__head-rangefinder.png","visual audit of representative image for each of 258 head types"
"1364","608","B02-FAU","Fauna","head-green-snake","代表画像を目視確認した主要頭部モチーフ: green-snake","B02-FAU__Fauna/noun-1364__head-green-snake.png","visual audit of representative image for each of 258 head types"
"1363","609","B01-HUM","Humanoid","head-tooth","代表画像を目視確認した主要頭部モチーフ: tooth","B01-HUM__Humanoid/noun-1363__head-tooth.png","visual audit of representative image for each of 258 head types"
"1362","610","B04-CUL","Culinary","head-cannedham","代表画像を目視確認した主要頭部モチーフ: cannedham","B04-CUL__Culinary/noun-1362__head-cannedham.png","visual audit of representative image for each of 258 head types"
"1361","611","B04-CUL","Culinary","head-macaroni","代表画像を目視確認した主要頭部モチーフ: macaroni","B04-CUL__Culinary/noun-1361__head-macaroni.png","visual audit of representative image for each of 258 head types"
"1360","612","B06-OBJ","Artifact & Architecture","head-outlet","代表画像を目視確認した主要頭部モチーフ: outlet","B06-OBJ__Artifact_&_Architecture/noun-1360__head-outlet.png","visual audit of representative image for each of 258 head types"
"1359","613","B02-FAU","Fauna","head-dog","代表画像を目視確認した主要頭部モチーフ: dog","B02-FAU__Fauna/noun-1359__head-dog.png","visual audit of representative image for each of 258 head types"
"1358","614","B02-FAU","Fauna","head-cow","代表画像を目視確認した主要頭部モチーフ: cow","B02-FAU__Fauna/noun-1358__head-cow.png","visual audit of representative image for each of 258 head types"
"1357","615","B02-FAU","Fauna","head-dino","代表画像を目視確認した主要頭部モチーフ: dino","B02-FAU__Fauna/noun-1357__head-dino.png","visual audit of representative image for each of 258 head types"
"1356","616","B02-FAU","Fauna","head-raven","代表画像を目視確認した主要頭部モチーフ: raven","B02-FAU__Fauna/noun-1356__head-raven.png","visual audit of representative image for each of 258 head types"
"1355","617","B02-FAU","Fauna","head-bear","代表画像を目視確認した主要頭部モチーフ: bear","B02-FAU__Fauna/noun-1355__head-bear.png","visual audit of representative image for each of 258 head types"
"1354","618","B02-FAU","Fauna","head-oyster","代表画像を目視確認した主要頭部モチーフ: oyster","B02-FAU__Fauna/noun-1354__head-oyster.png","visual audit of representative image for each of 258 head types"
"1353","619","B02-FAU","Fauna","head-green-snake","代表画像を目視確認した主要頭部モチーフ: green-snake","B02-FAU__Fauna/noun-1353__head-green-snake.png","visual audit of representative image for each of 258 head types"
"1352","620","B02-FAU","Fauna","head-rabbit","代表画像を目視確認した主要頭部モチーフ: rabbit","B02-FAU__Fauna/noun-1352__head-rabbit.png","visual audit of representative image for each of 258 head types"
"1351","621","B06-OBJ","Artifact & Architecture","head-lipstick2","代表画像を目視確認した主要頭部モチーフ: lipstick2","B06-OBJ__Artifact_&_Architecture/noun-1351__head-lipstick2.png","visual audit of representative image for each of 258 head types"
"1350","622","B06-OBJ","Artifact & Architecture","head-calendar","代表画像を目視確認した主要頭部モチーフ: calendar","B06-OBJ__Artifact_&_Architecture/noun-1350__head-calendar.png","visual audit of representative image for each of 258 head types"
"1349","623","B08-NAT","Nature & Element","head-island","代表画像を目視確認した主要頭部モチーフ: island","B08-NAT__Nature_&_Element/noun-1349__head-island.png","visual audit of representative image for each of 258 head types"
"1348","624","B08-NAT","Nature & Element","head-island","代表画像を目視確認した主要頭部モチーフ: island","B08-NAT__Nature_&_Element/noun-1348__head-island.png","visual audit of representative image for each of 258 head types"
"1347","625","B08-NAT","Nature & Element","head-star-sparkles","代表画像を目視確認した主要頭部モチーフ: star-sparkles","B08-NAT__Nature_&_Element/noun-1347__head-star-sparkles.png","visual audit of representative image for each of 258 head types"
"1346","626","B05-MEC","Machine","head-crane","代表画像を目視確認した主要頭部モチーフ: crane","B05-MEC__Machine/noun-1346__head-crane.png","visual audit of representative image for each of 258 head types"
"1345","627","B08-NAT","Nature & Element","head-island","代表画像を目視確認した主要頭部モチーフ: island","B08-NAT__Nature_&_Element/noun-1345__head-island.png","visual audit of representative image for each of 258 head types"
"1344","628","B08-NAT","Nature & Element","head-lightning-bolt","代表画像を目視確認した主要頭部モチーフ: lightning-bolt","B08-NAT__Nature_&_Element/noun-1344__head-lightning-bolt.png","visual audit of representative image for each of 258 head types"
"1343","629","B06-OBJ","Artifact & Architecture","head-house","代表画像を目視確認した主要頭部モチーフ: house","B06-OBJ__Artifact_&_Architecture/noun-1343__head-house.png","visual audit of representative image for each of 258 head types"
"1342","630","B02-FAU","Fauna","head-otter","代表画像を目視確認した主要頭部モチーフ: otter","B02-FAU__Fauna/noun-1342__head-otter.png","visual audit of representative image for each of 258 head types"
"1341","631","B04-CUL","Culinary","head-porkbao","代表画像を目視確認した主要頭部モチーフ: porkbao","B04-CUL__Culinary/noun-1341__head-porkbao.png","visual audit of representative image for each of 258 head types"
"1340","632","B02-FAU","Fauna","head-jellyfish","代表画像を目視確認した主要頭部モチーフ: jellyfish","B02-FAU__Fauna/noun-1340__head-jellyfish.png","visual audit of representative image for each of 258 head types"
"1339","633","B02-FAU","Fauna","head-goldfish","代表画像を目視確認した主要頭部モチーフ: goldfish","B02-FAU__Fauna/noun-1339__head-goldfish.png","visual audit of representative image for each of 258 head types"
"1338","634","B06-OBJ","Artifact & Architecture","head-faberge","代表画像を目視確認した主要頭部モチーフ: faberge","B06-OBJ__Artifact_&_Architecture/noun-1338__head-faberge.png","visual audit of representative image for each of 258 head types"
"1337","635","B02-FAU","Fauna","head-orca","代表画像を目視確認した主要頭部モチーフ: orca","B02-FAU__Fauna/noun-1337__head-orca.png","visual audit of representative image for each of 258 head types"
"1336","636","B02-FAU","Fauna","head-chameleon","代表画像を目視確認した主要頭部モチーフ: chameleon","B02-FAU__Fauna/noun-1336__head-chameleon.png","visual audit of representative image for each of 258 head types"
"1335","637","B08-NAT","Nature & Element","head-island","代表画像を目視確認した主要頭部モチーフ: island","B08-NAT__Nature_&_Element/noun-1335__head-island.png","visual audit of representative image for each of 258 head types"
"1334","638","B02-FAU","Fauna","head-horse-deepfried","代表画像を目視確認した主要頭部モチーフ: horse-deepfried","B02-FAU__Fauna/noun-1334__head-horse-deepfried.png","visual audit of representative image for each of 258 head types"
"1333","639","B09-ECH","Secret Echo","head-bubble-speech","代表画像を目視確認した主要頭部モチーフ: bubble-speech","B09-ECH__Secret_Echo/noun-1333__head-bubble-speech.png","visual audit of representative image for each of 258 head types"
"1332","640","B02-FAU","Fauna","head-chicken","代表画像を目視確認した主要頭部モチーフ: chicken","B02-FAU__Fauna/noun-1332__head-chicken.png","visual audit of representative image for each of 258 head types"
"1331","641","B04-CUL","Culinary","head-mustard","代表画像を目視確認した主要頭部モチーフ: mustard","B04-CUL__Culinary/noun-1331__head-mustard.png","visual audit of representative image for each of 258 head types"
"1330","642","B04-CUL","Culinary","head-noodles","代表画像を目視確認した主要頭部モチーフ: noodles","B04-CUL__Culinary/noun-1330__head-noodles.png","visual audit of representative image for each of 258 head types"
"1329","643","B06-OBJ","Artifact & Architecture","head-bag","代表画像を目視確認した主要頭部モチーフ: bag","B06-OBJ__Artifact_&_Architecture/noun-1329__head-bag.png","visual audit of representative image for each of 258 head types"
"1328","644","B02-FAU","Fauna","head-crab","代表画像を目視確認した主要頭部モチーフ: crab","B02-FAU__Fauna/noun-1328__head-crab.png","visual audit of representative image for each of 258 head types"
"1327","645","B04-CUL","Culinary","head-porkbao","代表画像を目視確認した主要頭部モチーフ: porkbao","B04-CUL__Culinary/noun-1327__head-porkbao.png","visual audit of representative image for each of 258 head types"
"1326","646","B04-CUL","Culinary","head-pie","代表画像を目視確認した主要頭部モチーフ: pie","B04-CUL__Culinary/noun-1326__head-pie.png","visual audit of representative image for each of 258 head types"
"1325","647","B04-CUL","Culinary","head-garlic","代表画像を目視確認した主要頭部モチーフ: garlic","B04-CUL__Culinary/noun-1325__head-garlic.png","visual audit of representative image for each of 258 head types"
"1324","648","B06-OBJ","Artifact & Architecture","head-watch","代表画像を目視確認した主要頭部モチーフ: watch","B06-OBJ__Artifact_&_Architecture/noun-1324__head-watch.png","visual audit of representative image for each of 258 head types"
"1323","649","B08-NAT","Nature & Element","head-cloud","代表画像を目視確認した主要頭部モチーフ: cloud","B08-NAT__Nature_&_Element/noun-1323__head-cloud.png","visual audit of representative image for each of 258 head types"
"1322","650","B06-OBJ","Artifact & Architecture","head-bagpipe","代表画像を目視確認した主要頭部モチーフ: bagpipe","B06-OBJ__Artifact_&_Architecture/noun-1322__head-bagpipe.png","visual audit of representative image for each of 258 head types"
"1321","651","B03-FLO","Flora & Fungi","head-flower","代表画像を目視確認した主要頭部モチーフ: flower","B03-FLO__Flora_&_Fungi/noun-1321__head-flower.png","visual audit of representative image for each of 258 head types"
"1320","652","B03-FLO","Flora & Fungi","head-bonsai","代表画像を目視確認した主要頭部モチーフ: bonsai","B03-FLO__Flora_&_Fungi/noun-1320__head-bonsai.png","visual audit of representative image for each of 258 head types"
"1319","653","B02-FAU","Fauna","head-green-snake","代表画像を目視確認した主要頭部モチーフ: green-snake","B02-FAU__Fauna/noun-1319__head-green-snake.png","visual audit of representative image for each of 258 head types"
"1318","654","B01-HUM","Humanoid","head-thumbsup","代表画像を目視確認した主要頭部モチーフ: thumbsup","B01-HUM__Humanoid/noun-1318__head-thumbsup.png","visual audit of representative image for each of 258 head types"
"1317","655","B07-MAT","Material & Mineral","head-lint","代表画像を目視確認した主要頭部モチーフ: lint","B07-MAT__Material_&_Mineral/noun-1317__head-lint.png","visual audit of representative image for each of 258 head types"
"1316","656","B09-ECH","Secret Echo","head-chart-bars","代表画像を目視確認した主要頭部モチーフ: chart-bars","B09-ECH__Secret_Echo/noun-1316__head-chart-bars.png","visual audit of representative image for each of 258 head types"
"1315","657","B03-FLO","Flora & Fungi","head-bonsai","代表画像を目視確認した主要頭部モチーフ: bonsai","B03-FLO__Flora_&_Fungi/noun-1315__head-bonsai.png","visual audit of representative image for each of 258 head types"
"1314","658","B02-FAU","Fauna","head-mouse","代表画像を目視確認した主要頭部モチーフ: mouse","B02-FAU__Fauna/noun-1314__head-mouse.png","visual audit of representative image for each of 258 head types"
"1313","659","B06-OBJ","Artifact & Architecture","head-mailbox","代表画像を目視確認した主要頭部モチーフ: mailbox","B06-OBJ__Artifact_&_Architecture/noun-1313__head-mailbox.png","visual audit of representative image for each of 258 head types"
"1312","660","B04-CUL","Culinary","head-ketchup","代表画像を目視確認した主要頭部モチーフ: ketchup","B04-CUL__Culinary/noun-1312__head-ketchup.png","visual audit of representative image for each of 258 head types"
"1311","661","B05-MEC","Machine","head-snowmobile","代表画像を目視確認した主要頭部モチーフ: snowmobile","B05-MEC__Machine/noun-1311__head-snowmobile.png","visual audit of representative image for each of 258 head types"
"1310","662","B05-MEC","Machine","head-console-handheld","代表画像を目視確認した主要頭部モチーフ: console-handheld","B05-MEC__Machine/noun-1310__head-console-handheld.png","visual audit of representative image for each of 258 head types"
"1309","663","B02-FAU","Fauna","head-cat","代表画像を目視確認した主要頭部モチーフ: cat","B02-FAU__Fauna/noun-1309__head-cat.png","visual audit of representative image for each of 258 head types"
"1308","664","B06-OBJ","Artifact & Architecture","head-cassettetape","代表画像を目視確認した主要頭部モチーフ: cassettetape","B06-OBJ__Artifact_&_Architecture/noun-1308__head-cassettetape.png","visual audit of representative image for each of 258 head types"
"1307","665","B04-CUL","Culinary","head-mustard","代表画像を目視確認した主要頭部モチーフ: mustard","B04-CUL__Culinary/noun-1307__head-mustard.png","visual audit of representative image for each of 258 head types"
"1306","666","B04-CUL","Culinary","head-ketchup","代表画像を目視確認した主要頭部モチーフ: ketchup","B04-CUL__Culinary/noun-1306__head-ketchup.png","visual audit of representative image for each of 258 head types"
"1305","667","B06-OBJ","Artifact & Architecture","head-pipe","代表画像を目視確認した主要頭部モチーフ: pipe","B06-OBJ__Artifact_&_Architecture/noun-1305__head-pipe.png","visual audit of representative image for each of 258 head types"
"1304","668","B02-FAU","Fauna","head-oyster","代表画像を目視確認した主要頭部モチーフ: oyster","B02-FAU__Fauna/noun-1304__head-oyster.png","visual audit of representative image for each of 258 head types"
"1303","669","B07-MAT","Material & Mineral","head-cottonball","代表画像を目視確認した主要頭部モチーフ: cottonball","B07-MAT__Material_&_Mineral/noun-1303__head-cottonball.png","visual audit of representative image for each of 258 head types"
"1302","670","B02-FAU","Fauna","head-cat","代表画像を目視確認した主要頭部モチーフ: cat","B02-FAU__Fauna/noun-1302__head-cat.png","visual audit of representative image for each of 258 head types"
"1301","671","B06-OBJ","Artifact & Architecture","head-cd","代表画像を目視確認した主要頭部モチーフ: cd","B06-OBJ__Artifact_&_Architecture/noun-1301__head-cd.png","visual audit of representative image for each of 258 head types"
"1300","672","B06-OBJ","Artifact & Architecture","head-paintbrush","代表画像を目視確認した主要頭部モチーフ: paintbrush","B06-OBJ__Artifact_&_Architecture/noun-1300__head-paintbrush.png","visual audit of representative image for each of 258 head types"
"1299","673","B05-MEC","Machine","head-ufo","代表画像を目視確認した主要頭部モチーフ: ufo","B05-MEC__Machine/noun-1299__head-ufo.png","visual audit of representative image for each of 258 head types"
"1298","674","B06-OBJ","Artifact & Architecture","head-chefhat","代表画像を目視確認した主要頭部モチーフ: chefhat","B06-OBJ__Artifact_&_Architecture/noun-1298__head-chefhat.png","visual audit of representative image for each of 258 head types"
"1297","675","B05-MEC","Machine","head-rangefinder","代表画像を目視確認した主要頭部モチーフ: rangefinder","B05-MEC__Machine/noun-1297__head-rangefinder.png","visual audit of representative image for each of 258 head types"
"1296","676","B04-CUL","Culinary","head-ketchup","代表画像を目視確認した主要頭部モチーフ: ketchup","B04-CUL__Culinary/noun-1296__head-ketchup.png","visual audit of representative image for each of 258 head types"
"1295","677","B06-OBJ","Artifact & Architecture","head-hardhat","代表画像を目視確認した主要頭部モチーフ: hardhat","B06-OBJ__Artifact_&_Architecture/noun-1295__head-hardhat.png","visual audit of representative image for each of 258 head types"
"1294","678","B08-NAT","Nature & Element","head-volcano","代表画像を目視確認した主要頭部モチーフ: volcano","B08-NAT__Nature_&_Element/noun-1294__head-volcano.png","visual audit of representative image for each of 258 head types"
"1293","679","B09-ECH","Secret Echo","head-bubble-speech","代表画像を目視確認した主要頭部モチーフ: bubble-speech","B09-ECH__Secret_Echo/noun-1293__head-bubble-speech.png","visual audit of representative image for each of 258 head types"
"1292","680","B06-OBJ","Artifact & Architecture","head-queencrown","代表画像を目視確認した主要頭部モチーフ: queencrown","B06-OBJ__Artifact_&_Architecture/noun-1292__head-queencrown.png","visual audit of representative image for each of 258 head types"
"1291","681","B04-CUL","Culinary","head-taco-classic","代表画像を目視確認した主要頭部モチーフ: taco-classic","B04-CUL__Culinary/noun-1291__head-taco-classic.png","visual audit of representative image for each of 258 head types"
"1290","682","B05-MEC","Machine","head-bomb","代表画像を目視確認した主要頭部モチーフ: bomb","B05-MEC__Machine/noun-1290__head-bomb.png","visual audit of representative image for each of 258 head types"
"1289","683","B06-OBJ","Artifact & Architecture","head-pirateship","代表画像を目視確認した主要頭部モチーフ: pirateship","B06-OBJ__Artifact_&_Architecture/noun-1289__head-pirateship.png","visual audit of representative image for each of 258 head types"
"1288","684","B07-MAT","Material & Mineral","head-lint","代表画像を目視確認した主要頭部モチーフ: lint","B07-MAT__Material_&_Mineral/noun-1288__head-lint.png","visual audit of representative image for each of 258 head types"
"1287","685","B06-OBJ","Artifact & Architecture","head-outlet","代表画像を目視確認した主要頭部モチーフ: outlet","B06-OBJ__Artifact_&_Architecture/noun-1287__head-outlet.png","visual audit of representative image for each of 258 head types"
"1286","686","B01-HUM","Humanoid","head-tooth","代表画像を目視確認した主要頭部モチーフ: tooth","B01-HUM__Humanoid/noun-1286__head-tooth.png","visual audit of representative image for each of 258 head types"
"1285","687","B03-FLO","Flora & Fungi","head-fir","代表画像を目視確認した主要頭部モチーフ: fir","B03-FLO__Flora_&_Fungi/noun-1285__head-fir.png","visual audit of representative image for each of 258 head types"
"1284","688","B08-NAT","Nature & Element","head-sunset","代表画像を目視確認した主要頭部モチーフ: sunset","B08-NAT__Nature_&_Element/noun-1284__head-sunset.png","visual audit of representative image for each of 258 head types"
"1283","689","B02-FAU","Fauna","head-bat","代表画像を目視確認した主要頭部モチーフ: bat","B02-FAU__Fauna/noun-1283__head-bat.png","visual audit of representative image for each of 258 head types"
"1282","690","B04-CUL","Culinary","head-ketchup","代表画像を目視確認した主要頭部モチーフ: ketchup","B04-CUL__Culinary/noun-1282__head-ketchup.png","visual audit of representative image for each of 258 head types"
"1281","691","B02-FAU","Fauna","head-orca","代表画像を目視確認した主要頭部モチーフ: orca","B02-FAU__Fauna/noun-1281__head-orca.png","visual audit of representative image for each of 258 head types"
"1280","692","B05-MEC","Machine","head-rangefinder","代表画像を目視確認した主要頭部モチーフ: rangefinder","B05-MEC__Machine/noun-1280__head-rangefinder.png","visual audit of representative image for each of 258 head types"
"1279","693","B02-FAU","Fauna","head-cow","代表画像を目視確認した主要頭部モチーフ: cow","B02-FAU__Fauna/noun-1279__head-cow.png","visual audit of representative image for each of 258 head types"
"1278","694","B06-OBJ","Artifact & Architecture","head-boot","代表画像を目視確認した主要頭部モチーフ: boot","B06-OBJ__Artifact_&_Architecture/noun-1278__head-boot.png","visual audit of representative image for each of 258 head types"
"1277","695","B05-MEC","Machine","head-sailboat","代表画像を目視確認した主要頭部モチーフ: sailboat","B05-MEC__Machine/noun-1277__head-sailboat.png","visual audit of representative image for each of 258 head types"
"1276","696","B05-MEC","Machine","head-fan","代表画像を目視確認した主要頭部モチーフ: fan","B05-MEC__Machine/noun-1276__head-fan.png","visual audit of representative image for each of 258 head types"
"1275","697","B03-FLO","Flora & Fungi","head-bonsai","代表画像を目視確認した主要頭部モチーフ: bonsai","B03-FLO__Flora_&_Fungi/noun-1275__head-bonsai.png","visual audit of representative image for each of 258 head types"
"1274","698","B02-FAU","Fauna","head-werewolf","代表画像を目視確認した主要頭部モチーフ: werewolf","B02-FAU__Fauna/noun-1274__head-werewolf.png","visual audit of representative image for each of 258 head types"
"1273","699","B04-CUL","Culinary","head-egg","代表画像を目視確認した主要頭部モチーフ: egg","B04-CUL__Culinary/noun-1273__head-egg.png","visual audit of representative image for each of 258 head types"
"1272","700","B06-OBJ","Artifact & Architecture","head-bag","代表画像を目視確認した主要頭部モチーフ: bag","B06-OBJ__Artifact_&_Architecture/noun-1272__head-bag.png","visual audit of representative image for each of 258 head types"
"1271","701","B06-OBJ","Artifact & Architecture","head-bell","代表画像を目視確認した主要頭部モチーフ: bell","B06-OBJ__Artifact_&_Architecture/noun-1271__head-bell.png","visual audit of representative image for each of 258 head types"
"1270","702","B04-CUL","Culinary","head-noodles","代表画像を目視確認した主要頭部モチーフ: noodles","B04-CUL__Culinary/noun-1270__head-noodles.png","visual audit of representative image for each of 258 head types"
"1269","703","B03-FLO","Flora & Fungi","head-bonsai","代表画像を目視確認した主要頭部モチーフ: bonsai","B03-FLO__Flora_&_Fungi/noun-1269__head-bonsai.png","visual audit of representative image for each of 258 head types"
"1268","704","B09-ECH","Secret Echo","head-rgb","代表画像を目視確認した主要頭部モチーフ: rgb","B09-ECH__Secret_Echo/noun-1268__head-rgb.png","visual audit of representative image for each of 258 head types"
"1267","705","B06-OBJ","Artifact & Architecture","head-sand-castle","代表画像を目視確認した主要頭部モチーフ: sand-castle","B06-OBJ__Artifact_&_Architecture/noun-1267__head-sand-castle.png","visual audit of representative image for each of 258 head types"
"1266","706","B03-FLO","Flora & Fungi","head-mushroom","代表画像を目視確認した主要頭部モチーフ: mushroom","B03-FLO__Flora_&_Fungi/noun-1266__head-mushroom.png","visual audit of representative image for each of 258 head types"
"1265","707","B06-OBJ","Artifact & Architecture","head-retainer","代表画像を目視確認した主要頭部モチーフ: retainer","B06-OBJ__Artifact_&_Architecture/noun-1265__head-retainer.png","visual audit of representative image for each of 258 head types"
"1264","708","B06-OBJ","Artifact & Architecture","head-piano","代表画像を目視確認した主要頭部モチーフ: piano","B06-OBJ__Artifact_&_Architecture/noun-1264__head-piano.png","visual audit of representative image for each of 258 head types"
"1263","709","B02-FAU","Fauna","head-cat","代表画像を目視確認した主要頭部モチーフ: cat","B02-FAU__Fauna/noun-1263__head-cat.png","visual audit of representative image for each of 258 head types"
"1262","710","B02-FAU","Fauna","head-dino","代表画像を目視確認した主要頭部モチーフ: dino","B02-FAU__Fauna/noun-1262__head-dino.png","visual audit of representative image for each of 258 head types"
"1261","711","B04-CUL","Culinary","head-mug","代表画像を目視確認した主要頭部モチーフ: mug","B04-CUL__Culinary/noun-1261__head-mug.png","visual audit of representative image for each of 258 head types"
"1260","712","B02-FAU","Fauna","head-fox","代表画像を目視確認した主要頭部モチーフ: fox","B02-FAU__Fauna/noun-1260__head-fox.png","visual audit of representative image for each of 258 head types"
"1259","713","B02-FAU","Fauna","head-whale","代表画像を目視確認した主要頭部モチーフ: whale","B02-FAU__Fauna/noun-1259__head-whale.png","visual audit of representative image for each of 258 head types"
"1258","714","B02-FAU","Fauna","head-orca","代表画像を目視確認した主要頭部モチーフ: orca","B02-FAU__Fauna/noun-1258__head-orca.png","visual audit of representative image for each of 258 head types"
"1257","715","B06-OBJ","Artifact & Architecture","head-curling-stone","代表画像を目視確認した主要頭部モチーフ: curling-stone","B06-OBJ__Artifact_&_Architecture/noun-1257__head-curling-stone.png","visual audit of representative image for each of 258 head types"
"1256","716","B02-FAU","Fauna","head-kangaroo","代表画像を目視確認した主要頭部モチーフ: kangaroo","B02-FAU__Fauna/noun-1256__head-kangaroo.png","visual audit of representative image for each of 258 head types"
"1255","717","B06-OBJ","Artifact & Architecture","head-firehydrant","代表画像を目視確認した主要頭部モチーフ: firehydrant","B06-OBJ__Artifact_&_Architecture/noun-1255__head-firehydrant.png","visual audit of representative image for each of 258 head types"
"1254","718","B05-MEC","Machine","head-cordlessphone","代表画像を目視確認した主要頭部モチーフ: cordlessphone","B05-MEC__Machine/noun-1254__head-cordlessphone.png","visual audit of representative image for each of 258 head types"
"1253","719","B06-OBJ","Artifact & Architecture","head-index-card","代表画像を目視確認した主要頭部モチーフ: index-card","B06-OBJ__Artifact_&_Architecture/noun-1253__head-index-card.png","visual audit of representative image for each of 258 head types"
"1252","720","B05-MEC","Machine","head-satellite","代表画像を目視確認した主要頭部モチーフ: satellite","B05-MEC__Machine/noun-1252__head-satellite.png","visual audit of representative image for each of 258 head types"
"1251","721","B06-OBJ","Artifact & Architecture","head-firehydrant","代表画像を目視確認した主要頭部モチーフ: firehydrant","B06-OBJ__Artifact_&_Architecture/noun-1251__head-firehydrant.png","visual audit of representative image for each of 258 head types"
"1250","722","B02-FAU","Fauna","head-grouper","代表画像を目視確認した主要頭部モチーフ: grouper","B02-FAU__Fauna/noun-1250__head-grouper.png","visual audit of representative image for each of 258 head types"
"1249","723","B06-OBJ","Artifact & Architecture","head-cone","代表画像を目視確認した主要頭部モチーフ: cone","B06-OBJ__Artifact_&_Architecture/noun-1249__head-cone.png","visual audit of representative image for each of 258 head types"
"1248","724","B06-OBJ","Artifact & Architecture","head-baseball-gameball","代表画像を目視確認した主要頭部モチーフ: baseball-gameball","B06-OBJ__Artifact_&_Architecture/noun-1248__head-baseball-gameball.png","visual audit of representative image for each of 258 head types"
"1247","725","B04-CUL","Culinary","head-pizza","代表画像を目視確認した主要頭部モチーフ: pizza","B04-CUL__Culinary/noun-1247__head-pizza.png","visual audit of representative image for each of 258 head types"
"1246","726","B08-NAT","Nature & Element","head-island","代表画像を目視確認した主要頭部モチーフ: island","B08-NAT__Nature_&_Element/noun-1246__head-island.png","visual audit of representative image for each of 258 head types"
"1245","727","B05-MEC","Machine","head-calculator","代表画像を目視確認した主要頭部モチーフ: calculator","B05-MEC__Machine/noun-1245__head-calculator.png","visual audit of representative image for each of 258 head types"
"1244","728","B06-OBJ","Artifact & Architecture","head-sand-castle","代表画像を目視確認した主要頭部モチーフ: sand-castle","B06-OBJ__Artifact_&_Architecture/noun-1244__head-sand-castle.png","visual audit of representative image for each of 258 head types"
"1243","729","B04-CUL","Culinary","head-cheese","代表画像を目視確認した主要頭部モチーフ: cheese","B04-CUL__Culinary/noun-1243__head-cheese.png","visual audit of representative image for each of 258 head types"
"1242","730","B05-MEC","Machine","head-crt-bsod","代表画像を目視確認した主要頭部モチーフ: crt-bsod","B05-MEC__Machine/noun-1242__head-crt-bsod.png","visual audit of representative image for each of 258 head types"
"1241","731","B07-MAT","Material & Mineral","head-diamond-blue","代表画像を目視確認した主要頭部モチーフ: diamond-blue","B07-MAT__Material_&_Mineral/noun-1241__head-diamond-blue.png","visual audit of representative image for each of 258 head types"
"1240","732","B06-OBJ","Artifact & Architecture","head-saw","代表画像を目視確認した主要頭部モチーフ: saw","B06-OBJ__Artifact_&_Architecture/noun-1240__head-saw.png","visual audit of representative image for each of 258 head types"
"1239","733","B06-OBJ","Artifact & Architecture","head-lipstick2","代表画像を目視確認した主要頭部モチーフ: lipstick2","B06-OBJ__Artifact_&_Architecture/noun-1239__head-lipstick2.png","visual audit of representative image for each of 258 head types"
"1238","734","B02-FAU","Fauna","head-kangaroo","代表画像を目視確認した主要頭部モチーフ: kangaroo","B02-FAU__Fauna/noun-1238__head-kangaroo.png","visual audit of representative image for each of 258 head types"
"1237","735","B03-FLO","Flora & Fungi","head-mushroom","代表画像を目視確認した主要頭部モチーフ: mushroom","B03-FLO__Flora_&_Fungi/noun-1237__head-mushroom.png","visual audit of representative image for each of 258 head types"
"1236","736","B04-CUL","Culinary","head-cotton-candy","代表画像を目視確認した主要頭部モチーフ: cotton-candy","B04-CUL__Culinary/noun-1236__head-cotton-candy.png","visual audit of representative image for each of 258 head types"
"1235","737","B04-CUL","Culinary","head-cherry","代表画像を目視確認した主要頭部モチーフ: cherry","B04-CUL__Culinary/noun-1235__head-cherry.png","visual audit of representative image for each of 258 head types"
"1234","738","B02-FAU","Fauna","head-jellyfish","代表画像を目視確認した主要頭部モチーフ: jellyfish","B02-FAU__Fauna/noun-1234__head-jellyfish.png","visual audit of representative image for each of 258 head types"
"1233","739","B04-CUL","Culinary","head-hotdog","代表画像を目視確認した主要頭部モチーフ: hotdog","B04-CUL__Culinary/noun-1233__head-hotdog.png","visual audit of representative image for each of 258 head types"
"1232","740","B05-MEC","Machine","head-skateboard","代表画像を目視確認した主要頭部モチーフ: skateboard","B05-MEC__Machine/noun-1232__head-skateboard.png","visual audit of representative image for each of 258 head types"
"1231","741","B06-OBJ","Artifact & Architecture","head-bag","代表画像を目視確認した主要頭部モチーフ: bag","B06-OBJ__Artifact_&_Architecture/noun-1231__head-bag.png","visual audit of representative image for each of 258 head types"
"1230","742","B06-OBJ","Artifact & Architecture","head-igloo","代表画像を目視確認した主要頭部モチーフ: igloo","B06-OBJ__Artifact_&_Architecture/noun-1230__head-igloo.png","visual audit of representative image for each of 258 head types"
"1229","743","B05-MEC","Machine","head-drill","代表画像を目視確認した主要頭部モチーフ: drill","B05-MEC__Machine/noun-1229__head-drill.png","visual audit of representative image for each of 258 head types"
"1228","744","B02-FAU","Fauna","head-flamingo","代表画像を目視確認した主要頭部モチーフ: flamingo","B02-FAU__Fauna/noun-1228__head-flamingo.png","visual audit of representative image for each of 258 head types"
"1227","745","B02-FAU","Fauna","head-bigfoot-yeti","代表画像を目視確認した主要頭部モチーフ: bigfoot-yeti","B02-FAU__Fauna/noun-1227__head-bigfoot-yeti.png","visual audit of representative image for each of 258 head types"
"1226","746","B08-NAT","Nature & Element","head-mountain-snowcap","代表画像を目視確認した主要頭部モチーフ: mountain-snowcap","B08-NAT__Nature_&_Element/noun-1226__head-mountain-snowcap.png","visual audit of representative image for each of 258 head types"
"1225","747","B05-MEC","Machine","head-chipboard","代表画像を目視確認した主要頭部モチーフ: chipboard","B05-MEC__Machine/noun-1225__head-chipboard.png","visual audit of representative image for each of 258 head types"
"1224","748","B06-OBJ","Artifact & Architecture","head-shower","代表画像を目視確認した主要頭部モチーフ: shower","B06-OBJ__Artifact_&_Architecture/noun-1224__head-shower.png","visual audit of representative image for each of 258 head types"
"1223","749","B04-CUL","Culinary","head-cannedham","代表画像を目視確認した主要頭部モチーフ: cannedham","B04-CUL__Culinary/noun-1223__head-cannedham.png","visual audit of representative image for each of 258 head types"
"1222","750","B06-OBJ","Artifact & Architecture","head-goldcoin","代表画像を目視確認した主要頭部モチーフ: goldcoin","B06-OBJ__Artifact_&_Architecture/noun-1222__head-goldcoin.png","visual audit of representative image for each of 258 head types"
"1221","751","B05-MEC","Machine","head-crane","代表画像を目視確認した主要頭部モチーフ: crane","B05-MEC__Machine/noun-1221__head-crane.png","visual audit of representative image for each of 258 head types"
"1220","752","B04-CUL","Culinary","head-pizza","代表画像を目視確認した主要頭部モチーフ: pizza","B04-CUL__Culinary/noun-1220__head-pizza.png","visual audit of representative image for each of 258 head types"
"1219","753","B02-FAU","Fauna","head-mosquito","代表画像を目視確認した主要頭部モチーフ: mosquito","B02-FAU__Fauna/noun-1219__head-mosquito.png","visual audit of representative image for each of 258 head types"
"1218","754","B06-OBJ","Artifact & Architecture","head-factory-dark","代表画像を目視確認した主要頭部モチーフ: factory-dark","B06-OBJ__Artifact_&_Architecture/noun-1218__head-factory-dark.png","visual audit of representative image for each of 258 head types"
"1217","755","B02-FAU","Fauna","head-mosquito","代表画像を目視確認した主要頭部モチーフ: mosquito","B02-FAU__Fauna/noun-1217__head-mosquito.png","visual audit of representative image for each of 258 head types"
"1216","756","B06-OBJ","Artifact & Architecture","head-sand-castle","代表画像を目視確認した主要頭部モチーフ: sand-castle","B06-OBJ__Artifact_&_Architecture/noun-1216__head-sand-castle.png","visual audit of representative image for each of 258 head types"
"1215","757","B01-HUM","Humanoid","head-gnome","代表画像を目視確認した主要頭部モチーフ: gnome","B01-HUM__Humanoid/noun-1215__head-gnome.png","visual audit of representative image for each of 258 head types"
"1214","758","B03-FLO","Flora & Fungi","head-rosebud","代表画像を目視確認した主要頭部モチーフ: rosebud","B03-FLO__Flora_&_Fungi/noun-1214__head-rosebud.png","visual audit of representative image for each of 258 head types"
"1213","759","B04-CUL","Culinary","head-noodles","代表画像を目視確認した主要頭部モチーフ: noodles","B04-CUL__Culinary/noun-1213__head-noodles.png","visual audit of representative image for each of 258 head types"
"1212","760","B05-MEC","Machine","head-sailboat","代表画像を目視確認した主要頭部モチーフ: sailboat","B05-MEC__Machine/noun-1212__head-sailboat.png","visual audit of representative image for each of 258 head types"
"1211","761","B02-FAU","Fauna","head-duck","代表画像を目視確認した主要頭部モチーフ: duck","B02-FAU__Fauna/noun-1211__head-duck.png","visual audit of representative image for each of 258 head types"
"1210","762","B08-NAT","Nature & Element","head-mountain-snowcap","代表画像を目視確認した主要頭部モチーフ: mountain-snowcap","B08-NAT__Nature_&_Element/noun-1210__head-mountain-snowcap.png","visual audit of representative image for each of 258 head types"
"1209","763","B02-FAU","Fauna","head-chicken","代表画像を目視確認した主要頭部モチーフ: chicken","B02-FAU__Fauna/noun-1209__head-chicken.png","visual audit of representative image for each of 258 head types"
"1208","764","B04-CUL","Culinary","head-shrimp-tempura","代表画像を目視確認した主要頭部モチーフ: shrimp-tempura","B04-CUL__Culinary/noun-1208__head-shrimp-tempura.png","visual audit of representative image for each of 258 head types"
"1207","765","B06-OBJ","Artifact & Architecture","head-highheel","代表画像を目視確認した主要頭部モチーフ: highheel","B06-OBJ__Artifact_&_Architecture/noun-1207__head-highheel.png","visual audit of representative image for each of 258 head types"
"1206","766","B04-CUL","Culinary","head-pineapple","代表画像を目視確認した主要頭部モチーフ: pineapple","B04-CUL__Culinary/noun-1206__head-pineapple.png","visual audit of representative image for each of 258 head types"
"1205","767","B05-MEC","Machine","head-toaster","代表画像を目視確認した主要頭部モチーフ: toaster","B05-MEC__Machine/noun-1205__head-toaster.png","visual audit of representative image for each of 258 head types"
"1204","768","B06-OBJ","Artifact & Architecture","head-crystalball","代表画像を目視確認した主要頭部モチーフ: crystalball","B06-OBJ__Artifact_&_Architecture/noun-1204__head-crystalball.png","visual audit of representative image for each of 258 head types"
"1203","769","B09-ECH","Secret Echo","head-chart-bars","代表画像を目視確認した主要頭部モチーフ: chart-bars","B09-ECH__Secret_Echo/noun-1203__head-chart-bars.png","visual audit of representative image for each of 258 head types"
"1202","770","B05-MEC","Machine","head-toaster","代表画像を目視確認した主要頭部モチーフ: toaster","B05-MEC__Machine/noun-1202__head-toaster.png","visual audit of representative image for each of 258 head types"
"1201","771","B06-OBJ","Artifact & Architecture","head-mailbox","代表画像を目視確認した主要頭部モチーフ: mailbox","B06-OBJ__Artifact_&_Architecture/noun-1201__head-mailbox.png","visual audit of representative image for each of 258 head types"
"1200","772","B02-FAU","Fauna","head-jellyfish","代表画像を目視確認した主要頭部モチーフ: jellyfish","B02-FAU__Fauna/noun-1200__head-jellyfish.png","visual audit of representative image for each of 258 head types"
"1199","773","B04-CUL","Culinary","head-spaghetti","代表画像を目視確認した主要頭部モチーフ: spaghetti","B04-CUL__Culinary/noun-1199__head-spaghetti.png","visual audit of representative image for each of 258 head types"
"1198","774","B02-FAU","Fauna","head-ducky","代表画像を目視確認した主要頭部モチーフ: ducky","B02-FAU__Fauna/noun-1198__head-ducky.png","visual audit of representative image for each of 258 head types"
"1197","775","B08-NAT","Nature & Element","head-island","代表画像を目視確認した主要頭部モチーフ: island","B08-NAT__Nature_&_Element/noun-1197__head-island.png","visual audit of representative image for each of 258 head types"
"1196","776","B02-FAU","Fauna","head-goldfish","代表画像を目視確認した主要頭部モチーフ: goldfish","B02-FAU__Fauna/noun-1196__head-goldfish.png","visual audit of representative image for each of 258 head types"
"1195","777","B08-NAT","Nature & Element","head-island","代表画像を目視確認した主要頭部モチーフ: island","B08-NAT__Nature_&_Element/noun-1195__head-island.png","visual audit of representative image for each of 258 head types"
"1194","778","B02-FAU","Fauna","head-whale","代表画像を目視確認した主要頭部モチーフ: whale","B02-FAU__Fauna/noun-1194__head-whale.png","visual audit of representative image for each of 258 head types"
"1193","779","B06-OBJ","Artifact & Architecture","head-tuba","代表画像を目視確認した主要頭部モチーフ: tuba","B06-OBJ__Artifact_&_Architecture/noun-1193__head-tuba.png","visual audit of representative image for each of 258 head types"
"1192","780","B08-NAT","Nature & Element","head-tornado","代表画像を目視確認した主要頭部モチーフ: tornado","B08-NAT__Nature_&_Element/noun-1192__head-tornado.png","visual audit of representative image for each of 258 head types"
"1191","781","B08-NAT","Nature & Element","head-rainbow","代表画像を目視確認した主要頭部モチーフ: rainbow","B08-NAT__Nature_&_Element/noun-1191__head-rainbow.png","visual audit of representative image for each of 258 head types"
"1190","782","B05-MEC","Machine","head-skateboard","代表画像を目視確認した主要頭部モチーフ: skateboard","B05-MEC__Machine/noun-1190__head-skateboard.png","visual audit of representative image for each of 258 head types"
"1189","783","B06-OBJ","Artifact & Architecture","head-shower","代表画像を目視確認した主要頭部モチーフ: shower","B06-OBJ__Artifact_&_Architecture/noun-1189__head-shower.png","visual audit of representative image for each of 258 head types"
"1188","784","B05-MEC","Machine","head-console-handheld","代表画像を目視確認した主要頭部モチーフ: console-handheld","B05-MEC__Machine/noun-1188__head-console-handheld.png","visual audit of representative image for each of 258 head types"
"1187","785","B08-NAT","Nature & Element","head-saturn","代表画像を目視確認した主要頭部モチーフ: saturn","B08-NAT__Nature_&_Element/noun-1187__head-saturn.png","visual audit of representative image for each of 258 head types"
"1186","786","B02-FAU","Fauna","head-moose","代表画像を目視確認した主要頭部モチーフ: moose","B02-FAU__Fauna/noun-1186__head-moose.png","visual audit of representative image for each of 258 head types"
"1185","787","B05-MEC","Machine","head-crt-bsod","代表画像を目視確認した主要頭部モチーフ: crt-bsod","B05-MEC__Machine/noun-1185__head-crt-bsod.png","visual audit of representative image for each of 258 head types"
"1184","788","B06-OBJ","Artifact & Architecture","head-toothbrush-fresh","代表画像を目視確認した主要頭部モチーフ: toothbrush-fresh","B06-OBJ__Artifact_&_Architecture/noun-1184__head-toothbrush-fresh.png","visual audit of representative image for each of 258 head types"
"1183","789","B06-OBJ","Artifact & Architecture","head-pipe","代表画像を目視確認した主要頭部モチーフ: pipe","B06-OBJ__Artifact_&_Architecture/noun-1183__head-pipe.png","visual audit of representative image for each of 258 head types"
"1182","790","B07-MAT","Material & Mineral","head-lint","代表画像を目視確認した主要頭部モチーフ: lint","B07-MAT__Material_&_Mineral/noun-1182__head-lint.png","visual audit of representative image for each of 258 head types"
"1181","791","B06-OBJ","Artifact & Architecture","head-wizardhat","代表画像を目視確認した主要頭部モチーフ: wizardhat","B06-OBJ__Artifact_&_Architecture/noun-1181__head-wizardhat.png","visual audit of representative image for each of 258 head types"
"1180","792","B09-ECH","Secret Echo","head-chart-bars","代表画像を目視確認した主要頭部モチーフ: chart-bars","B09-ECH__Secret_Echo/noun-1180__head-chart-bars.png","visual audit of representative image for each of 258 head types"
"1179","793","B09-ECH","Secret Echo","head-maze","代表画像を目視確認した主要頭部モチーフ: maze","B09-ECH__Secret_Echo/noun-1179__head-maze.png","visual audit of representative image for each of 258 head types"
"1178","794","B03-FLO","Flora & Fungi","head-weed","代表画像を目視確認した主要頭部モチーフ: weed","B03-FLO__Flora_&_Fungi/noun-1178__head-weed.png","visual audit of representative image for each of 258 head types"
"1177","795","B08-NAT","Nature & Element","head-tornado","代表画像を目視確認した主要頭部モチーフ: tornado","B08-NAT__Nature_&_Element/noun-1177__head-tornado.png","visual audit of representative image for each of 258 head types"
"1176","796","B06-OBJ","Artifact & Architecture","head-tuba","代表画像を目視確認した主要頭部モチーフ: tuba","B06-OBJ__Artifact_&_Architecture/noun-1176__head-tuba.png","visual audit of representative image for each of 258 head types"
"1175","797","B06-OBJ","Artifact & Architecture","head-sand-castle","代表画像を目視確認した主要頭部モチーフ: sand-castle","B06-OBJ__Artifact_&_Architecture/noun-1175__head-sand-castle.png","visual audit of representative image for each of 258 head types"
"1174","798","B02-FAU","Fauna","head-panda","代表画像を目視確認した主要頭部モチーフ: panda","B02-FAU__Fauna/noun-1174__head-panda.png","visual audit of representative image for each of 258 head types"
"1173","799","B02-FAU","Fauna","head-zebra","代表画像を目視確認した主要頭部モチーフ: zebra","B02-FAU__Fauna/noun-1173__head-zebra.png","visual audit of representative image for each of 258 head types"
"1172","800","B02-FAU","Fauna","head-pufferfish","代表画像を目視確認した主要頭部モチーフ: pufferfish","B02-FAU__Fauna/noun-1172__head-pufferfish.png","visual audit of representative image for each of 258 head types"
"1171","801","B06-OBJ","Artifact & Architecture","head-bagpipe","代表画像を目視確認した主要頭部モチーフ: bagpipe","B06-OBJ__Artifact_&_Architecture/noun-1171__head-bagpipe.png","visual audit of representative image for each of 258 head types"
"1170","802","B06-OBJ","Artifact & Architecture","head-clutch","代表画像を目視確認した主要頭部モチーフ: clutch","B06-OBJ__Artifact_&_Architecture/noun-1170__head-clutch.png","visual audit of representative image for each of 258 head types"
"1169","803","B06-OBJ","Artifact & Architecture","head-paperclip","代表画像を目視確認した主要頭部モチーフ: paperclip","B06-OBJ__Artifact_&_Architecture/noun-1169__head-paperclip.png","visual audit of representative image for each of 258 head types"
"1168","804","B09-ECH","Secret Echo","head-dna","代表画像を目視確認した主要頭部モチーフ: dna","B09-ECH__Secret_Echo/noun-1168__head-dna.png","visual audit of representative image for each of 258 head types"
"1167","805","B06-OBJ","Artifact & Architecture","head-wallet","代表画像を目視確認した主要頭部モチーフ: wallet","B06-OBJ__Artifact_&_Architecture/noun-1167__head-wallet.png","visual audit of representative image for each of 258 head types"
"1166","806","B06-OBJ","Artifact & Architecture","head-paperclip","代表画像を目視確認した主要頭部モチーフ: paperclip","B06-OBJ__Artifact_&_Architecture/noun-1166__head-paperclip.png","visual audit of representative image for each of 258 head types"
"1165","807","B10-ANO","Secret Anomaly","head-skeleton-hat","代表画像を目視確認した主要頭部モチーフ: skeleton-hat","B10-ANO__Secret_Anomaly/noun-1165__head-skeleton-hat.png","visual audit of representative image for each of 258 head types"
"1164","808","B02-FAU","Fauna","head-pufferfish","代表画像を目視確認した主要頭部モチーフ: pufferfish","B02-FAU__Fauna/noun-1164__head-pufferfish.png","visual audit of representative image for each of 258 head types"
"1163","809","B02-FAU","Fauna","head-grouper","代表画像を目視確認した主要頭部モチーフ: grouper","B02-FAU__Fauna/noun-1163__head-grouper.png","visual audit of representative image for each of 258 head types"
"1162","810","B02-FAU","Fauna","head-beluga","代表画像を目視確認した主要頭部モチーフ: beluga","B02-FAU__Fauna/noun-1162__head-beluga.png","visual audit of representative image for each of 258 head types"
"1161","811","B08-NAT","Nature & Element","head-rainbow","代表画像を目視確認した主要頭部モチーフ: rainbow","B08-NAT__Nature_&_Element/noun-1161__head-rainbow.png","visual audit of representative image for each of 258 head types"
"1160","812","B08-NAT","Nature & Element","head-earth","代表画像を目視確認した主要頭部モチーフ: earth","B08-NAT__Nature_&_Element/noun-1160__head-earth.png","visual audit of representative image for each of 258 head types"
"1159","813","B06-OBJ","Artifact & Architecture","head-retainer","代表画像を目視確認した主要頭部モチーフ: retainer","B06-OBJ__Artifact_&_Architecture/noun-1159__head-retainer.png","visual audit of representative image for each of 258 head types"
"1158","814","B01-HUM","Humanoid","head-gnome","代表画像を目視確認した主要頭部モチーフ: gnome","B01-HUM__Humanoid/noun-1158__head-gnome.png","visual audit of representative image for each of 258 head types"
"1157","815","B05-MEC","Machine","head-plane","代表画像を目視確認した主要頭部モチーフ: plane","B05-MEC__Machine/noun-1157__head-plane.png","visual audit of representative image for each of 258 head types"
"1156","816","B06-OBJ","Artifact & Architecture","head-hockeypuck","代表画像を目視確認した主要頭部モチーフ: hockeypuck","B06-OBJ__Artifact_&_Architecture/noun-1156__head-hockeypuck.png","visual audit of representative image for each of 258 head types"
"1155","817","B04-CUL","Culinary","head-egg","代表画像を目視確認した主要頭部モチーフ: egg","B04-CUL__Culinary/noun-1155__head-egg.png","visual audit of representative image for each of 258 head types"
"1154","818","B06-OBJ","Artifact & Architecture","head-index-card","代表画像を目視確認した主要頭部モチーフ: index-card","B06-OBJ__Artifact_&_Architecture/noun-1154__head-index-card.png","visual audit of representative image for each of 258 head types"
"1153","819","B02-FAU","Fauna","head-owl","代表画像を目視確認した主要頭部モチーフ: owl","B02-FAU__Fauna/noun-1153__head-owl.png","visual audit of representative image for each of 258 head types"
"1152","820","B09-ECH","Secret Echo","head-maze","代表画像を目視確認した主要頭部モチーフ: maze","B09-ECH__Secret_Echo/noun-1152__head-maze.png","visual audit of representative image for each of 258 head types"
"1151","821","B06-OBJ","Artifact & Architecture","head-film-strip","代表画像を目視確認した主要頭部モチーフ: film-strip","B06-OBJ__Artifact_&_Architecture/noun-1151__head-film-strip.png","visual audit of representative image for each of 258 head types"
"1150","822","B07-MAT","Material & Mineral","head-rock","代表画像を目視確認した主要頭部モチーフ: rock","B07-MAT__Material_&_Mineral/noun-1150__head-rock.png","visual audit of representative image for each of 258 head types"
"1149","823","B02-FAU","Fauna","head-mouse","代表画像を目視確認した主要頭部モチーフ: mouse","B02-FAU__Fauna/noun-1149__head-mouse.png","visual audit of representative image for each of 258 head types"
"1148","824","B01-HUM","Humanoid","head-gnome","代表画像を目視確認した主要頭部モチーフ: gnome","B01-HUM__Humanoid/noun-1148__head-gnome.png","visual audit of representative image for each of 258 head types"
"1147","825","B06-OBJ","Artifact & Architecture","head-pyramid","代表画像を目視確認した主要頭部モチーフ: pyramid","B06-OBJ__Artifact_&_Architecture/noun-1147__head-pyramid.png","visual audit of representative image for each of 258 head types"
"1146","826","B06-OBJ","Artifact & Architecture","head-watch","代表画像を目視確認した主要頭部モチーフ: watch","B06-OBJ__Artifact_&_Architecture/noun-1146__head-watch.png","visual audit of representative image for each of 258 head types"
"1145","827","B08-NAT","Nature & Element","head-lightning-bolt","代表画像を目視確認した主要頭部モチーフ: lightning-bolt","B08-NAT__Nature_&_Element/noun-1145__head-lightning-bolt.png","visual audit of representative image for each of 258 head types"
"1144","828","B04-CUL","Culinary","head-burger-dollarmenu","代表画像を目視確認した主要頭部モチーフ: burger-dollarmenu","B04-CUL__Culinary/noun-1144__head-burger-dollarmenu.png","visual audit of representative image for each of 258 head types"
"1143","829","B06-OBJ","Artifact & Architecture","head-treasurechest","代表画像を目視確認した主要頭部モチーフ: treasurechest","B06-OBJ__Artifact_&_Architecture/noun-1143__head-treasurechest.png","visual audit of representative image for each of 258 head types"
"1142","830","B03-FLO","Flora & Fungi","head-weed","代表画像を目視確認した主要頭部モチーフ: weed","B03-FLO__Flora_&_Fungi/noun-1142__head-weed.png","visual audit of representative image for each of 258 head types"
"1141","831","B02-FAU","Fauna","head-capybara","代表画像を目視確認した主要頭部モチーフ: capybara","B02-FAU__Fauna/noun-1141__head-capybara.png","visual audit of representative image for each of 258 head types"
"1140","832","B02-FAU","Fauna","head-raven","代表画像を目視確認した主要頭部モチーフ: raven","B02-FAU__Fauna/noun-1140__head-raven.png","visual audit of representative image for each of 258 head types"
"1139","833","B02-FAU","Fauna","head-zebra","代表画像を目視確認した主要頭部モチーフ: zebra","B02-FAU__Fauna/noun-1139__head-zebra.png","visual audit of representative image for each of 258 head types"
"1138","834","B05-MEC","Machine","head-robot","代表画像を目視確認した主要頭部モチーフ: robot","B05-MEC__Machine/noun-1138__head-robot.png","visual audit of representative image for each of 258 head types"
"1137","835","B01-HUM","Humanoid","head-thumbsup","代表画像を目視確認した主要頭部モチーフ: thumbsup","B01-HUM__Humanoid/noun-1137__head-thumbsup.png","visual audit of representative image for each of 258 head types"
"1136","836","B06-OBJ","Artifact & Architecture","head-beanie","代表画像を目視確認した主要頭部モチーフ: beanie","B06-OBJ__Artifact_&_Architecture/noun-1136__head-beanie.png","visual audit of representative image for each of 258 head types"
"1135","837","B06-OBJ","Artifact & Architecture","head-goldcoin","代表画像を目視確認した主要頭部モチーフ: goldcoin","B06-OBJ__Artifact_&_Architecture/noun-1135__head-goldcoin.png","visual audit of representative image for each of 258 head types"
"1134","838","B01-HUM","Humanoid","head-gnome","代表画像を目視確認した主要頭部モチーフ: gnome","B01-HUM__Humanoid/noun-1134__head-gnome.png","visual audit of representative image for each of 258 head types"
"1133","839","B07-MAT","Material & Mineral","head-cottonball","代表画像を目視確認した主要頭部モチーフ: cottonball","B07-MAT__Material_&_Mineral/noun-1133__head-cottonball.png","visual audit of representative image for each of 258 head types"
"1132","840","B02-FAU","Fauna","head-ape","代表画像を目視確認した主要頭部モチーフ: ape","B02-FAU__Fauna/noun-1132__head-ape.png","visual audit of representative image for each of 258 head types"
"1131","841","B08-NAT","Nature & Element","head-saturn","代表画像を目視確認した主要頭部モチーフ: saturn","B08-NAT__Nature_&_Element/noun-1131__head-saturn.png","visual audit of representative image for each of 258 head types"
"1130","842","B08-NAT","Nature & Element","head-saturn","代表画像を目視確認した主要頭部モチーフ: saturn","B08-NAT__Nature_&_Element/noun-1130__head-saturn.png","visual audit of representative image for each of 258 head types"
"1129","843","B09-ECH","Secret Echo","head-void","代表画像を目視確認した主要頭部モチーフ: void","B09-ECH__Secret_Echo/noun-1129__head-void.png","visual audit of representative image for each of 258 head types"
"1128","844","B05-MEC","Machine","head-microwave","代表画像を目視確認した主要頭部モチーフ: microwave","B05-MEC__Machine/noun-1128__head-microwave.png","visual audit of representative image for each of 258 head types"
"1127","845","B02-FAU","Fauna","head-goldfish","代表画像を目視確認した主要頭部モチーフ: goldfish","B02-FAU__Fauna/noun-1127__head-goldfish.png","visual audit of representative image for each of 258 head types"
"1126","846","B02-FAU","Fauna","head-chicken","代表画像を目視確認した主要頭部モチーフ: chicken","B02-FAU__Fauna/noun-1126__head-chicken.png","visual audit of representative image for each of 258 head types"
"1125","847","B07-MAT","Material & Mineral","head-lint","代表画像を目視確認した主要頭部モチーフ: lint","B07-MAT__Material_&_Mineral/noun-1125__head-lint.png","visual audit of representative image for each of 258 head types"
"1124","848","B06-OBJ","Artifact & Architecture","head-cassettetape","代表画像を目視確認した主要頭部モチーフ: cassettetape","B06-OBJ__Artifact_&_Architecture/noun-1124__head-cassettetape.png","visual audit of representative image for each of 258 head types"
"1123","849","B01-HUM","Humanoid","head-gnome","代表画像を目視確認した主要頭部モチーフ: gnome","B01-HUM__Humanoid/noun-1123__head-gnome.png","visual audit of representative image for each of 258 head types"
"1122","850","B06-OBJ","Artifact & Architecture","head-pillow","代表画像を目視確認した主要頭部モチーフ: pillow","B06-OBJ__Artifact_&_Architecture/noun-1122__head-pillow.png","visual audit of representative image for each of 258 head types"
"1121","851","B04-CUL","Culinary","head-pickle","代表画像を目視確認した主要頭部モチーフ: pickle","B04-CUL__Culinary/noun-1121__head-pickle.png","visual audit of representative image for each of 258 head types"
"1120","852","B06-OBJ","Artifact & Architecture","head-piano","代表画像を目視確認した主要頭部モチーフ: piano","B06-OBJ__Artifact_&_Architecture/noun-1120__head-piano.png","visual audit of representative image for each of 258 head types"
"1119","853","B06-OBJ","Artifact & Architecture","head-pillow","代表画像を目視確認した主要頭部モチーフ: pillow","B06-OBJ__Artifact_&_Architecture/noun-1119__head-pillow.png","visual audit of representative image for each of 258 head types"
"1118","854","B05-MEC","Machine","head-fan","代表画像を目視確認した主要頭部モチーフ: fan","B05-MEC__Machine/noun-1118__head-fan.png","visual audit of representative image for each of 258 head types"
"1117","855","B07-MAT","Material & Mineral","head-lint","代表画像を目視確認した主要頭部モチーフ: lint","B07-MAT__Material_&_Mineral/noun-1117__head-lint.png","visual audit of representative image for each of 258 head types"
"1116","856","B03-FLO","Flora & Fungi","head-bonsai","代表画像を目視確認した主要頭部モチーフ: bonsai","B03-FLO__Flora_&_Fungi/noun-1116__head-bonsai.png","visual audit of representative image for each of 258 head types"
"1115","857","B06-OBJ","Artifact & Architecture","head-cone","代表画像を目視確認した主要頭部モチーフ: cone","B06-OBJ__Artifact_&_Architecture/noun-1115__head-cone.png","visual audit of representative image for each of 258 head types"
"1114","858","B02-FAU","Fauna","head-tiger","代表画像を目視確認した主要頭部モチーフ: tiger","B02-FAU__Fauna/noun-1114__head-tiger.png","visual audit of representative image for each of 258 head types"
"1113","859","B04-CUL","Culinary","head-steak","代表画像を目視確認した主要頭部モチーフ: steak","B04-CUL__Culinary/noun-1113__head-steak.png","visual audit of representative image for each of 258 head types"
"1112","860","B06-OBJ","Artifact & Architecture","head-toiletpaper-full","代表画像を目視確認した主要頭部モチーフ: toiletpaper-full","B06-OBJ__Artifact_&_Architecture/noun-1112__head-toiletpaper-full.png","visual audit of representative image for each of 258 head types"
"1111","861","B04-CUL","Culinary","head-cake","代表画像を目視確認した主要頭部モチーフ: cake","B04-CUL__Culinary/noun-1111__head-cake.png","visual audit of representative image for each of 258 head types"
"1110","862","B04-CUL","Culinary","head-pickle","代表画像を目視確認した主要頭部モチーフ: pickle","B04-CUL__Culinary/noun-1110__head-pickle.png","visual audit of representative image for each of 258 head types"
"1109","863","B06-OBJ","Artifact & Architecture","head-cone","代表画像を目視確認した主要頭部モチーフ: cone","B06-OBJ__Artifact_&_Architecture/noun-1109__head-cone.png","visual audit of representative image for each of 258 head types"
"1108","864","B04-CUL","Culinary","head-pickle","代表画像を目視確認した主要頭部モチーフ: pickle","B04-CUL__Culinary/noun-1108__head-pickle.png","visual audit of representative image for each of 258 head types"
"1107","865","B02-FAU","Fauna","head-shark","代表画像を目視確認した主要頭部モチーフ: shark","B02-FAU__Fauna/noun-1107__head-shark.png","visual audit of representative image for each of 258 head types"
"1106","866","B09-ECH","Secret Echo","head-brain","代表画像を目視確認した主要頭部モチーフ: brain","B09-ECH__Secret_Echo/noun-1106__head-brain.png","visual audit of representative image for each of 258 head types"
"1105","867","B04-CUL","Culinary","head-mug","代表画像を目視確認した主要頭部モチーフ: mug","B04-CUL__Culinary/noun-1105__head-mug.png","visual audit of representative image for each of 258 head types"
"1104","868","B09-ECH","Secret Echo","head-maze","代表画像を目視確認した主要頭部モチーフ: maze","B09-ECH__Secret_Echo/noun-1104__head-maze.png","visual audit of representative image for each of 258 head types"
"1103","869","B04-CUL","Culinary","head-mustard","代表画像を目視確認した主要頭部モチーフ: mustard","B04-CUL__Culinary/noun-1103__head-mustard.png","visual audit of representative image for each of 258 head types"
"1102","870","B04-CUL","Culinary","head-potato","代表画像を目視確認した主要頭部モチーフ: potato","B04-CUL__Culinary/noun-1102__head-potato.png","visual audit of representative image for each of 258 head types"
"1101","871","B06-OBJ","Artifact & Architecture","head-queencrown","代表画像を目視確認した主要頭部モチーフ: queencrown","B06-OBJ__Artifact_&_Architecture/noun-1101__head-queencrown.png","visual audit of representative image for each of 258 head types"
"1100","872","B02-FAU","Fauna","head-rabbit","代表画像を目視確認した主要頭部モチーフ: rabbit","B02-FAU__Fauna/noun-1100__head-rabbit.png","visual audit of representative image for each of 258 head types"
"1099","873","B05-MEC","Machine","head-console-handheld","代表画像を目視確認した主要頭部モチーフ: console-handheld","B05-MEC__Machine/noun-1099__head-console-handheld.png","visual audit of representative image for each of 258 head types"
"1098","874","B02-FAU","Fauna","head-croc-hat","代表画像を目視確認した主要頭部モチーフ: croc-hat","B02-FAU__Fauna/noun-1098__head-croc-hat.png","visual audit of representative image for each of 258 head types"
"1097","875","B07-MAT","Material & Mineral","head-lint","代表画像を目視確認した主要頭部モチーフ: lint","B07-MAT__Material_&_Mineral/noun-1097__head-lint.png","visual audit of representative image for each of 258 head types"
"1096","876","B04-CUL","Culinary","head-ketchup","代表画像を目視確認した主要頭部モチーフ: ketchup","B04-CUL__Culinary/noun-1096__head-ketchup.png","visual audit of representative image for each of 258 head types"
"1095","877","B02-FAU","Fauna","head-panda","代表画像を目視確認した主要頭部モチーフ: panda","B02-FAU__Fauna/noun-1095__head-panda.png","visual audit of representative image for each of 258 head types"
"1094","878","B06-OBJ","Artifact & Architecture","head-cone","代表画像を目視確認した主要頭部モチーフ: cone","B06-OBJ__Artifact_&_Architecture/noun-1094__head-cone.png","visual audit of representative image for each of 258 head types"
"1093","879","B04-CUL","Culinary","head-beet","代表画像を目視確認した主要頭部モチーフ: beet","B04-CUL__Culinary/noun-1093__head-beet.png","visual audit of representative image for each of 258 head types"
"1092","880","B05-MEC","Machine","head-vending-machine","代表画像を目視確認した主要頭部モチーフ: vending-machine","B05-MEC__Machine/noun-1092__head-vending-machine.png","visual audit of representative image for each of 258 head types"
"1091","881","B06-OBJ","Artifact & Architecture","head-retainer","代表画像を目視確認した主要頭部モチーフ: retainer","B06-OBJ__Artifact_&_Architecture/noun-1091__head-retainer.png","visual audit of representative image for each of 258 head types"
"1090","882","B10-ANO","Secret Anomaly","head-ghost-B","代表画像を目視確認した主要頭部モチーフ: ghost-B","B10-ANO__Secret_Anomaly/noun-1090__head-ghost-B.png","visual audit of representative image for each of 258 head types"
"1089","883","B05-MEC","Machine","head-satellite","代表画像を目視確認した主要頭部モチーフ: satellite","B05-MEC__Machine/noun-1089__head-satellite.png","visual audit of representative image for each of 258 head types"
"1088","884","B04-CUL","Culinary","head-egg","代表画像を目視確認した主要頭部モチーフ: egg","B04-CUL__Culinary/noun-1088__head-egg.png","visual audit of representative image for each of 258 head types"
"1087","885","B02-FAU","Fauna","head-dino","代表画像を目視確認した主要頭部モチーフ: dino","B02-FAU__Fauna/noun-1087__head-dino.png","visual audit of representative image for each of 258 head types"
"1086","886","B03-FLO","Flora & Fungi","head-weed","代表画像を目視確認した主要頭部モチーフ: weed","B03-FLO__Flora_&_Fungi/noun-1086__head-weed.png","visual audit of representative image for each of 258 head types"
"1085","887","B08-NAT","Nature & Element","head-blackhole","代表画像を目視確認した主要頭部モチーフ: blackhole","B08-NAT__Nature_&_Element/noun-1085__head-blackhole.png","visual audit of representative image for each of 258 head types"
"1084","888","B04-CUL","Culinary","head-chips","代表画像を目視確認した主要頭部モチーフ: chips","B04-CUL__Culinary/noun-1084__head-chips.png","visual audit of representative image for each of 258 head types"
"1083","889","B02-FAU","Fauna","head-mouse","代表画像を目視確認した主要頭部モチーフ: mouse","B02-FAU__Fauna/noun-1083__head-mouse.png","visual audit of representative image for each of 258 head types"
"1082","890","B02-FAU","Fauna","head-panda","代表画像を目視確認した主要頭部モチーフ: panda","B02-FAU__Fauna/noun-1082__head-panda.png","visual audit of representative image for each of 258 head types"
"1081","891","B06-OBJ","Artifact & Architecture","head-outlet","代表画像を目視確認した主要頭部モチーフ: outlet","B06-OBJ__Artifact_&_Architecture/noun-1081__head-outlet.png","visual audit of representative image for each of 258 head types"
"1080","892","B04-CUL","Culinary","head-chocolate","代表画像を目視確認した主要頭部モチーフ: chocolate","B04-CUL__Culinary/noun-1080__head-chocolate.png","visual audit of representative image for each of 258 head types"
"1079","893","B02-FAU","Fauna","head-rabbit","代表画像を目視確認した主要頭部モチーフ: rabbit","B02-FAU__Fauna/noun-1079__head-rabbit.png","visual audit of representative image for each of 258 head types"
"1078","894","B06-OBJ","Artifact & Architecture","head-film-strip","代表画像を目視確認した主要頭部モチーフ: film-strip","B06-OBJ__Artifact_&_Architecture/noun-1078__head-film-strip.png","visual audit of representative image for each of 258 head types"
"1077","895","B05-MEC","Machine","head-plane","代表画像を目視確認した主要頭部モチーフ: plane","B05-MEC__Machine/noun-1077__head-plane.png","visual audit of representative image for each of 258 head types"
"1076","896","B08-NAT","Nature & Element","head-island","代表画像を目視確認した主要頭部モチーフ: island","B08-NAT__Nature_&_Element/noun-1076__head-island.png","visual audit of representative image for each of 258 head types"
"1075","897","B04-CUL","Culinary","head-pizza","代表画像を目視確認した主要頭部モチーフ: pizza","B04-CUL__Culinary/noun-1075__head-pizza.png","visual audit of representative image for each of 258 head types"
"1074","898","B03-FLO","Flora & Fungi","head-rosebud","代表画像を目視確認した主要頭部モチーフ: rosebud","B03-FLO__Flora_&_Fungi/noun-1074__head-rosebud.png","visual audit of representative image for each of 258 head types"
"1073","899","B04-CUL","Culinary","head-cannedham","代表画像を目視確認した主要頭部モチーフ: cannedham","B04-CUL__Culinary/noun-1073__head-cannedham.png","visual audit of representative image for each of 258 head types"
"1072","900","B06-OBJ","Artifact & Architecture","head-beanie","代表画像を目視確認した主要頭部モチーフ: beanie","B06-OBJ__Artifact_&_Architecture/noun-1072__head-beanie.png","visual audit of representative image for each of 258 head types"
"1071","901","B04-CUL","Culinary","head-beer","代表画像を目視確認した主要頭部モチーフ: beer","B04-CUL__Culinary/noun-1071__head-beer.png","visual audit of representative image for each of 258 head types"
"1070","902","B06-OBJ","Artifact & Architecture","head-saw","代表画像を目視確認した主要頭部モチーフ: saw","B06-OBJ__Artifact_&_Architecture/noun-1070__head-saw.png","visual audit of representative image for each of 258 head types"
"1069","903","B05-MEC","Machine","head-console-handheld","代表画像を目視確認した主要頭部モチーフ: console-handheld","B05-MEC__Machine/noun-1069__head-console-handheld.png","visual audit of representative image for each of 258 head types"
"1068","904","B05-MEC","Machine","head-vending-machine","代表画像を目視確認した主要頭部モチーフ: vending-machine","B05-MEC__Machine/noun-1068__head-vending-machine.png","visual audit of representative image for each of 258 head types"
"1067","905","B09-ECH","Secret Echo","head-brain","代表画像を目視確認した主要頭部モチーフ: brain","B09-ECH__Secret_Echo/noun-1067__head-brain.png","visual audit of representative image for each of 258 head types"
"1066","906","B02-FAU","Fauna","head-flamingo","代表画像を目視確認した主要頭部モチーフ: flamingo","B02-FAU__Fauna/noun-1066__head-flamingo.png","visual audit of representative image for each of 258 head types"
"1065","907","B06-OBJ","Artifact & Architecture","head-pill","代表画像を目視確認した主要頭部モチーフ: pill","B06-OBJ__Artifact_&_Architecture/noun-1065__head-pill.png","visual audit of representative image for each of 258 head types"
"1064","908","B02-FAU","Fauna","head-duck","代表画像を目視確認した主要頭部モチーフ: duck","B02-FAU__Fauna/noun-1064__head-duck.png","visual audit of representative image for each of 258 head types"
"1063","909","B02-FAU","Fauna","head-beluga","代表画像を目視確認した主要頭部モチーフ: beluga","B02-FAU__Fauna/noun-1063__head-beluga.png","visual audit of representative image for each of 258 head types"
"1062","910","B05-MEC","Machine","head-boombox","代表画像を目視確認した主要頭部モチーフ: boombox","B05-MEC__Machine/noun-1062__head-boombox.png","visual audit of representative image for each of 258 head types"
"1061","911","B06-OBJ","Artifact & Architecture","head-toiletpaper-full","代表画像を目視確認した主要頭部モチーフ: toiletpaper-full","B06-OBJ__Artifact_&_Architecture/noun-1061__head-toiletpaper-full.png","visual audit of representative image for each of 258 head types"
"1060","912","B06-OBJ","Artifact & Architecture","head-factory-dark","代表画像を目視確認した主要頭部モチーフ: factory-dark","B06-OBJ__Artifact_&_Architecture/noun-1060__head-factory-dark.png","visual audit of representative image for each of 258 head types"
"1059","913","B04-CUL","Culinary","head-wine","代表画像を目視確認した主要頭部モチーフ: wine","B04-CUL__Culinary/noun-1059__head-wine.png","visual audit of representative image for each of 258 head types"
"1058","914","B01-HUM","Humanoid","head-thumbsup","代表画像を目視確認した主要頭部モチーフ: thumbsup","B01-HUM__Humanoid/noun-1058__head-thumbsup.png","visual audit of representative image for each of 258 head types"
"1057","915","B10-ANO","Secret Anomaly","head-ghost-B","代表画像を目視確認した主要頭部モチーフ: ghost-B","B10-ANO__Secret_Anomaly/noun-1057__head-ghost-B.png","visual audit of representative image for each of 258 head types"
"1056","916","B02-FAU","Fauna","head-orangutan","代表画像を目視確認した主要頭部モチーフ: orangutan","B02-FAU__Fauna/noun-1056__head-orangutan.png","visual audit of representative image for each of 258 head types"
"1055","917","B02-FAU","Fauna","head-raven","代表画像を目視確認した主要頭部モチーフ: raven","B02-FAU__Fauna/noun-1055__head-raven.png","visual audit of representative image for each of 258 head types"
"1054","918","B03-FLO","Flora & Fungi","head-weed","代表画像を目視確認した主要頭部モチーフ: weed","B03-FLO__Flora_&_Fungi/noun-1054__head-weed.png","visual audit of representative image for each of 258 head types"
"1053","919","B02-FAU","Fauna","head-kangaroo","代表画像を目視確認した主要頭部モチーフ: kangaroo","B02-FAU__Fauna/noun-1053__head-kangaroo.png","visual audit of representative image for each of 258 head types"
"1052","920","B06-OBJ","Artifact & Architecture","head-outlet","代表画像を目視確認した主要頭部モチーフ: outlet","B06-OBJ__Artifact_&_Architecture/noun-1052__head-outlet.png","visual audit of representative image for each of 258 head types"
"1051","921","B09-ECH","Secret Echo","head-heart","代表画像を目視確認した主要頭部モチーフ: heart","B09-ECH__Secret_Echo/noun-1051__head-heart.png","visual audit of representative image for each of 258 head types"
"1050","922","B02-FAU","Fauna","head-beluga","代表画像を目視確認した主要頭部モチーフ: beluga","B02-FAU__Fauna/noun-1050__head-beluga.png","visual audit of representative image for each of 258 head types"
"1049","923","B02-FAU","Fauna","head-zebra","代表画像を目視確認した主要頭部モチーフ: zebra","B02-FAU__Fauna/noun-1049__head-zebra.png","visual audit of representative image for each of 258 head types"
"1048","924","B08-NAT","Nature & Element","head-mountain-snowcap","代表画像を目視確認した主要頭部モチーフ: mountain-snowcap","B08-NAT__Nature_&_Element/noun-1048__head-mountain-snowcap.png","visual audit of representative image for each of 258 head types"
"1047","925","B03-FLO","Flora & Fungi","head-mushroom","代表画像を目視確認した主要頭部モチーフ: mushroom","B03-FLO__Flora_&_Fungi/noun-1047__head-mushroom.png","visual audit of representative image for each of 258 head types"
"1046","926","B09-ECH","Secret Echo","head-rgb","代表画像を目視確認した主要頭部モチーフ: rgb","B09-ECH__Secret_Echo/noun-1046__head-rgb.png","visual audit of representative image for each of 258 head types"
"1045","927","B02-FAU","Fauna","head-frog","代表画像を目視確認した主要頭部モチーフ: frog","B02-FAU__Fauna/noun-1045__head-frog.png","visual audit of representative image for each of 258 head types"
"1044","928","B06-OBJ","Artifact & Architecture","head-toiletpaper-full","代表画像を目視確認した主要頭部モチーフ: toiletpaper-full","B06-OBJ__Artifact_&_Architecture/noun-1044__head-toiletpaper-full.png","visual audit of representative image for each of 258 head types"
"1043","929","B05-MEC","Machine","head-bomb","代表画像を目視確認した主要頭部モチーフ: bomb","B05-MEC__Machine/noun-1043__head-bomb.png","visual audit of representative image for each of 258 head types"
"1042","930","B02-FAU","Fauna","head-oyster","代表画像を目視確認した主要頭部モチーフ: oyster","B02-FAU__Fauna/noun-1042__head-oyster.png","visual audit of representative image for each of 258 head types"
"1041","931","B05-MEC","Machine","head-chainsaw","代表画像を目視確認した主要頭部モチーフ: chainsaw","B05-MEC__Machine/noun-1041__head-chainsaw.png","visual audit of representative image for each of 258 head types"
"1040","932","B02-FAU","Fauna","head-mouse","代表画像を目視確認した主要頭部モチーフ: mouse","B02-FAU__Fauna/noun-1040__head-mouse.png","visual audit of representative image for each of 258 head types"
"1039","933","B03-FLO","Flora & Fungi","head-peyote","代表画像を目視確認した主要頭部モチーフ: peyote","B03-FLO__Flora_&_Fungi/noun-1039__head-peyote.png","visual audit of representative image for each of 258 head types"
"1038","934","B04-CUL","Culinary","head-taco-classic","代表画像を目視確認した主要頭部モチーフ: taco-classic","B04-CUL__Culinary/noun-1038__head-taco-classic.png","visual audit of representative image for each of 258 head types"
"1037","935","B09-ECH","Secret Echo","head-chart-bars","代表画像を目視確認した主要頭部モチーフ: chart-bars","B09-ECH__Secret_Echo/noun-1037__head-chart-bars.png","visual audit of representative image for each of 258 head types"
"1036","936","B06-OBJ","Artifact & Architecture","head-igloo","代表画像を目視確認した主要頭部モチーフ: igloo","B06-OBJ__Artifact_&_Architecture/noun-1036__head-igloo.png","visual audit of representative image for each of 258 head types"
"1035","937","B04-CUL","Culinary","head-cherry","代表画像を目視確認した主要頭部モチーフ: cherry","B04-CUL__Culinary/noun-1035__head-cherry.png","visual audit of representative image for each of 258 head types"
"1034","938","B06-OBJ","Artifact & Architecture","head-pencil-tip","代表画像を目視確認した主要頭部モチーフ: pencil-tip","B06-OBJ__Artifact_&_Architecture/noun-1034__head-pencil-tip.png","visual audit of representative image for each of 258 head types"
"1033","939","B06-OBJ","Artifact & Architecture","head-queencrown","代表画像を目視確認した主要頭部モチーフ: queencrown","B06-OBJ__Artifact_&_Architecture/noun-1033__head-queencrown.png","visual audit of representative image for each of 258 head types"
"1032","940","B06-OBJ","Artifact & Architecture","head-basketball","代表画像を目視確認した主要頭部モチーフ: basketball","B06-OBJ__Artifact_&_Architecture/noun-1032__head-basketball.png","visual audit of representative image for each of 258 head types"
"1031","941","B01-HUM","Humanoid","head-tooth","代表画像を目視確認した主要頭部モチーフ: tooth","B01-HUM__Humanoid/noun-1031__head-tooth.png","visual audit of representative image for each of 258 head types"
"1030","942","B04-CUL","Culinary","head-spaghetti","代表画像を目視確認した主要頭部モチーフ: spaghetti","B04-CUL__Culinary/noun-1030__head-spaghetti.png","visual audit of representative image for each of 258 head types"
"1029","943","B06-OBJ","Artifact & Architecture","head-igloo","代表画像を目視確認した主要頭部モチーフ: igloo","B06-OBJ__Artifact_&_Architecture/noun-1029__head-igloo.png","visual audit of representative image for each of 258 head types"
"1028","944","B02-FAU","Fauna","head-orca","代表画像を目視確認した主要頭部モチーフ: orca","B02-FAU__Fauna/noun-1028__head-orca.png","visual audit of representative image for each of 258 head types"
"1027","945","B03-FLO","Flora & Fungi","head-peyote","代表画像を目視確認した主要頭部モチーフ: peyote","B03-FLO__Flora_&_Fungi/noun-1027__head-peyote.png","visual audit of representative image for each of 258 head types"
"1026","946","B01-HUM","Humanoid","head-hair","代表画像を目視確認した主要頭部モチーフ: hair","B01-HUM__Humanoid/noun-1026__head-hair.png","visual audit of representative image for each of 258 head types"
"1025","947","B02-FAU","Fauna","head-unicorn","代表画像を目視確認した主要頭部モチーフ: unicorn","B02-FAU__Fauna/noun-1025__head-unicorn.png","visual audit of representative image for each of 258 head types"
"1024","948","B06-OBJ","Artifact & Architecture","head-paintbrush","代表画像を目視確認した主要頭部モチーフ: paintbrush","B06-OBJ__Artifact_&_Architecture/noun-1024__head-paintbrush.png","visual audit of representative image for each of 258 head types"
"1023","949","B05-MEC","Machine","head-bomb","代表画像を目視確認した主要頭部モチーフ: bomb","B05-MEC__Machine/noun-1023__head-bomb.png","visual audit of representative image for each of 258 head types"
"1022","950","B06-OBJ","Artifact & Architecture","head-chain","代表画像を目視確認した主要頭部モチーフ: chain","B06-OBJ__Artifact_&_Architecture/noun-1022__head-chain.png","visual audit of representative image for each of 258 head types"
"1021","951","B06-OBJ","Artifact & Architecture","head-index-card","代表画像を目視確認した主要頭部モチーフ: index-card","B06-OBJ__Artifact_&_Architecture/noun-1021__head-index-card.png","visual audit of representative image for each of 258 head types"
"1020","952","B08-NAT","Nature & Element","head-island","代表画像を目視確認した主要頭部モチーフ: island","B08-NAT__Nature_&_Element/noun-1020__head-island.png","visual audit of representative image for each of 258 head types"
"1019","953","B05-MEC","Machine","head-crt-bsod","代表画像を目視確認した主要頭部モチーフ: crt-bsod","B05-MEC__Machine/noun-1019__head-crt-bsod.png","visual audit of representative image for each of 258 head types"
"1018","954","B04-CUL","Culinary","head-pickle","代表画像を目視確認した主要頭部モチーフ: pickle","B04-CUL__Culinary/noun-1018__head-pickle.png","visual audit of representative image for each of 258 head types"
"1017","955","B09-ECH","Secret Echo","head-chart-bars","代表画像を目視確認した主要頭部モチーフ: chart-bars","B09-ECH__Secret_Echo/noun-1017__head-chart-bars.png","visual audit of representative image for each of 258 head types"
"1016","956","B10-ANO","Secret Anomaly","head-skeleton-hat","代表画像を目視確認した主要頭部モチーフ: skeleton-hat","B10-ANO__Secret_Anomaly/noun-1016__head-skeleton-hat.png","visual audit of representative image for each of 258 head types"
"1015","957","B06-OBJ","Artifact & Architecture","head-pill","代表画像を目視確認した主要頭部モチーフ: pill","B06-OBJ__Artifact_&_Architecture/noun-1015__head-pill.png","visual audit of representative image for each of 258 head types"
"1014","958","B02-FAU","Fauna","head-capybara","代表画像を目視確認した主要頭部モチーフ: capybara","B02-FAU__Fauna/noun-1014__head-capybara.png","visual audit of representative image for each of 258 head types"
"1013","959","B04-CUL","Culinary","head-cheese","代表画像を目視確認した主要頭部モチーフ: cheese","B04-CUL__Culinary/noun-1013__head-cheese.png","visual audit of representative image for each of 258 head types"
"1012","960","B06-OBJ","Artifact & Architecture","head-goldcoin","代表画像を目視確認した主要頭部モチーフ: goldcoin","B06-OBJ__Artifact_&_Architecture/noun-1012__head-goldcoin.png","visual audit of representative image for each of 258 head types"
"1011","961","B07-MAT","Material & Mineral","head-rock","代表画像を目視確認した主要頭部モチーフ: rock","B07-MAT__Material_&_Mineral/noun-1011__head-rock.png","visual audit of representative image for each of 258 head types"
"1010","962","B10-ANO","Secret Anomaly","head-ghost-B","代表画像を目視確認した主要頭部モチーフ: ghost-B","B10-ANO__Secret_Anomaly/noun-1010__head-ghost-B.png","visual audit of representative image for each of 258 head types"
"1009","963","B09-ECH","Secret Echo","head-abstract","代表画像を目視確認した主要頭部モチーフ: abstract","B09-ECH__Secret_Echo/noun-1009__head-abstract.png","visual audit of representative image for each of 258 head types"
"1008","964","B04-CUL","Culinary","head-taco-classic","代表画像を目視確認した主要頭部モチーフ: taco-classic","B04-CUL__Culinary/noun-1008__head-taco-classic.png","visual audit of representative image for each of 258 head types"
"1007","965","B06-OBJ","Artifact & Architecture","head-retainer","代表画像を目視確認した主要頭部モチーフ: retainer","B06-OBJ__Artifact_&_Architecture/noun-1007__head-retainer.png","visual audit of representative image for each of 258 head types"
"1006","966","B05-MEC","Machine","head-plane","代表画像を目視確認した主要頭部モチーフ: plane","B05-MEC__Machine/noun-1006__head-plane.png","visual audit of representative image for each of 258 head types"
"1005","967","B06-OBJ","Artifact & Architecture","head-chefhat","代表画像を目視確認した主要頭部モチーフ: chefhat","B06-OBJ__Artifact_&_Architecture/noun-1005__head-chefhat.png","visual audit of representative image for each of 258 head types"
"1004","968","B02-FAU","Fauna","head-orca","代表画像を目視確認した主要頭部モチーフ: orca","B02-FAU__Fauna/noun-1004__head-orca.png","visual audit of representative image for each of 258 head types"
"1003","969","B02-FAU","Fauna","head-tiger","代表画像を目視確認した主要頭部モチーフ: tiger","B02-FAU__Fauna/noun-1003__head-tiger.png","visual audit of representative image for each of 258 head types"
"1002","970","B06-OBJ","Artifact & Architecture","head-pipe","代表画像を目視確認した主要頭部モチーフ: pipe","B06-OBJ__Artifact_&_Architecture/noun-1002__head-pipe.png","visual audit of representative image for each of 258 head types"
"1001","971","B05-MEC","Machine","head-camcorder","代表画像を目視確認した主要頭部モチーフ: camcorder","B05-MEC__Machine/noun-1001__head-camcorder.png","visual audit of representative image for each of 258 head types"
"1000","972","B01-HUM","Humanoid","head-gnome","代表画像を目視確認した主要頭部モチーフ: gnome","B01-HUM__Humanoid/noun-1000__head-gnome.png","visual audit of representative image for each of 258 head types"
"999","973","B02-FAU","Fauna","head-beluga","代表画像を目視確認した主要頭部モチーフ: beluga","B02-FAU__Fauna/noun-0999__head-beluga.png","visual audit of representative image for each of 258 head types"
"998","974","B08-NAT","Nature & Element","head-cloud","代表画像を目視確認した主要頭部モチーフ: cloud","B08-NAT__Nature_&_Element/noun-0998__head-cloud.png","visual audit of representative image for each of 258 head types"
"997","975","B03-FLO","Flora & Fungi","head-mushroom","代表画像を目視確認した主要頭部モチーフ: mushroom","B03-FLO__Flora_&_Fungi/noun-0997__head-mushroom.png","visual audit of representative image for each of 258 head types"
"996","976","B06-OBJ","Artifact & Architecture","head-boot","代表画像を目視確認した主要頭部モチーフ: boot","B06-OBJ__Artifact_&_Architecture/noun-0996__head-boot.png","visual audit of representative image for each of 258 head types"
"995","977","B04-CUL","Culinary","head-chilli","代表画像を目視確認した主要頭部モチーフ: chilli","B04-CUL__Culinary/noun-0995__head-chilli.png","visual audit of representative image for each of 258 head types"
"994","978","B05-MEC","Machine","head-toaster","代表画像を目視確認した主要頭部モチーフ: toaster","B05-MEC__Machine/noun-0994__head-toaster.png","visual audit of representative image for each of 258 head types"
"993","979","B08-NAT","Nature & Element","head-star-sparkles","代表画像を目視確認した主要頭部モチーフ: star-sparkles","B08-NAT__Nature_&_Element/noun-0993__head-star-sparkles.png","visual audit of representative image for each of 258 head types"
"992","980","B09-ECH","Secret Echo","head-abstract","代表画像を目視確認した主要頭部モチーフ: abstract","B09-ECH__Secret_Echo/noun-0992__head-abstract.png","visual audit of representative image for each of 258 head types"
"991","981","B03-FLO","Flora & Fungi","head-weed","代表画像を目視確認した主要頭部モチーフ: weed","B03-FLO__Flora_&_Fungi/noun-0991__head-weed.png","visual audit of representative image for each of 258 head types"
"990","982","B05-MEC","Machine","head-skateboard","代表画像を目視確認した主要頭部モチーフ: skateboard","B05-MEC__Machine/noun-0990__head-skateboard.png","visual audit of representative image for each of 258 head types"
"989","983","B05-MEC","Machine","head-satellite","代表画像を目視確認した主要頭部モチーフ: satellite","B05-MEC__Machine/noun-0989__head-satellite.png","visual audit of representative image for each of 258 head types"
"988","984","B06-OBJ","Artifact & Architecture","head-wizardhat","代表画像を目視確認した主要頭部モチーフ: wizardhat","B06-OBJ__Artifact_&_Architecture/noun-0988__head-wizardhat.png","visual audit of representative image for each of 258 head types"
"987","985","B02-FAU","Fauna","head-pufferfish","代表画像を目視確認した主要頭部モチーフ: pufferfish","B02-FAU__Fauna/noun-0987__head-pufferfish.png","visual audit of representative image for each of 258 head types"
"986","986","B02-FAU","Fauna","head-unicorn","代表画像を目視確認した主要頭部モチーフ: unicorn","B02-FAU__Fauna/noun-0986__head-unicorn.png","visual audit of representative image for each of 258 head types"
"985","987","B01-HUM","Humanoid","head-gnome","代表画像を目視確認した主要頭部モチーフ: gnome","B01-HUM__Humanoid/noun-0985__head-gnome.png","visual audit of representative image for each of 258 head types"
"984","988","B06-OBJ","Artifact & Architecture","head-shower","代表画像を目視確認した主要頭部モチーフ: shower","B06-OBJ__Artifact_&_Architecture/noun-0984__head-shower.png","visual audit of representative image for each of 258 head types"
"983","989","B03-FLO","Flora & Fungi","head-bonsai","代表画像を目視確認した主要頭部モチーフ: bonsai","B03-FLO__Flora_&_Fungi/noun-0983__head-bonsai.png","visual audit of representative image for each of 258 head types"
"982","990","B04-CUL","Culinary","head-doughnut","代表画像を目視確認した主要頭部モチーフ: doughnut","B04-CUL__Culinary/noun-0982__head-doughnut.png","visual audit of representative image for each of 258 head types"
"981","991","B05-MEC","Machine","head-satellite","代表画像を目視確認した主要頭部モチーフ: satellite","B05-MEC__Machine/noun-0981__head-satellite.png","visual audit of representative image for each of 258 head types"
"980","992","B02-FAU","Fauna","head-bat","代表画像を目視確認した主要頭部モチーフ: bat","B02-FAU__Fauna/noun-0980__head-bat.png","visual audit of representative image for each of 258 head types"
"979","993","B05-MEC","Machine","head-skilift","代表画像を目視確認した主要頭部モチーフ: skilift","B05-MEC__Machine/noun-0979__head-skilift.png","visual audit of representative image for each of 258 head types"
"978","994","B07-MAT","Material & Mineral","head-rock","代表画像を目視確認した主要頭部モチーフ: rock","B07-MAT__Material_&_Mineral/noun-0978__head-rock.png","visual audit of representative image for each of 258 head types"
"977","995","B02-FAU","Fauna","head-duck","代表画像を目視確認した主要頭部モチーフ: duck","B02-FAU__Fauna/noun-0977__head-duck.png","visual audit of representative image for each of 258 head types"
"976","996","B02-FAU","Fauna","head-orca","代表画像を目視確認した主要頭部モチーフ: orca","B02-FAU__Fauna/noun-0976__head-orca.png","visual audit of representative image for each of 258 head types"
"975","997","B06-OBJ","Artifact & Architecture","head-glasses-big","代表画像を目視確認した主要頭部モチーフ: glasses-big","B06-OBJ__Artifact_&_Architecture/noun-0975__head-glasses-big.png","visual audit of representative image for each of 258 head types"
"974","998","B02-FAU","Fauna","head-cat","代表画像を目視確認した主要頭部モチーフ: cat","B02-FAU__Fauna/noun-0974__head-cat.png","visual audit of representative image for each of 258 head types"
"973","999","B07-MAT","Material & Mineral","head-rock","代表画像を目視確認した主要頭部モチーフ: rock","B07-MAT__Material_&_Mineral/noun-0973__head-rock.png","visual audit of representative image for each of 258 head types"
"972","1000","B06-OBJ","Artifact & Architecture","head-trashcan","代表画像を目視確認した主要頭部モチーフ: trashcan","B06-OBJ__Artifact_&_Architecture/noun-0972__head-trashcan.png","visual audit of representative image for each of 258 head types"
"971","1001","B04-CUL","Culinary","head-watermelon","代表画像を目視確認した主要頭部モチーフ: watermelon","B04-CUL__Culinary/noun-0971__head-watermelon.png","visual audit of representative image for each of 258 head types"
"970","1002","B03-FLO","Flora & Fungi","head-peyote","代表画像を目視確認した主要頭部モチーフ: peyote","B03-FLO__Flora_&_Fungi/noun-0970__head-peyote.png","visual audit of representative image for each of 258 head types"
"969","1003","B04-CUL","Culinary","head-chocolate","代表画像を目視確認した主要頭部モチーフ: chocolate","B04-CUL__Culinary/noun-0969__head-chocolate.png","visual audit of representative image for each of 258 head types"
"968","1004","B02-FAU","Fauna","head-zebra","代表画像を目視確認した主要頭部モチーフ: zebra","B02-FAU__Fauna/noun-0968__head-zebra.png","visual audit of representative image for each of 258 head types"
"967","1005","B04-CUL","Culinary","head-cheese","代表画像を目視確認した主要頭部モチーフ: cheese","B04-CUL__Culinary/noun-0967__head-cheese.png","visual audit of representative image for each of 258 head types"
"966","1006","B06-OBJ","Artifact & Architecture","head-calendar","代表画像を目視確認した主要頭部モチーフ: calendar","B06-OBJ__Artifact_&_Architecture/noun-0966__head-calendar.png","visual audit of representative image for each of 258 head types"
"965","1007","B06-OBJ","Artifact & Architecture","head-wizardhat","代表画像を目視確認した主要頭部モチーフ: wizardhat","B06-OBJ__Artifact_&_Architecture/noun-0965__head-wizardhat.png","visual audit of representative image for each of 258 head types"
"964","1008","B05-MEC","Machine","head-laptop","代表画像を目視確認した主要頭部モチーフ: laptop","B05-MEC__Machine/noun-0964__head-laptop.png","visual audit of representative image for each of 258 head types"
"963","1009","B04-CUL","Culinary","head-mustard","代表画像を目視確認した主要頭部モチーフ: mustard","B04-CUL__Culinary/noun-0963__head-mustard.png","visual audit of representative image for each of 258 head types"
"962","1010","B04-CUL","Culinary","head-taco-classic","代表画像を目視確認した主要頭部モチーフ: taco-classic","B04-CUL__Culinary/noun-0962__head-taco-classic.png","visual audit of representative image for each of 258 head types"
"961","1011","B05-MEC","Machine","head-robot","代表画像を目視確認した主要頭部モチーフ: robot","B05-MEC__Machine/noun-0961__head-robot.png","visual audit of representative image for each of 258 head types"
"960","1012","B07-MAT","Material & Mineral","head-cottonball","代表画像を目視確認した主要頭部モチーフ: cottonball","B07-MAT__Material_&_Mineral/noun-0960__head-cottonball.png","visual audit of representative image for each of 258 head types"
"959","1013","B06-OBJ","Artifact & Architecture","head-box","代表画像を目視確認した主要頭部モチーフ: box","B06-OBJ__Artifact_&_Architecture/noun-0959__head-box.png","visual audit of representative image for each of 258 head types"
"958","1014","B04-CUL","Culinary","head-cookie","代表画像を目視確認した主要頭部モチーフ: cookie","B04-CUL__Culinary/noun-0958__head-cookie.png","visual audit of representative image for each of 258 head types"
"957","1015","B06-OBJ","Artifact & Architecture","head-snowglobe","代表画像を目視確認した主要頭部モチーフ: snowglobe","B06-OBJ__Artifact_&_Architecture/noun-0957__head-snowglobe.png","visual audit of representative image for each of 258 head types"
"956","1016","B03-FLO","Flora & Fungi","head-fir","代表画像を目視確認した主要頭部モチーフ: fir","B03-FLO__Flora_&_Fungi/noun-0956__head-fir.png","visual audit of representative image for each of 258 head types"
"955","1017","B02-FAU","Fauna","head-ape","代表画像を目視確認した主要頭部モチーフ: ape","B02-FAU__Fauna/noun-0955__head-ape.png","visual audit of representative image for each of 258 head types"
"954","1018","B04-CUL","Culinary","head-doughnut","代表画像を目視確認した主要頭部モチーフ: doughnut","B04-CUL__Culinary/noun-0954__head-doughnut.png","visual audit of representative image for each of 258 head types"
"953","1019","B07-MAT","Material & Mineral","head-lint","代表画像を目視確認した主要頭部モチーフ: lint","B07-MAT__Material_&_Mineral/noun-0953__head-lint.png","visual audit of representative image for each of 258 head types"
"952","1020","B02-FAU","Fauna","head-mosquito","代表画像を目視確認した主要頭部モチーフ: mosquito","B02-FAU__Fauna/noun-0952__head-mosquito.png","visual audit of representative image for each of 258 head types"
"951","1021","B03-FLO","Flora & Fungi","head-fir","代表画像を目視確認した主要頭部モチーフ: fir","B03-FLO__Flora_&_Fungi/noun-0951__head-fir.png","visual audit of representative image for each of 258 head types"
"950","1022","B08-NAT","Nature & Element","head-rainbow","代表画像を目視確認した主要頭部モチーフ: rainbow","B08-NAT__Nature_&_Element/noun-0950__head-rainbow.png","visual audit of representative image for each of 258 head types"
"949","1023","B08-NAT","Nature & Element","head-rainbow","代表画像を目視確認した主要頭部モチーフ: rainbow","B08-NAT__Nature_&_Element/noun-0949__head-rainbow.png","visual audit of representative image for each of 258 head types"
"948","1024","B08-NAT","Nature & Element","head-lightning-bolt","代表画像を目視確認した主要頭部モチーフ: lightning-bolt","B08-NAT__Nature_&_Element/noun-0948__head-lightning-bolt.png","visual audit of representative image for each of 258 head types"
"947","1025","B04-CUL","Culinary","head-doughnut","代表画像を目視確認した主要頭部モチーフ: doughnut","B04-CUL__Culinary/noun-0947__head-doughnut.png","visual audit of representative image for each of 258 head types"
"946","1026","B09-ECH","Secret Echo","head-smile","代表画像を目視確認した主要頭部モチーフ: smile","B09-ECH__Secret_Echo/noun-0946__head-smile.png","visual audit of representative image for each of 258 head types"
"945","1027","B02-FAU","Fauna","head-orca","代表画像を目視確認した主要頭部モチーフ: orca","B02-FAU__Fauna/noun-0945__head-orca.png","visual audit of representative image for each of 258 head types"
"944","1028","B01-HUM","Humanoid","head-gnome","代表画像を目視確認した主要頭部モチーフ: gnome","B01-HUM__Humanoid/noun-0944__head-gnome.png","visual audit of representative image for each of 258 head types"
"943","1029","B02-FAU","Fauna","head-frog","代表画像を目視確認した主要頭部モチーフ: frog","B02-FAU__Fauna/noun-0943__head-frog.png","visual audit of representative image for each of 258 head types"
"942","1030","B02-FAU","Fauna","head-frog","代表画像を目視確認した主要頭部モチーフ: frog","B02-FAU__Fauna/noun-0942__head-frog.png","visual audit of representative image for each of 258 head types"
"941","1031","B09-ECH","Secret Echo","head-dna","代表画像を目視確認した主要頭部モチーフ: dna","B09-ECH__Secret_Echo/noun-0941__head-dna.png","visual audit of representative image for each of 258 head types"
"940","1032","B07-MAT","Material & Mineral","head-lint","代表画像を目視確認した主要頭部モチーフ: lint","B07-MAT__Material_&_Mineral/noun-0940__head-lint.png","visual audit of representative image for each of 258 head types"
"939","1033","B05-MEC","Machine","head-drill","代表画像を目視確認した主要頭部モチーフ: drill","B05-MEC__Machine/noun-0939__head-drill.png","visual audit of representative image for each of 258 head types"
"938","1034","B06-OBJ","Artifact & Architecture","head-crystalball","代表画像を目視確認した主要頭部モチーフ: crystalball","B06-OBJ__Artifact_&_Architecture/noun-0938__head-crystalball.png","visual audit of representative image for each of 258 head types"
"937","1035","B09-ECH","Secret Echo","head-heart","代表画像を目視確認した主要頭部モチーフ: heart","B09-ECH__Secret_Echo/noun-0937__head-heart.png","visual audit of representative image for each of 258 head types"
"936","1036","B10-ANO","Secret Anomaly","head-ghost-B","代表画像を目視確認した主要頭部モチーフ: ghost-B","B10-ANO__Secret_Anomaly/noun-0936__head-ghost-B.png","visual audit of representative image for each of 258 head types"
"935","1037","B05-MEC","Machine","head-satellite","代表画像を目視確認した主要頭部モチーフ: satellite","B05-MEC__Machine/noun-0935__head-satellite.png","visual audit of representative image for each of 258 head types"
"934","1038","B04-CUL","Culinary","head-macaroni","代表画像を目視確認した主要頭部モチーフ: macaroni","B04-CUL__Culinary/noun-0934__head-macaroni.png","visual audit of representative image for each of 258 head types"
"933","1039","B02-FAU","Fauna","head-orangutan","代表画像を目視確認した主要頭部モチーフ: orangutan","B02-FAU__Fauna/noun-0933__head-orangutan.png","visual audit of representative image for each of 258 head types"
"932","1040","B06-OBJ","Artifact & Architecture","head-hockeypuck","代表画像を目視確認した主要頭部モチーフ: hockeypuck","B06-OBJ__Artifact_&_Architecture/noun-0932__head-hockeypuck.png","visual audit of representative image for each of 258 head types"
"931","1041","B06-OBJ","Artifact & Architecture","head-box","代表画像を目視確認した主要頭部モチーフ: box","B06-OBJ__Artifact_&_Architecture/noun-0931__head-box.png","visual audit of representative image for each of 258 head types"
"930","1042","B04-CUL","Culinary","head-cotton-candy","代表画像を目視確認した主要頭部モチーフ: cotton-candy","B04-CUL__Culinary/noun-0930__head-cotton-candy.png","visual audit of representative image for each of 258 head types"
"929","1043","B06-OBJ","Artifact & Architecture","head-toiletpaper-full","代表画像を目視確認した主要頭部モチーフ: toiletpaper-full","B06-OBJ__Artifact_&_Architecture/noun-0929__head-toiletpaper-full.png","visual audit of representative image for each of 258 head types"
"928","1044","B02-FAU","Fauna","head-capybara","代表画像を目視確認した主要頭部モチーフ: capybara","B02-FAU__Fauna/noun-0928__head-capybara.png","visual audit of representative image for each of 258 head types"
"927","1045","B05-MEC","Machine","head-fax-machine","代表画像を目視確認した主要頭部モチーフ: fax-machine","B05-MEC__Machine/noun-0927__head-fax-machine.png","visual audit of representative image for each of 258 head types"
"926","1046","B06-OBJ","Artifact & Architecture","head-crystalball","代表画像を目視確認した主要頭部モチーフ: crystalball","B06-OBJ__Artifact_&_Architecture/noun-0926__head-crystalball.png","visual audit of representative image for each of 258 head types"
"925","1047","B02-FAU","Fauna","head-pufferfish","代表画像を目視確認した主要頭部モチーフ: pufferfish","B02-FAU__Fauna/noun-0925__head-pufferfish.png","visual audit of representative image for each of 258 head types"
"924","1048","B04-CUL","Culinary","head-cake","代表画像を目視確認した主要頭部モチーフ: cake","B04-CUL__Culinary/noun-0924__head-cake.png","visual audit of representative image for each of 258 head types"
"923","1049","B06-OBJ","Artifact & Architecture","head-crown","代表画像を目視確認した主要頭部モチーフ: crown","B06-OBJ__Artifact_&_Architecture/noun-0923__head-crown.png","visual audit of representative image for each of 258 head types"
"922","1050","B02-FAU","Fauna","head-raven","代表画像を目視確認した主要頭部モチーフ: raven","B02-FAU__Fauna/noun-0922__head-raven.png","visual audit of representative image for each of 258 head types"
"921","1051","B02-FAU","Fauna","head-oyster","代表画像を目視確認した主要頭部モチーフ: oyster","B02-FAU__Fauna/noun-0921__head-oyster.png","visual audit of representative image for each of 258 head types"
"920","1052","B02-FAU","Fauna","head-orca","代表画像を目視確認した主要頭部モチーフ: orca","B02-FAU__Fauna/noun-0920__head-orca.png","visual audit of representative image for each of 258 head types"
"919","1053","B09-ECH","Secret Echo","head-bubble-speech","代表画像を目視確認した主要頭部モチーフ: bubble-speech","B09-ECH__Secret_Echo/noun-0919__head-bubble-speech.png","visual audit of representative image for each of 258 head types"
"918","1054","B08-NAT","Nature & Element","head-blackhole","代表画像を目視確認した主要頭部モチーフ: blackhole","B08-NAT__Nature_&_Element/noun-0918__head-blackhole.png","visual audit of representative image for each of 258 head types"
"917","1055","B02-FAU","Fauna","head-beluga","代表画像を目視確認した主要頭部モチーフ: beluga","B02-FAU__Fauna/noun-0917__head-beluga.png","visual audit of representative image for each of 258 head types"
"916","1056","B06-OBJ","Artifact & Architecture","head-wine-barrel","代表画像を目視確認した主要頭部モチーフ: wine-barrel","B06-OBJ__Artifact_&_Architecture/noun-0916__head-wine-barrel.png","visual audit of representative image for each of 258 head types"
"915","1057","B02-FAU","Fauna","head-werewolf","代表画像を目視確認した主要頭部モチーフ: werewolf","B02-FAU__Fauna/noun-0915__head-werewolf.png","visual audit of representative image for each of 258 head types"
"914","1058","B06-OBJ","Artifact & Architecture","head-chefhat","代表画像を目視確認した主要頭部モチーフ: chefhat","B06-OBJ__Artifact_&_Architecture/noun-0914__head-chefhat.png","visual audit of representative image for each of 258 head types"
"913","1059","B04-CUL","Culinary","head-banana","代表画像を目視確認した主要頭部モチーフ: banana","B04-CUL__Culinary/noun-0913__head-banana.png","visual audit of representative image for each of 258 head types"
"912","1060","B06-OBJ","Artifact & Architecture","head-pipe","代表画像を目視確認した主要頭部モチーフ: pipe","B06-OBJ__Artifact_&_Architecture/noun-0912__head-pipe.png","visual audit of representative image for each of 258 head types"
"911","1061","B01-HUM","Humanoid","head-hair","代表画像を目視確認した主要頭部モチーフ: hair","B01-HUM__Humanoid/noun-0911__head-hair.png","visual audit of representative image for each of 258 head types"
"910","1062","B06-OBJ","Artifact & Architecture","head-crown","代表画像を目視確認した主要頭部モチーフ: crown","B06-OBJ__Artifact_&_Architecture/noun-0910__head-crown.png","visual audit of representative image for each of 258 head types"
"909","1063","B02-FAU","Fauna","head-orangutan","代表画像を目視確認した主要頭部モチーフ: orangutan","B02-FAU__Fauna/noun-0909__head-orangutan.png","visual audit of representative image for each of 258 head types"
"908","1064","B05-MEC","Machine","head-plane","代表画像を目視確認した主要頭部モチーフ: plane","B05-MEC__Machine/noun-0908__head-plane.png","visual audit of representative image for each of 258 head types"
"907","1065","B06-OBJ","Artifact & Architecture","head-toothbrush-fresh","代表画像を目視確認した主要頭部モチーフ: toothbrush-fresh","B06-OBJ__Artifact_&_Architecture/noun-0907__head-toothbrush-fresh.png","visual audit of representative image for each of 258 head types"
"906","1066","B06-OBJ","Artifact & Architecture","head-saw","代表画像を目視確認した主要頭部モチーフ: saw","B06-OBJ__Artifact_&_Architecture/noun-0906__head-saw.png","visual audit of representative image for each of 258 head types"
"905","1067","B06-OBJ","Artifact & Architecture","head-hanger","代表画像を目視確認した主要頭部モチーフ: hanger","B06-OBJ__Artifact_&_Architecture/noun-0905__head-hanger.png","visual audit of representative image for each of 258 head types"
"904","1068","B06-OBJ","Artifact & Architecture","head-curling-stone","代表画像を目視確認した主要頭部モチーフ: curling-stone","B06-OBJ__Artifact_&_Architecture/noun-0904__head-curling-stone.png","visual audit of representative image for each of 258 head types"
"903","1069","B05-MEC","Machine","head-robot","代表画像を目視確認した主要頭部モチーフ: robot","B05-MEC__Machine/noun-0903__head-robot.png","visual audit of representative image for each of 258 head types"
"902","1070","B02-FAU","Fauna","head-mouse","代表画像を目視確認した主要頭部モチーフ: mouse","B02-FAU__Fauna/noun-0902__head-mouse.png","visual audit of representative image for each of 258 head types"
"901","1071","B06-OBJ","Artifact & Architecture","head-mirror","代表画像を目視確認した主要頭部モチーフ: mirror","B06-OBJ__Artifact_&_Architecture/noun-0901__head-mirror.png","visual audit of representative image for each of 258 head types"
"900","1072","B04-CUL","Culinary","head-potato","代表画像を目視確認した主要頭部モチーフ: potato","B04-CUL__Culinary/noun-0900__head-potato.png","visual audit of representative image for each of 258 head types"
"899","1073","B02-FAU","Fauna","head-tiger","代表画像を目視確認した主要頭部モチーフ: tiger","B02-FAU__Fauna/noun-0899__head-tiger.png","visual audit of representative image for each of 258 head types"
"898","1074","B08-NAT","Nature & Element","head-lightning-bolt","代表画像を目視確認した主要頭部モチーフ: lightning-bolt","B08-NAT__Nature_&_Element/noun-0898__head-lightning-bolt.png","visual audit of representative image for each of 258 head types"
"897","1075","B10-ANO","Secret Anomaly","head-ghost-B","代表画像を目視確認した主要頭部モチーフ: ghost-B","B10-ANO__Secret_Anomaly/noun-0897__head-ghost-B.png","visual audit of representative image for each of 258 head types"
"896","1076","B02-FAU","Fauna","head-raven","代表画像を目視確認した主要頭部モチーフ: raven","B02-FAU__Fauna/noun-0896__head-raven.png","visual audit of representative image for each of 258 head types"
"895","1077","B05-MEC","Machine","head-crt-bsod","代表画像を目視確認した主要頭部モチーフ: crt-bsod","B05-MEC__Machine/noun-0895__head-crt-bsod.png","visual audit of representative image for each of 258 head types"
"894","1078","B02-FAU","Fauna","head-ducky","代表画像を目視確認した主要頭部モチーフ: ducky","B02-FAU__Fauna/noun-0894__head-ducky.png","visual audit of representative image for each of 258 head types"
"893","1079","B02-FAU","Fauna","head-crab","代表画像を目視確認した主要頭部モチーフ: crab","B02-FAU__Fauna/noun-0893__head-crab.png","visual audit of representative image for each of 258 head types"
"892","1080","B02-FAU","Fauna","head-pufferfish","代表画像を目視確認した主要頭部モチーフ: pufferfish","B02-FAU__Fauna/noun-0892__head-pufferfish.png","visual audit of representative image for each of 258 head types"
"891","1081","B09-ECH","Secret Echo","head-brain","代表画像を目視確認した主要頭部モチーフ: brain","B09-ECH__Secret_Echo/noun-0891__head-brain.png","visual audit of representative image for each of 258 head types"
"890","1082","B04-CUL","Culinary","head-bubblegum","代表画像を目視確認した主要頭部モチーフ: bubblegum","B04-CUL__Culinary/noun-0890__head-bubblegum.png","visual audit of representative image for each of 258 head types"
"889","1083","B02-FAU","Fauna","head-whale-alive","代表画像を目視確認した主要頭部モチーフ: whale-alive","B02-FAU__Fauna/noun-0889__head-whale-alive.png","visual audit of representative image for each of 258 head types"
"888","1084","B05-MEC","Machine","head-laptop","代表画像を目視確認した主要頭部モチーフ: laptop","B05-MEC__Machine/noun-0888__head-laptop.png","visual audit of representative image for each of 258 head types"
"887","1085","B04-CUL","Culinary","head-steak","代表画像を目視確認した主要頭部モチーフ: steak","B04-CUL__Culinary/noun-0887__head-steak.png","visual audit of representative image for each of 258 head types"
"886","1086","B02-FAU","Fauna","head-bear","代表画像を目視確認した主要頭部モチーフ: bear","B02-FAU__Fauna/noun-0886__head-bear.png","visual audit of representative image for each of 258 head types"
"885","1087","B05-MEC","Machine","head-vending-machine","代表画像を目視確認した主要頭部モチーフ: vending-machine","B05-MEC__Machine/noun-0885__head-vending-machine.png","visual audit of representative image for each of 258 head types"
"884","1088","B04-CUL","Culinary","head-bubblegum","代表画像を目視確認した主要頭部モチーフ: bubblegum","B04-CUL__Culinary/noun-0884__head-bubblegum.png","visual audit of representative image for each of 258 head types"
"883","1089","B02-FAU","Fauna","head-croc-hat","代表画像を目視確認した主要頭部モチーフ: croc-hat","B02-FAU__Fauna/noun-0883__head-croc-hat.png","visual audit of representative image for each of 258 head types"
"882","1090","B04-CUL","Culinary","head-ketchup","代表画像を目視確認した主要頭部モチーフ: ketchup","B04-CUL__Culinary/noun-0882__head-ketchup.png","visual audit of representative image for each of 258 head types"
"881","1091","B06-OBJ","Artifact & Architecture","head-factory-dark","代表画像を目視確認した主要頭部モチーフ: factory-dark","B06-OBJ__Artifact_&_Architecture/noun-0881__head-factory-dark.png","visual audit of representative image for each of 258 head types"
"880","1092","B05-MEC","Machine","head-robot","代表画像を目視確認した主要頭部モチーフ: robot","B05-MEC__Machine/noun-0880__head-robot.png","visual audit of representative image for each of 258 head types"
"879","1093","B06-OBJ","Artifact & Architecture","head-bagpipe","代表画像を目視確認した主要頭部モチーフ: bagpipe","B06-OBJ__Artifact_&_Architecture/noun-0879__head-bagpipe.png","visual audit of representative image for each of 258 head types"
"878","1094","B04-CUL","Culinary","head-pineapple","代表画像を目視確認した主要頭部モチーフ: pineapple","B04-CUL__Culinary/noun-0878__head-pineapple.png","visual audit of representative image for each of 258 head types"
"877","1095","B04-CUL","Culinary","head-mug","代表画像を目視確認した主要頭部モチーフ: mug","B04-CUL__Culinary/noun-0877__head-mug.png","visual audit of representative image for each of 258 head types"
"876","1096","B04-CUL","Culinary","head-pickle","代表画像を目視確認した主要頭部モチーフ: pickle","B04-CUL__Culinary/noun-0876__head-pickle.png","visual audit of representative image for each of 258 head types"
"875","1097","B10-ANO","Secret Anomaly","head-skeleton-hat","代表画像を目視確認した主要頭部モチーフ: skeleton-hat","B10-ANO__Secret_Anomaly/noun-0875__head-skeleton-hat.png","visual audit of representative image for each of 258 head types"
"874","1098","B02-FAU","Fauna","head-jellyfish","代表画像を目視確認した主要頭部モチーフ: jellyfish","B02-FAU__Fauna/noun-0874__head-jellyfish.png","visual audit of representative image for each of 258 head types"
"873","1099","B02-FAU","Fauna","head-whale","代表画像を目視確認した主要頭部モチーフ: whale","B02-FAU__Fauna/noun-0873__head-whale.png","visual audit of representative image for each of 258 head types"
"872","1100","B05-MEC","Machine","head-camcorder","代表画像を目視確認した主要頭部モチーフ: camcorder","B05-MEC__Machine/noun-0872__head-camcorder.png","visual audit of representative image for each of 258 head types"
"871","1101","B06-OBJ","Artifact & Architecture","head-pillow","代表画像を目視確認した主要頭部モチーフ: pillow","B06-OBJ__Artifact_&_Architecture/noun-0871__head-pillow.png","visual audit of representative image for each of 258 head types"
"870","1102","B06-OBJ","Artifact & Architecture","head-ruler-triangular","代表画像を目視確認した主要頭部モチーフ: ruler-triangular","B06-OBJ__Artifact_&_Architecture/noun-0870__head-ruler-triangular.png","visual audit of representative image for each of 258 head types"
"869","1103","B02-FAU","Fauna","head-tiger","代表画像を目視確認した主要頭部モチーフ: tiger","B02-FAU__Fauna/noun-0869__head-tiger.png","visual audit of representative image for each of 258 head types"
"868","1104","B08-NAT","Nature & Element","head-mountain-snowcap","代表画像を目視確認した主要頭部モチーフ: mountain-snowcap","B08-NAT__Nature_&_Element/noun-0868__head-mountain-snowcap.png","visual audit of representative image for each of 258 head types"
"867","1105","B02-FAU","Fauna","head-chicken","代表画像を目視確認した主要頭部モチーフ: chicken","B02-FAU__Fauna/noun-0867__head-chicken.png","visual audit of representative image for each of 258 head types"
"866","1106","B04-CUL","Culinary","head-sandwich","代表画像を目視確認した主要頭部モチーフ: sandwich","B04-CUL__Culinary/noun-0866__head-sandwich.png","visual audit of representative image for each of 258 head types"
"865","1107","B08-NAT","Nature & Element","head-rainbow","代表画像を目視確認した主要頭部モチーフ: rainbow","B08-NAT__Nature_&_Element/noun-0865__head-rainbow.png","visual audit of representative image for each of 258 head types"
"864","1108","B03-FLO","Flora & Fungi","head-weed","代表画像を目視確認した主要頭部モチーフ: weed","B03-FLO__Flora_&_Fungi/noun-0864__head-weed.png","visual audit of representative image for each of 258 head types"
"863","1109","B05-MEC","Machine","head-crt-bsod","代表画像を目視確認した主要頭部モチーフ: crt-bsod","B05-MEC__Machine/noun-0863__head-crt-bsod.png","visual audit of representative image for each of 258 head types"
"862","1110","B06-OBJ","Artifact & Architecture","head-wallsafe","代表画像を目視確認した主要頭部モチーフ: wallsafe","B06-OBJ__Artifact_&_Architecture/noun-0862__head-wallsafe.png","visual audit of representative image for each of 258 head types"
"861","1111","B02-FAU","Fauna","head-horse-deepfried","代表画像を目視確認した主要頭部モチーフ: horse-deepfried","B02-FAU__Fauna/noun-0861__head-horse-deepfried.png","visual audit of representative image for each of 258 head types"
"860","1112","B05-MEC","Machine","head-rangefinder","代表画像を目視確認した主要頭部モチーフ: rangefinder","B05-MEC__Machine/noun-0860__head-rangefinder.png","visual audit of representative image for each of 258 head types"
"859","1113","B04-CUL","Culinary","head-cotton-candy","代表画像を目視確認した主要頭部モチーフ: cotton-candy","B04-CUL__Culinary/noun-0859__head-cotton-candy.png","visual audit of representative image for each of 258 head types"
"858","1114","B05-MEC","Machine","head-satellite","代表画像を目視確認した主要頭部モチーフ: satellite","B05-MEC__Machine/noun-0858__head-satellite.png","visual audit of representative image for each of 258 head types"
"857","1115","B05-MEC","Machine","head-camcorder","代表画像を目視確認した主要頭部モチーフ: camcorder","B05-MEC__Machine/noun-0857__head-camcorder.png","visual audit of representative image for each of 258 head types"
"856","1116","B02-FAU","Fauna","head-tiger","代表画像を目視確認した主要頭部モチーフ: tiger","B02-FAU__Fauna/noun-0856__head-tiger.png","visual audit of representative image for each of 258 head types"
"855","1117","B02-FAU","Fauna","head-jellyfish","代表画像を目視確認した主要頭部モチーフ: jellyfish","B02-FAU__Fauna/noun-0855__head-jellyfish.png","visual audit of representative image for each of 258 head types"
"854","1118","B08-NAT","Nature & Element","head-rainbow","代表画像を目視確認した主要頭部モチーフ: rainbow","B08-NAT__Nature_&_Element/noun-0854__head-rainbow.png","visual audit of representative image for each of 258 head types"
"853","1119","B02-FAU","Fauna","head-fox","代表画像を目視確認した主要頭部モチーフ: fox","B02-FAU__Fauna/noun-0853__head-fox.png","visual audit of representative image for each of 258 head types"
"852","1120","B10-ANO","Secret Anomaly","head-skeleton-hat","代表画像を目視確認した主要頭部モチーフ: skeleton-hat","B10-ANO__Secret_Anomaly/noun-0852__head-skeleton-hat.png","visual audit of representative image for each of 258 head types"
"851","1121","B04-CUL","Culinary","head-pumpkin","代表画像を目視確認した主要頭部モチーフ: pumpkin","B04-CUL__Culinary/noun-0851__head-pumpkin.png","visual audit of representative image for each of 258 head types"
"850","1122","B04-CUL","Culinary","head-blueberry","代表画像を目視確認した主要頭部モチーフ: blueberry","B04-CUL__Culinary/noun-0850__head-blueberry.png","visual audit of representative image for each of 258 head types"
"849","1123","B01-HUM","Humanoid","head-thumbsup","代表画像を目視確認した主要頭部モチーフ: thumbsup","B01-HUM__Humanoid/noun-0849__head-thumbsup.png","visual audit of representative image for each of 258 head types"
"848","1124","B04-CUL","Culinary","head-mug","代表画像を目視確認した主要頭部モチーフ: mug","B04-CUL__Culinary/noun-0848__head-mug.png","visual audit of representative image for each of 258 head types"
"847","1125","B02-FAU","Fauna","head-orangutan","代表画像を目視確認した主要頭部モチーフ: orangutan","B02-FAU__Fauna/noun-0847__head-orangutan.png","visual audit of representative image for each of 258 head types"
"846","1126","B02-FAU","Fauna","head-zebra","代表画像を目視確認した主要頭部モチーフ: zebra","B02-FAU__Fauna/noun-0846__head-zebra.png","visual audit of representative image for each of 258 head types"
"845","1127","B06-OBJ","Artifact & Architecture","head-road","代表画像を目視確認した主要頭部モチーフ: road","B06-OBJ__Artifact_&_Architecture/noun-0845__head-road.png","visual audit of representative image for each of 258 head types"
"844","1128","B06-OBJ","Artifact & Architecture","head-faberge","代表画像を目視確認した主要頭部モチーフ: faberge","B06-OBJ__Artifact_&_Architecture/noun-0844__head-faberge.png","visual audit of representative image for each of 258 head types"
"843","1129","B10-ANO","Secret Anomaly","head-ghost-B","代表画像を目視確認した主要頭部モチーフ: ghost-B","B10-ANO__Secret_Anomaly/noun-0843__head-ghost-B.png","visual audit of representative image for each of 258 head types"
"842","1130","B04-CUL","Culinary","head-cherry","代表画像を目視確認した主要頭部モチーフ: cherry","B04-CUL__Culinary/noun-0842__head-cherry.png","visual audit of representative image for each of 258 head types"
"841","1131","B06-OBJ","Artifact & Architecture","head-cone","代表画像を目視確認した主要頭部モチーフ: cone","B06-OBJ__Artifact_&_Architecture/noun-0841__head-cone.png","visual audit of representative image for each of 258 head types"
"840","1132","B06-OBJ","Artifact & Architecture","head-outlet","代表画像を目視確認した主要頭部モチーフ: outlet","B06-OBJ__Artifact_&_Architecture/noun-0840__head-outlet.png","visual audit of representative image for each of 258 head types"
"839","1133","B09-ECH","Secret Echo","head-heart","代表画像を目視確認した主要頭部モチーフ: heart","B09-ECH__Secret_Echo/noun-0839__head-heart.png","visual audit of representative image for each of 258 head types"
"838","1134","B10-ANO","Secret Anomaly","head-undead","代表画像を目視確認した主要頭部モチーフ: undead","B10-ANO__Secret_Anomaly/noun-0838__head-undead.png","visual audit of representative image for each of 258 head types"
"837","1135","B05-MEC","Machine","head-snowmobile","代表画像を目視確認した主要頭部モチーフ: snowmobile","B05-MEC__Machine/noun-0837__head-snowmobile.png","visual audit of representative image for each of 258 head types"
"836","1136","B05-MEC","Machine","head-fax-machine","代表画像を目視確認した主要頭部モチーフ: fax-machine","B05-MEC__Machine/noun-0836__head-fax-machine.png","visual audit of representative image for each of 258 head types"
"835","1137","B02-FAU","Fauna","head-orangutan","代表画像を目視確認した主要頭部モチーフ: orangutan","B02-FAU__Fauna/noun-0835__head-orangutan.png","visual audit of representative image for each of 258 head types"
"834","1138","B04-CUL","Culinary","head-pineapple","代表画像を目視確認した主要頭部モチーフ: pineapple","B04-CUL__Culinary/noun-0834__head-pineapple.png","visual audit of representative image for each of 258 head types"
"833","1139","B05-MEC","Machine","head-sailboat","代表画像を目視確認した主要頭部モチーフ: sailboat","B05-MEC__Machine/noun-0833__head-sailboat.png","visual audit of representative image for each of 258 head types"
"832","1140","B06-OBJ","Artifact & Architecture","head-stapler","代表画像を目視確認した主要頭部モチーフ: stapler","B06-OBJ__Artifact_&_Architecture/noun-0832__head-stapler.png","visual audit of representative image for each of 258 head types"
"831","1141","B06-OBJ","Artifact & Architecture","head-trashcan","代表画像を目視確認した主要頭部モチーフ: trashcan","B06-OBJ__Artifact_&_Architecture/noun-0831__head-trashcan.png","visual audit of representative image for each of 258 head types"
"830","1142","B06-OBJ","Artifact & Architecture","head-shower","代表画像を目視確認した主要頭部モチーフ: shower","B06-OBJ__Artifact_&_Architecture/noun-0830__head-shower.png","visual audit of representative image for each of 258 head types"
"829","1143","B05-MEC","Machine","head-microwave","代表画像を目視確認した主要頭部モチーフ: microwave","B05-MEC__Machine/noun-0829__head-microwave.png","visual audit of representative image for each of 258 head types"
"828","1144","B08-NAT","Nature & Element","head-sunset","代表画像を目視確認した主要頭部モチーフ: sunset","B08-NAT__Nature_&_Element/noun-0828__head-sunset.png","visual audit of representative image for each of 258 head types"
"827","1145","B06-OBJ","Artifact & Architecture","head-backpack","代表画像を目視確認した主要頭部モチーフ: backpack","B06-OBJ__Artifact_&_Architecture/noun-0827__head-backpack.png","visual audit of representative image for each of 258 head types"
"826","1146","B02-FAU","Fauna","head-raven","代表画像を目視確認した主要頭部モチーフ: raven","B02-FAU__Fauna/noun-0826__head-raven.png","visual audit of representative image for each of 258 head types"
"825","1147","B08-NAT","Nature & Element","head-mountain-snowcap","代表画像を目視確認した主要頭部モチーフ: mountain-snowcap","B08-NAT__Nature_&_Element/noun-0825__head-mountain-snowcap.png","visual audit of representative image for each of 258 head types"
"824","1148","B04-CUL","Culinary","head-pickle","代表画像を目視確認した主要頭部モチーフ: pickle","B04-CUL__Culinary/noun-0824__head-pickle.png","visual audit of representative image for each of 258 head types"
"823","1149","B05-MEC","Machine","head-chainsaw","代表画像を目視確認した主要頭部モチーフ: chainsaw","B05-MEC__Machine/noun-0823__head-chainsaw.png","visual audit of representative image for each of 258 head types"
"822","1150","B05-MEC","Machine","head-fax-machine","代表画像を目視確認した主要頭部モチーフ: fax-machine","B05-MEC__Machine/noun-0822__head-fax-machine.png","visual audit of representative image for each of 258 head types"
"821","1151","B08-NAT","Nature & Element","head-wave","代表画像を目視確認した主要頭部モチーフ: wave","B08-NAT__Nature_&_Element/noun-0821__head-wave.png","visual audit of representative image for each of 258 head types"
"820","1152","B05-MEC","Machine","head-skateboard","代表画像を目視確認した主要頭部モチーフ: skateboard","B05-MEC__Machine/noun-0820__head-skateboard.png","visual audit of representative image for each of 258 head types"
"819","1153","B08-NAT","Nature & Element","head-saturn","代表画像を目視確認した主要頭部モチーフ: saturn","B08-NAT__Nature_&_Element/noun-0819__head-saturn.png","visual audit of representative image for each of 258 head types"
"818","1154","B05-MEC","Machine","head-satellite","代表画像を目視確認した主要頭部モチーフ: satellite","B05-MEC__Machine/noun-0818__head-satellite.png","visual audit of representative image for each of 258 head types"
"817","1155","B05-MEC","Machine","head-taxi","代表画像を目視確認した主要頭部モチーフ: taxi","B05-MEC__Machine/noun-0817__head-taxi.png","visual audit of representative image for each of 258 head types"
"816","1156","B05-MEC","Machine","head-fax-machine","代表画像を目視確認した主要頭部モチーフ: fax-machine","B05-MEC__Machine/noun-0816__head-fax-machine.png","visual audit of representative image for each of 258 head types"
"815","1157","B02-FAU","Fauna","head-werewolf","代表画像を目視確認した主要頭部モチーフ: werewolf","B02-FAU__Fauna/noun-0815__head-werewolf.png","visual audit of representative image for each of 258 head types"
"814","1158","B05-MEC","Machine","head-drill","代表画像を目視確認した主要頭部モチーフ: drill","B05-MEC__Machine/noun-0814__head-drill.png","visual audit of representative image for each of 258 head types"
"813","1159","B04-CUL","Culinary","head-cotton-candy","代表画像を目視確認した主要頭部モチーフ: cotton-candy","B04-CUL__Culinary/noun-0813__head-cotton-candy.png","visual audit of representative image for each of 258 head types"
"812","1160","B02-FAU","Fauna","head-beluga","代表画像を目視確認した主要頭部モチーフ: beluga","B02-FAU__Fauna/noun-0812__head-beluga.png","visual audit of representative image for each of 258 head types"
"811","1161","B05-MEC","Machine","head-toaster","代表画像を目視確認した主要頭部モチーフ: toaster","B05-MEC__Machine/noun-0811__head-toaster.png","visual audit of representative image for each of 258 head types"
"810","1162","B02-FAU","Fauna","head-tiger","代表画像を目視確認した主要頭部モチーフ: tiger","B02-FAU__Fauna/noun-0810__head-tiger.png","visual audit of representative image for each of 258 head types"
"809","1163","B06-OBJ","Artifact & Architecture","head-curling-stone","代表画像を目視確認した主要頭部モチーフ: curling-stone","B06-OBJ__Artifact_&_Architecture/noun-0809__head-curling-stone.png","visual audit of representative image for each of 258 head types"
"808","1164","B06-OBJ","Artifact & Architecture","head-backpack","代表画像を目視確認した主要頭部モチーフ: backpack","B06-OBJ__Artifact_&_Architecture/noun-0808__head-backpack.png","visual audit of representative image for each of 258 head types"
"807","1165","B05-MEC","Machine","head-console-handheld","代表画像を目視確認した主要頭部モチーフ: console-handheld","B05-MEC__Machine/noun-0807__head-console-handheld.png","visual audit of representative image for each of 258 head types"
"806","1166","B06-OBJ","Artifact & Architecture","head-beanie","代表画像を目視確認した主要頭部モチーフ: beanie","B06-OBJ__Artifact_&_Architecture/noun-0806__head-beanie.png","visual audit of representative image for each of 258 head types"
"805","1167","B04-CUL","Culinary","head-cake","代表画像を目視確認した主要頭部モチーフ: cake","B04-CUL__Culinary/noun-0805__head-cake.png","visual audit of representative image for each of 258 head types"
"804","1168","B04-CUL","Culinary","head-ketchup","代表画像を目視確認した主要頭部モチーフ: ketchup","B04-CUL__Culinary/noun-0804__head-ketchup.png","visual audit of representative image for each of 258 head types"
"803","1169","B06-OBJ","Artifact & Architecture","head-queencrown","代表画像を目視確認した主要頭部モチーフ: queencrown","B06-OBJ__Artifact_&_Architecture/noun-0803__head-queencrown.png","visual audit of representative image for each of 258 head types"
"802","1170","B04-CUL","Culinary","head-burger-dollarmenu","代表画像を目視確認した主要頭部モチーフ: burger-dollarmenu","B04-CUL__Culinary/noun-0802__head-burger-dollarmenu.png","visual audit of representative image for each of 258 head types"
"801","1171","B06-OBJ","Artifact & Architecture","head-couch","代表画像を目視確認した主要頭部モチーフ: couch","B06-OBJ__Artifact_&_Architecture/noun-0801__head-couch.png","visual audit of representative image for each of 258 head types"
"800","1172","B05-MEC","Machine","head-car","代表画像を目視確認した主要頭部モチーフ: car","B05-MEC__Machine/noun-0800__head-car.png","visual audit of representative image for each of 258 head types"
"799","1173","B02-FAU","Fauna","head-duck","代表画像を目視確認した主要頭部モチーフ: duck","B02-FAU__Fauna/noun-0799__head-duck.png","visual audit of representative image for each of 258 head types"
"798","1174","B05-MEC","Machine","head-drill","代表画像を目視確認した主要頭部モチーフ: drill","B05-MEC__Machine/noun-0798__head-drill.png","visual audit of representative image for each of 258 head types"
"797","1175","B04-CUL","Culinary","head-cheese","代表画像を目視確認した主要頭部モチーフ: cheese","B04-CUL__Culinary/noun-0797__head-cheese.png","visual audit of representative image for each of 258 head types"
"796","1176","B06-OBJ","Artifact & Architecture","head-ring","代表画像を目視確認した主要頭部モチーフ: ring","B06-OBJ__Artifact_&_Architecture/noun-0796__head-ring.png","visual audit of representative image for each of 258 head types"
"795","1177","B04-CUL","Culinary","head-pickle","代表画像を目視確認した主要頭部モチーフ: pickle","B04-CUL__Culinary/noun-0795__head-pickle.png","visual audit of representative image for each of 258 head types"
"794","1178","B06-OBJ","Artifact & Architecture","head-couch","代表画像を目視確認した主要頭部モチーフ: couch","B06-OBJ__Artifact_&_Architecture/noun-0794__head-couch.png","visual audit of representative image for each of 258 head types"
"793","1179","B02-FAU","Fauna","head-chicken","代表画像を目視確認した主要頭部モチーフ: chicken","B02-FAU__Fauna/noun-0793__head-chicken.png","visual audit of representative image for each of 258 head types"
"792","1180","B02-FAU","Fauna","head-cat","代表画像を目視確認した主要頭部モチーフ: cat","B02-FAU__Fauna/noun-0792__head-cat.png","visual audit of representative image for each of 258 head types"
"791","1181","B05-MEC","Machine","head-vending-machine","代表画像を目視確認した主要頭部モチーフ: vending-machine","B05-MEC__Machine/noun-0791__head-vending-machine.png","visual audit of representative image for each of 258 head types"
"790","1182","B02-FAU","Fauna","head-ducky","代表画像を目視確認した主要頭部モチーフ: ducky","B02-FAU__Fauna/noun-0790__head-ducky.png","visual audit of representative image for each of 258 head types"
"789","1183","B06-OBJ","Artifact & Architecture","head-volleyball","代表画像を目視確認した主要頭部モチーフ: volleyball","B06-OBJ__Artifact_&_Architecture/noun-0789__head-volleyball.png","visual audit of representative image for each of 258 head types"
"788","1184","B06-OBJ","Artifact & Architecture","head-paperclip","代表画像を目視確認した主要頭部モチーフ: paperclip","B06-OBJ__Artifact_&_Architecture/noun-0788__head-paperclip.png","visual audit of representative image for each of 258 head types"
"787","1185","B05-MEC","Machine","head-chainsaw","代表画像を目視確認した主要頭部モチーフ: chainsaw","B05-MEC__Machine/noun-0787__head-chainsaw.png","visual audit of representative image for each of 258 head types"
"786","1186","B04-CUL","Culinary","head-mustard","代表画像を目視確認した主要頭部モチーフ: mustard","B04-CUL__Culinary/noun-0786__head-mustard.png","visual audit of representative image for each of 258 head types"
"785","1187","B04-CUL","Culinary","head-milk","代表画像を目視確認した主要頭部モチーフ: milk","B04-CUL__Culinary/noun-0785__head-milk.png","visual audit of representative image for each of 258 head types"
"784","1188","B04-CUL","Culinary","head-chips","代表画像を目視確認した主要頭部モチーフ: chips","B04-CUL__Culinary/noun-0784__head-chips.png","visual audit of representative image for each of 258 head types"
"783","1189","B05-MEC","Machine","head-camcorder","代表画像を目視確認した主要頭部モチーフ: camcorder","B05-MEC__Machine/noun-0783__head-camcorder.png","visual audit of representative image for each of 258 head types"
"782","1190","B08-NAT","Nature & Element","head-lightning-bolt","代表画像を目視確認した主要頭部モチーフ: lightning-bolt","B08-NAT__Nature_&_Element/noun-0782__head-lightning-bolt.png","visual audit of representative image for each of 258 head types"
"781","1191","B08-NAT","Nature & Element","head-mountain-snowcap","代表画像を目視確認した主要頭部モチーフ: mountain-snowcap","B08-NAT__Nature_&_Element/noun-0781__head-mountain-snowcap.png","visual audit of representative image for each of 258 head types"
"780","1192","B05-MEC","Machine","head-ufo","代表画像を目視確認した主要頭部モチーフ: ufo","B05-MEC__Machine/noun-0780__head-ufo.png","visual audit of representative image for each of 258 head types"
"779","1193","B02-FAU","Fauna","head-frog","代表画像を目視確認した主要頭部モチーフ: frog","B02-FAU__Fauna/noun-0779__head-frog.png","visual audit of representative image for each of 258 head types"
"778","1194","B02-FAU","Fauna","head-frog","代表画像を目視確認した主要頭部モチーフ: frog","B02-FAU__Fauna/noun-0778__head-frog.png","visual audit of representative image for each of 258 head types"
"777","1195","B06-OBJ","Artifact & Architecture","head-gavel","代表画像を目視確認した主要頭部モチーフ: gavel","B06-OBJ__Artifact_&_Architecture/noun-0777__head-gavel.png","visual audit of representative image for each of 258 head types"
"776","1196","B06-OBJ","Artifact & Architecture","head-queencrown","代表画像を目視確認した主要頭部モチーフ: queencrown","B06-OBJ__Artifact_&_Architecture/noun-0776__head-queencrown.png","visual audit of representative image for each of 258 head types"
"775","1197","B02-FAU","Fauna","head-ducky","代表画像を目視確認した主要頭部モチーフ: ducky","B02-FAU__Fauna/noun-0775__head-ducky.png","visual audit of representative image for each of 258 head types"
"774","1198","B07-MAT","Material & Mineral","head-cottonball","代表画像を目視確認した主要頭部モチーフ: cottonball","B07-MAT__Material_&_Mineral/noun-0774__head-cottonball.png","visual audit of representative image for each of 258 head types"
"773","1199","B02-FAU","Fauna","head-frog","代表画像を目視確認した主要頭部モチーフ: frog","B02-FAU__Fauna/noun-0773__head-frog.png","visual audit of representative image for each of 258 head types"
"772","1200","B05-MEC","Machine","head-toaster","代表画像を目視確認した主要頭部モチーフ: toaster","B05-MEC__Machine/noun-0772__head-toaster.png","visual audit of representative image for each of 258 head types"
"771","1201","B04-CUL","Culinary","head-mug","代表画像を目視確認した主要頭部モチーフ: mug","B04-CUL__Culinary/noun-0771__head-mug.png","visual audit of representative image for each of 258 head types"
"770","1202","B08-NAT","Nature & Element","head-saturn","代表画像を目視確認した主要頭部モチーフ: saturn","B08-NAT__Nature_&_Element/noun-0770__head-saturn.png","visual audit of representative image for each of 258 head types"
"769","1203","B05-MEC","Machine","head-console-handheld","代表画像を目視確認した主要頭部モチーフ: console-handheld","B05-MEC__Machine/noun-0769__head-console-handheld.png","visual audit of representative image for each of 258 head types"
"768","1204","B03-FLO","Flora & Fungi","head-peyote","代表画像を目視確認した主要頭部モチーフ: peyote","B03-FLO__Flora_&_Fungi/noun-0768__head-peyote.png","visual audit of representative image for each of 258 head types"
"767","1205","B06-OBJ","Artifact & Architecture","head-treasurechest","代表画像を目視確認した主要頭部モチーフ: treasurechest","B06-OBJ__Artifact_&_Architecture/noun-0767__head-treasurechest.png","visual audit of representative image for each of 258 head types"
"766","1206","B02-FAU","Fauna","head-cat","代表画像を目視確認した主要頭部モチーフ: cat","B02-FAU__Fauna/noun-0766__head-cat.png","visual audit of representative image for each of 258 head types"
"765","1207","B08-NAT","Nature & Element","head-saturn","代表画像を目視確認した主要頭部モチーフ: saturn","B08-NAT__Nature_&_Element/noun-0765__head-saturn.png","visual audit of representative image for each of 258 head types"
"764","1208","B02-FAU","Fauna","head-moose","代表画像を目視確認した主要頭部モチーフ: moose","B02-FAU__Fauna/noun-0764__head-moose.png","visual audit of representative image for each of 258 head types"
"763","1209","B03-FLO","Flora & Fungi","head-peyote","代表画像を目視確認した主要頭部モチーフ: peyote","B03-FLO__Flora_&_Fungi/noun-0763__head-peyote.png","visual audit of representative image for each of 258 head types"
"762","1210","B03-FLO","Flora & Fungi","head-fir","代表画像を目視確認した主要頭部モチーフ: fir","B03-FLO__Flora_&_Fungi/noun-0762__head-fir.png","visual audit of representative image for each of 258 head types"
"761","1211","B06-OBJ","Artifact & Architecture","head-queencrown","代表画像を目視確認した主要頭部モチーフ: queencrown","B06-OBJ__Artifact_&_Architecture/noun-0761__head-queencrown.png","visual audit of representative image for each of 258 head types"
"760","1212","B04-CUL","Culinary","head-doughnut","代表画像を目視確認した主要頭部モチーフ: doughnut","B04-CUL__Culinary/noun-0760__head-doughnut.png","visual audit of representative image for each of 258 head types"
"759","1213","B06-OBJ","Artifact & Architecture","head-pipe","代表画像を目視確認した主要頭部モチーフ: pipe","B06-OBJ__Artifact_&_Architecture/noun-0759__head-pipe.png","visual audit of representative image for each of 258 head types"
"758","1214","B02-FAU","Fauna","head-panda","代表画像を目視確認した主要頭部モチーフ: panda","B02-FAU__Fauna/noun-0758__head-panda.png","visual audit of representative image for each of 258 head types"
"757","1215","B05-MEC","Machine","head-turing","代表画像を目視確認した主要頭部モチーフ: turing","B05-MEC__Machine/noun-0757__head-turing.png","visual audit of representative image for each of 258 head types"
"756","1216","B04-CUL","Culinary","head-potato","代表画像を目視確認した主要頭部モチーフ: potato","B04-CUL__Culinary/noun-0756__head-potato.png","visual audit of representative image for each of 258 head types"
"755","1217","B04-CUL","Culinary","head-cheese","代表画像を目視確認した主要頭部モチーフ: cheese","B04-CUL__Culinary/noun-0755__head-cheese.png","visual audit of representative image for each of 258 head types"
"754","1218","B05-MEC","Machine","head-crt-bsod","代表画像を目視確認した主要頭部モチーフ: crt-bsod","B05-MEC__Machine/noun-0754__head-crt-bsod.png","visual audit of representative image for each of 258 head types"
"753","1219","B05-MEC","Machine","head-bomb","代表画像を目視確認した主要頭部モチーフ: bomb","B05-MEC__Machine/noun-0753__head-bomb.png","visual audit of representative image for each of 258 head types"
"752","1220","B06-OBJ","Artifact & Architecture","head-dictionary","代表画像を目視確認した主要頭部モチーフ: dictionary","B06-OBJ__Artifact_&_Architecture/noun-0752__head-dictionary.png","visual audit of representative image for each of 258 head types"
"751","1221","B10-ANO","Secret Anomaly","head-undead","代表画像を目視確認した主要頭部モチーフ: undead","B10-ANO__Secret_Anomaly/noun-0751__head-undead.png","visual audit of representative image for each of 258 head types"
"750","1222","B02-FAU","Fauna","head-goat","代表画像を目視確認した主要頭部モチーフ: goat","B02-FAU__Fauna/noun-0750__head-goat.png","visual audit of representative image for each of 258 head types"
"749","1223","B02-FAU","Fauna","head-aardvark","代表画像を目視確認した主要頭部モチーフ: aardvark","B02-FAU__Fauna/noun-0749__head-aardvark.png","visual audit of representative image for each of 258 head types"
"748","1224","B04-CUL","Culinary","head-cherry","代表画像を目視確認した主要頭部モチーフ: cherry","B04-CUL__Culinary/noun-0748__head-cherry.png","visual audit of representative image for each of 258 head types"
"747","1225","B06-OBJ","Artifact & Architecture","head-weight","代表画像を目視確認した主要頭部モチーフ: weight","B06-OBJ__Artifact_&_Architecture/noun-0747__head-weight.png","visual audit of representative image for each of 258 head types"
"746","1226","B08-NAT","Nature & Element","head-lightning-bolt","代表画像を目視確認した主要頭部モチーフ: lightning-bolt","B08-NAT__Nature_&_Element/noun-0746__head-lightning-bolt.png","visual audit of representative image for each of 258 head types"
"745","1227","B10-ANO","Secret Anomaly","head-ghost-B","代表画像を目視確認した主要頭部モチーフ: ghost-B","B10-ANO__Secret_Anomaly/noun-0745__head-ghost-B.png","visual audit of representative image for each of 258 head types"
"744","1228","B08-NAT","Nature & Element","head-moon","代表画像を目視確認した主要頭部モチーフ: moon","B08-NAT__Nature_&_Element/noun-0744__head-moon.png","visual audit of representative image for each of 258 head types"
"743","1229","B10-ANO","Secret Anomaly","head-skeleton-hat","代表画像を目視確認した主要頭部モチーフ: skeleton-hat","B10-ANO__Secret_Anomaly/noun-0743__head-skeleton-hat.png","visual audit of representative image for each of 258 head types"
"742","1230","B06-OBJ","Artifact & Architecture","head-factory-dark","代表画像を目視確認した主要頭部モチーフ: factory-dark","B06-OBJ__Artifact_&_Architecture/noun-0742__head-factory-dark.png","visual audit of representative image for each of 258 head types"
"741","1231","B03-FLO","Flora & Fungi","head-clover","代表画像を目視確認した主要頭部モチーフ: clover","B03-FLO__Flora_&_Fungi/noun-0741__head-clover.png","visual audit of representative image for each of 258 head types"
"740","1232","B05-MEC","Machine","head-cordlessphone","代表画像を目視確認した主要頭部モチーフ: cordlessphone","B05-MEC__Machine/noun-0740__head-cordlessphone.png","visual audit of representative image for each of 258 head types"
"739","1233","B04-CUL","Culinary","head-mug","代表画像を目視確認した主要頭部モチーフ: mug","B04-CUL__Culinary/noun-0739__head-mug.png","visual audit of representative image for each of 258 head types"
"738","1234","B05-MEC","Machine","head-helicopter","代表画像を目視確認した主要頭部モチーフ: helicopter","B05-MEC__Machine/noun-0738__head-helicopter.png","visual audit of representative image for each of 258 head types"
"737","1235","B06-OBJ","Artifact & Architecture","head-lipstick2","代表画像を目視確認した主要頭部モチーフ: lipstick2","B06-OBJ__Artifact_&_Architecture/noun-0737__head-lipstick2.png","visual audit of representative image for each of 258 head types"
"736","1236","B04-CUL","Culinary","head-ketchup","代表画像を目視確認した主要頭部モチーフ: ketchup","B04-CUL__Culinary/noun-0736__head-ketchup.png","visual audit of representative image for each of 258 head types"
"735","1237","B04-CUL","Culinary","head-pickle","代表画像を目視確認した主要頭部モチーフ: pickle","B04-CUL__Culinary/noun-0735__head-pickle.png","visual audit of representative image for each of 258 head types"
"734","1238","B05-MEC","Machine","head-chipboard","代表画像を目視確認した主要頭部モチーフ: chipboard","B05-MEC__Machine/noun-0734__head-chipboard.png","visual audit of representative image for each of 258 head types"
"733","1239","B02-FAU","Fauna","head-bigfoot-yeti","代表画像を目視確認した主要頭部モチーフ: bigfoot-yeti","B02-FAU__Fauna/noun-0733__head-bigfoot-yeti.png","visual audit of representative image for each of 258 head types"
"732","1240","B02-FAU","Fauna","head-raven","代表画像を目視確認した主要頭部モチーフ: raven","B02-FAU__Fauna/noun-0732__head-raven.png","visual audit of representative image for each of 258 head types"
"731","1241","B06-OBJ","Artifact & Architecture","head-calendar","代表画像を目視確認した主要頭部モチーフ: calendar","B06-OBJ__Artifact_&_Architecture/noun-0731__head-calendar.png","visual audit of representative image for each of 258 head types"
"730","1242","B02-FAU","Fauna","head-frog","代表画像を目視確認した主要頭部モチーフ: frog","B02-FAU__Fauna/noun-0730__head-frog.png","visual audit of representative image for each of 258 head types"
"729","1243","B09-ECH","Secret Echo","head-heart","代表画像を目視確認した主要頭部モチーフ: heart","B09-ECH__Secret_Echo/noun-0729__head-heart.png","visual audit of representative image for each of 258 head types"
"728","1244","B07-MAT","Material & Mineral","head-cottonball","代表画像を目視確認した主要頭部モチーフ: cottonball","B07-MAT__Material_&_Mineral/noun-0728__head-cottonball.png","visual audit of representative image for each of 258 head types"
"727","1245","B04-CUL","Culinary","head-cherry","代表画像を目視確認した主要頭部モチーフ: cherry","B04-CUL__Culinary/noun-0727__head-cherry.png","visual audit of representative image for each of 258 head types"
"726","1246","B03-FLO","Flora & Fungi","head-flower","代表画像を目視確認した主要頭部モチーフ: flower","B03-FLO__Flora_&_Fungi/noun-0726__head-flower.png","visual audit of representative image for each of 258 head types"
"725","1247","B08-NAT","Nature & Element","head-lightning-bolt","代表画像を目視確認した主要頭部モチーフ: lightning-bolt","B08-NAT__Nature_&_Element/noun-0725__head-lightning-bolt.png","visual audit of representative image for each of 258 head types"
"724","1248","B06-OBJ","Artifact & Architecture","head-queencrown","代表画像を目視確認した主要頭部モチーフ: queencrown","B06-OBJ__Artifact_&_Architecture/noun-0724__head-queencrown.png","visual audit of representative image for each of 258 head types"
"723","1249","B05-MEC","Machine","head-helicopter","代表画像を目視確認した主要頭部モチーフ: helicopter","B05-MEC__Machine/noun-0723__head-helicopter.png","visual audit of representative image for each of 258 head types"
"722","1250","B06-OBJ","Artifact & Architecture","head-highheel","代表画像を目視確認した主要頭部モチーフ: highheel","B06-OBJ__Artifact_&_Architecture/noun-0722__head-highheel.png","visual audit of representative image for each of 258 head types"
"721","1251","B04-CUL","Culinary","head-pop","代表画像を目視確認した主要頭部モチーフ: pop","B04-CUL__Culinary/noun-0721__head-pop.png","visual audit of representative image for each of 258 head types"
"720","1252","B04-CUL","Culinary","head-chocolate","代表画像を目視確認した主要頭部モチーフ: chocolate","B04-CUL__Culinary/noun-0720__head-chocolate.png","visual audit of representative image for each of 258 head types"
"719","1253","B04-CUL","Culinary","head-garlic","代表画像を目視確認した主要頭部モチーフ: garlic","B04-CUL__Culinary/noun-0719__head-garlic.png","visual audit of representative image for each of 258 head types"
"718","1254","B02-FAU","Fauna","head-unicorn","代表画像を目視確認した主要頭部モチーフ: unicorn","B02-FAU__Fauna/noun-0718__head-unicorn.png","visual audit of representative image for each of 258 head types"
"717","1255","B04-CUL","Culinary","head-bubblegum","代表画像を目視確認した主要頭部モチーフ: bubblegum","B04-CUL__Culinary/noun-0717__head-bubblegum.png","visual audit of representative image for each of 258 head types"
"716","1256","B01-HUM","Humanoid","head-lips","代表画像を目視確認した主要頭部モチーフ: lips","B01-HUM__Humanoid/noun-0716__head-lips.png","visual audit of representative image for each of 258 head types"
"715","1257","B05-MEC","Machine","head-skateboard","代表画像を目視確認した主要頭部モチーフ: skateboard","B05-MEC__Machine/noun-0715__head-skateboard.png","visual audit of representative image for each of 258 head types"
"714","1258","B02-FAU","Fauna","head-mouse","代表画像を目視確認した主要頭部モチーフ: mouse","B02-FAU__Fauna/noun-0714__head-mouse.png","visual audit of representative image for each of 258 head types"
"713","1259","B09-ECH","Secret Echo","head-heart","代表画像を目視確認した主要頭部モチーフ: heart","B09-ECH__Secret_Echo/noun-0713__head-heart.png","visual audit of representative image for each of 258 head types"
"712","1260","B06-OBJ","Artifact & Architecture","head-pillow","代表画像を目視確認した主要頭部モチーフ: pillow","B06-OBJ__Artifact_&_Architecture/noun-0712__head-pillow.png","visual audit of representative image for each of 258 head types"
"711","1261","B06-OBJ","Artifact & Architecture","head-piano","代表画像を目視確認した主要頭部モチーフ: piano","B06-OBJ__Artifact_&_Architecture/noun-0711__head-piano.png","visual audit of representative image for each of 258 head types"
"710","1262","B06-OBJ","Artifact & Architecture","head-trashcan","代表画像を目視確認した主要頭部モチーフ: trashcan","B06-OBJ__Artifact_&_Architecture/noun-0710__head-trashcan.png","visual audit of representative image for each of 258 head types"
"709","1263","B02-FAU","Fauna","head-bigfoot-yeti","代表画像を目視確認した主要頭部モチーフ: bigfoot-yeti","B02-FAU__Fauna/noun-0709__head-bigfoot-yeti.png","visual audit of representative image for each of 258 head types"
"708","1264","B02-FAU","Fauna","head-crab","代表画像を目視確認した主要頭部モチーフ: crab","B02-FAU__Fauna/noun-0708__head-crab.png","visual audit of representative image for each of 258 head types"
"707","1265","B03-FLO","Flora & Fungi","head-clover","代表画像を目視確認した主要頭部モチーフ: clover","B03-FLO__Flora_&_Fungi/noun-0707__head-clover.png","visual audit of representative image for each of 258 head types"
"706","1266","B06-OBJ","Artifact & Architecture","head-factory-dark","代表画像を目視確認した主要頭部モチーフ: factory-dark","B06-OBJ__Artifact_&_Architecture/noun-0706__head-factory-dark.png","visual audit of representative image for each of 258 head types"
"705","1267","B02-FAU","Fauna","head-frog","代表画像を目視確認した主要頭部モチーフ: frog","B02-FAU__Fauna/noun-0705__head-frog.png","visual audit of representative image for each of 258 head types"
"704","1268","B04-CUL","Culinary","head-peanut","代表画像を目視確認した主要頭部モチーフ: peanut","B04-CUL__Culinary/noun-0704__head-peanut.png","visual audit of representative image for each of 258 head types"
"703","1269","B02-FAU","Fauna","head-raven","代表画像を目視確認した主要頭部モチーフ: raven","B02-FAU__Fauna/noun-0703__head-raven.png","visual audit of representative image for each of 258 head types"
"702","1270","B05-MEC","Machine","head-chainsaw","代表画像を目視確認した主要頭部モチーフ: chainsaw","B05-MEC__Machine/noun-0702__head-chainsaw.png","visual audit of representative image for each of 258 head types"
"701","1271","B02-FAU","Fauna","head-dino","代表画像を目視確認した主要頭部モチーフ: dino","B02-FAU__Fauna/noun-0701__head-dino.png","visual audit of representative image for each of 258 head types"
"700","1272","B04-CUL","Culinary","head-potato","代表画像を目視確認した主要頭部モチーフ: potato","B04-CUL__Culinary/noun-0700__head-potato.png","visual audit of representative image for each of 258 head types"
"699","1273","B08-NAT","Nature & Element","head-moon","代表画像を目視確認した主要頭部モチーフ: moon","B08-NAT__Nature_&_Element/noun-0699__head-moon.png","visual audit of representative image for each of 258 head types"
"698","1274","B06-OBJ","Artifact & Architecture","head-chefhat","代表画像を目視確認した主要頭部モチーフ: chefhat","B06-OBJ__Artifact_&_Architecture/noun-0698__head-chefhat.png","visual audit of representative image for each of 258 head types"
"697","1275","B08-NAT","Nature & Element","head-moon","代表画像を目視確認した主要頭部モチーフ: moon","B08-NAT__Nature_&_Element/noun-0697__head-moon.png","visual audit of representative image for each of 258 head types"
"696","1276","B02-FAU","Fauna","head-frog","代表画像を目視確認した主要頭部モチーフ: frog","B02-FAU__Fauna/noun-0696__head-frog.png","visual audit of representative image for each of 258 head types"
"695","1277","B09-ECH","Secret Echo","head-dna","代表画像を目視確認した主要頭部モチーフ: dna","B09-ECH__Secret_Echo/noun-0695__head-dna.png","visual audit of representative image for each of 258 head types"
"694","1278","B02-FAU","Fauna","head-fox","代表画像を目視確認した主要頭部モチーフ: fox","B02-FAU__Fauna/noun-0694__head-fox.png","visual audit of representative image for each of 258 head types"
"693","1279","B04-CUL","Culinary","head-bubblegum","代表画像を目視確認した主要頭部モチーフ: bubblegum","B04-CUL__Culinary/noun-0693__head-bubblegum.png","visual audit of representative image for each of 258 head types"
"692","1280","B02-FAU","Fauna","head-capybara","代表画像を目視確認した主要頭部モチーフ: capybara","B02-FAU__Fauna/noun-0692__head-capybara.png","visual audit of representative image for each of 258 head types"
"691","1281","B06-OBJ","Artifact & Architecture","head-piano","代表画像を目視確認した主要頭部モチーフ: piano","B06-OBJ__Artifact_&_Architecture/noun-0691__head-piano.png","visual audit of representative image for each of 258 head types"
"690","1282","B05-MEC","Machine","head-drill","代表画像を目視確認した主要頭部モチーフ: drill","B05-MEC__Machine/noun-0690__head-drill.png","visual audit of representative image for each of 258 head types"
"689","1283","B04-CUL","Culinary","head-doughnut","代表画像を目視確認した主要頭部モチーフ: doughnut","B04-CUL__Culinary/noun-0689__head-doughnut.png","visual audit of representative image for each of 258 head types"
"688","1284","B05-MEC","Machine","head-car","代表画像を目視確認した主要頭部モチーフ: car","B05-MEC__Machine/noun-0688__head-car.png","visual audit of representative image for each of 258 head types"
"687","1285","B02-FAU","Fauna","head-jellyfish","代表画像を目視確認した主要頭部モチーフ: jellyfish","B02-FAU__Fauna/noun-0687__head-jellyfish.png","visual audit of representative image for each of 258 head types"
"686","1286","B07-MAT","Material & Mineral","head-diamond-red","代表画像を目視確認した主要頭部モチーフ: diamond-red","B07-MAT__Material_&_Mineral/noun-0686__head-diamond-red.png","visual audit of representative image for each of 258 head types"
"685","1287","B02-FAU","Fauna","head-duck","代表画像を目視確認した主要頭部モチーフ: duck","B02-FAU__Fauna/noun-0685__head-duck.png","visual audit of representative image for each of 258 head types"
"684","1288","B06-OBJ","Artifact & Architecture","head-wizardhat","代表画像を目視確認した主要頭部モチーフ: wizardhat","B06-OBJ__Artifact_&_Architecture/noun-0684__head-wizardhat.png","visual audit of representative image for each of 258 head types"
"683","1289","B06-OBJ","Artifact & Architecture","head-shower","代表画像を目視確認した主要頭部モチーフ: shower","B06-OBJ__Artifact_&_Architecture/noun-0683__head-shower.png","visual audit of representative image for each of 258 head types"
"682","1290","B02-FAU","Fauna","head-panda","代表画像を目視確認した主要頭部モチーフ: panda","B02-FAU__Fauna/noun-0682__head-panda.png","visual audit of representative image for each of 258 head types"
"681","1291","B02-FAU","Fauna","head-flamingo","代表画像を目視確認した主要頭部モチーフ: flamingo","B02-FAU__Fauna/noun-0681__head-flamingo.png","visual audit of representative image for each of 258 head types"
"680","1292","B02-FAU","Fauna","head-panda","代表画像を目視確認した主要頭部モチーフ: panda","B02-FAU__Fauna/noun-0680__head-panda.png","visual audit of representative image for each of 258 head types"
"679","1293","B06-OBJ","Artifact & Architecture","head-pirateship","代表画像を目視確認した主要頭部モチーフ: pirateship","B06-OBJ__Artifact_&_Architecture/noun-0679__head-pirateship.png","visual audit of representative image for each of 258 head types"
"678","1294","B05-MEC","Machine","head-robot","代表画像を目視確認した主要頭部モチーフ: robot","B05-MEC__Machine/noun-0678__head-robot.png","visual audit of representative image for each of 258 head types"
"677","1295","B06-OBJ","Artifact & Architecture","head-pirateship","代表画像を目視確認した主要頭部モチーフ: pirateship","B06-OBJ__Artifact_&_Architecture/noun-0677__head-pirateship.png","visual audit of representative image for each of 258 head types"
"676","1296","B02-FAU","Fauna","head-mouse","代表画像を目視確認した主要頭部モチーフ: mouse","B02-FAU__Fauna/noun-0676__head-mouse.png","visual audit of representative image for each of 258 head types"
"675","1297","B04-CUL","Culinary","head-pizza","代表画像を目視確認した主要頭部モチーフ: pizza","B04-CUL__Culinary/noun-0675__head-pizza.png","visual audit of representative image for each of 258 head types"
"674","1298","B02-FAU","Fauna","head-rabbit","代表画像を目視確認した主要頭部モチーフ: rabbit","B02-FAU__Fauna/noun-0674__head-rabbit.png","visual audit of representative image for each of 258 head types"
"673","1299","B05-MEC","Machine","head-skateboard","代表画像を目視確認した主要頭部モチーフ: skateboard","B05-MEC__Machine/noun-0673__head-skateboard.png","visual audit of representative image for each of 258 head types"
"672","1300","B04-CUL","Culinary","head-egg","代表画像を目視確認した主要頭部モチーフ: egg","B04-CUL__Culinary/noun-0672__head-egg.png","visual audit of representative image for each of 258 head types"
"671","1301","B02-FAU","Fauna","head-oyster","代表画像を目視確認した主要頭部モチーフ: oyster","B02-FAU__Fauna/noun-0671__head-oyster.png","visual audit of representative image for each of 258 head types"
"670","1302","B04-CUL","Culinary","head-pumpkin","代表画像を目視確認した主要頭部モチーフ: pumpkin","B04-CUL__Culinary/noun-0670__head-pumpkin.png","visual audit of representative image for each of 258 head types"
"669","1303","B02-FAU","Fauna","head-horse-deepfried","代表画像を目視確認した主要頭部モチーフ: horse-deepfried","B02-FAU__Fauna/noun-0669__head-horse-deepfried.png","visual audit of representative image for each of 258 head types"
"668","1304","B02-FAU","Fauna","head-rabbit","代表画像を目視確認した主要頭部モチーフ: rabbit","B02-FAU__Fauna/noun-0668__head-rabbit.png","visual audit of representative image for each of 258 head types"
"667","1305","B06-OBJ","Artifact & Architecture","head-faberge","代表画像を目視確認した主要頭部モチーフ: faberge","B06-OBJ__Artifact_&_Architecture/noun-0667__head-faberge.png","visual audit of representative image for each of 258 head types"
"666","1306","B02-FAU","Fauna","head-cat","代表画像を目視確認した主要頭部モチーフ: cat","B02-FAU__Fauna/noun-0666__head-cat.png","visual audit of representative image for each of 258 head types"
"665","1307","B08-NAT","Nature & Element","head-star-sparkles","代表画像を目視確認した主要頭部モチーフ: star-sparkles","B08-NAT__Nature_&_Element/noun-0665__head-star-sparkles.png","visual audit of representative image for each of 258 head types"
"664","1308","B06-OBJ","Artifact & Architecture","head-cone","代表画像を目視確認した主要頭部モチーフ: cone","B06-OBJ__Artifact_&_Architecture/noun-0664__head-cone.png","visual audit of representative image for each of 258 head types"
"663","1309","B08-NAT","Nature & Element","head-cloud","代表画像を目視確認した主要頭部モチーフ: cloud","B08-NAT__Nature_&_Element/noun-0663__head-cloud.png","visual audit of representative image for each of 258 head types"
"662","1310","B06-OBJ","Artifact & Architecture","head-crown","代表画像を目視確認した主要頭部モチーフ: crown","B06-OBJ__Artifact_&_Architecture/noun-0662__head-crown.png","visual audit of representative image for each of 258 head types"
"661","1311","B04-CUL","Culinary","head-icepop-b","代表画像を目視確認した主要頭部モチーフ: icepop-b","B04-CUL__Culinary/noun-0661__head-icepop-b.png","visual audit of representative image for each of 258 head types"
"660","1312","B06-OBJ","Artifact & Architecture","head-boot","代表画像を目視確認した主要頭部モチーフ: boot","B06-OBJ__Artifact_&_Architecture/noun-0660__head-boot.png","visual audit of representative image for each of 258 head types"
"659","1313","B02-FAU","Fauna","head-pufferfish","代表画像を目視確認した主要頭部モチーフ: pufferfish","B02-FAU__Fauna/noun-0659__head-pufferfish.png","visual audit of representative image for each of 258 head types"
"658","1314","B06-OBJ","Artifact & Architecture","head-factory-dark","代表画像を目視確認した主要頭部モチーフ: factory-dark","B06-OBJ__Artifact_&_Architecture/noun-0658__head-factory-dark.png","visual audit of representative image for each of 258 head types"
"657","1315","B10-ANO","Secret Anomaly","head-skeleton-hat","代表画像を目視確認した主要頭部モチーフ: skeleton-hat","B10-ANO__Secret_Anomaly/noun-0657__head-skeleton-hat.png","visual audit of representative image for each of 258 head types"
"656","1316","B04-CUL","Culinary","head-garlic","代表画像を目視確認した主要頭部モチーフ: garlic","B04-CUL__Culinary/noun-0656__head-garlic.png","visual audit of representative image for each of 258 head types"
"655","1317","B03-FLO","Flora & Fungi","head-weed","代表画像を目視確認した主要頭部モチーフ: weed","B03-FLO__Flora_&_Fungi/noun-0655__head-weed.png","visual audit of representative image for each of 258 head types"
"654","1318","B09-ECH","Secret Echo","head-smile","代表画像を目視確認した主要頭部モチーフ: smile","B09-ECH__Secret_Echo/noun-0654__head-smile.png","visual audit of representative image for each of 258 head types"
"653","1319","B06-OBJ","Artifact & Architecture","head-dictionary","代表画像を目視確認した主要頭部モチーフ: dictionary","B06-OBJ__Artifact_&_Architecture/noun-0653__head-dictionary.png","visual audit of representative image for each of 258 head types"
"652","1320","B09-ECH","Secret Echo","head-bubble-speech","代表画像を目視確認した主要頭部モチーフ: bubble-speech","B09-ECH__Secret_Echo/noun-0652__head-bubble-speech.png","visual audit of representative image for each of 258 head types"
"651","1321","B06-OBJ","Artifact & Architecture","head-queencrown","代表画像を目視確認した主要頭部モチーフ: queencrown","B06-OBJ__Artifact_&_Architecture/noun-0651__head-queencrown.png","visual audit of representative image for each of 258 head types"
"650","1322","B06-OBJ","Artifact & Architecture","head-wine-barrel","代表画像を目視確認した主要頭部モチーフ: wine-barrel","B06-OBJ__Artifact_&_Architecture/noun-0650__head-wine-barrel.png","visual audit of representative image for each of 258 head types"
"649","1323","B02-FAU","Fauna","head-fox","代表画像を目視確認した主要頭部モチーフ: fox","B02-FAU__Fauna/noun-0649__head-fox.png","visual audit of representative image for each of 258 head types"
"648","1324","B06-OBJ","Artifact & Architecture","head-trashcan","代表画像を目視確認した主要頭部モチーフ: trashcan","B06-OBJ__Artifact_&_Architecture/noun-0648__head-trashcan.png","visual audit of representative image for each of 258 head types"
"647","1325","B06-OBJ","Artifact & Architecture","head-road","代表画像を目視確認した主要頭部モチーフ: road","B06-OBJ__Artifact_&_Architecture/noun-0647__head-road.png","visual audit of representative image for each of 258 head types"
"646","1326","B04-CUL","Culinary","head-nigiri","代表画像を目視確認した主要頭部モチーフ: nigiri","B04-CUL__Culinary/noun-0646__head-nigiri.png","visual audit of representative image for each of 258 head types"
"645","1327","B09-ECH","Secret Echo","head-maze","代表画像を目視確認した主要頭部モチーフ: maze","B09-ECH__Secret_Echo/noun-0645__head-maze.png","visual audit of representative image for each of 258 head types"
"644","1328","B06-OBJ","Artifact & Architecture","head-trashcan","代表画像を目視確認した主要頭部モチーフ: trashcan","B06-OBJ__Artifact_&_Architecture/noun-0644__head-trashcan.png","visual audit of representative image for each of 258 head types"
"643","1329","B02-FAU","Fauna","head-jellyfish","代表画像を目視確認した主要頭部モチーフ: jellyfish","B02-FAU__Fauna/noun-0643__head-jellyfish.png","visual audit of representative image for each of 258 head types"
"642","1330","B06-OBJ","Artifact & Architecture","head-firehydrant","代表画像を目視確認した主要頭部モチーフ: firehydrant","B06-OBJ__Artifact_&_Architecture/noun-0642__head-firehydrant.png","visual audit of representative image for each of 258 head types"
"641","1331","B02-FAU","Fauna","head-kangaroo","代表画像を目視確認した主要頭部モチーフ: kangaroo","B02-FAU__Fauna/noun-0641__head-kangaroo.png","visual audit of representative image for each of 258 head types"
"640","1332","B02-FAU","Fauna","head-moose","代表画像を目視確認した主要頭部モチーフ: moose","B02-FAU__Fauna/noun-0640__head-moose.png","visual audit of representative image for each of 258 head types"
"639","1333","B03-FLO","Flora & Fungi","head-flower","代表画像を目視確認した主要頭部モチーフ: flower","B03-FLO__Flora_&_Fungi/noun-0639__head-flower.png","visual audit of representative image for each of 258 head types"
"638","1334","B06-OBJ","Artifact & Architecture","head-ruler-triangular","代表画像を目視確認した主要頭部モチーフ: ruler-triangular","B06-OBJ__Artifact_&_Architecture/noun-0638__head-ruler-triangular.png","visual audit of representative image for each of 258 head types"
"637","1335","B02-FAU","Fauna","head-oyster","代表画像を目視確認した主要頭部モチーフ: oyster","B02-FAU__Fauna/noun-0637__head-oyster.png","visual audit of representative image for each of 258 head types"
"636","1336","B03-FLO","Flora & Fungi","head-saguaro","代表画像を目視確認した主要頭部モチーフ: saguaro","B03-FLO__Flora_&_Fungi/noun-0636__head-saguaro.png","visual audit of representative image for each of 258 head types"
"635","1337","B02-FAU","Fauna","head-mouse","代表画像を目視確認した主要頭部モチーフ: mouse","B02-FAU__Fauna/noun-0635__head-mouse.png","visual audit of representative image for each of 258 head types"
"634","1338","B09-ECH","Secret Echo","head-brain","代表画像を目視確認した主要頭部モチーフ: brain","B09-ECH__Secret_Echo/noun-0634__head-brain.png","visual audit of representative image for each of 258 head types"
"633","1339","B09-ECH","Secret Echo","head-smile","代表画像を目視確認した主要頭部モチーフ: smile","B09-ECH__Secret_Echo/noun-0633__head-smile.png","visual audit of representative image for each of 258 head types"
"632","1340","B02-FAU","Fauna","head-duck","代表画像を目視確認した主要頭部モチーフ: duck","B02-FAU__Fauna/noun-0632__head-duck.png","visual audit of representative image for each of 258 head types"
"631","1341","B06-OBJ","Artifact & Architecture","head-house","代表画像を目視確認した主要頭部モチーフ: house","B06-OBJ__Artifact_&_Architecture/noun-0631__head-house.png","visual audit of representative image for each of 258 head types"
"630","1342","B03-FLO","Flora & Fungi","head-fir","代表画像を目視確認した主要頭部モチーフ: fir","B03-FLO__Flora_&_Fungi/noun-0630__head-fir.png","visual audit of representative image for each of 258 head types"
"629","1343","B06-OBJ","Artifact & Architecture","head-chefhat","代表画像を目視確認した主要頭部モチーフ: chefhat","B06-OBJ__Artifact_&_Architecture/noun-0629__head-chefhat.png","visual audit of representative image for each of 258 head types"
"628","1344","B04-CUL","Culinary","head-spaghetti","代表画像を目視確認した主要頭部モチーフ: spaghetti","B04-CUL__Culinary/noun-0628__head-spaghetti.png","visual audit of representative image for each of 258 head types"
"627","1345","B06-OBJ","Artifact & Architecture","head-wizardhat","代表画像を目視確認した主要頭部モチーフ: wizardhat","B06-OBJ__Artifact_&_Architecture/noun-0627__head-wizardhat.png","visual audit of representative image for each of 258 head types"
"626","1346","B04-CUL","Culinary","head-icepop-b","代表画像を目視確認した主要頭部モチーフ: icepop-b","B04-CUL__Culinary/noun-0626__head-icepop-b.png","visual audit of representative image for each of 258 head types"
"625","1347","B06-OBJ","Artifact & Architecture","head-outlet","代表画像を目視確認した主要頭部モチーフ: outlet","B06-OBJ__Artifact_&_Architecture/noun-0625__head-outlet.png","visual audit of representative image for each of 258 head types"
"624","1348","B05-MEC","Machine","head-console-handheld","代表画像を目視確認した主要頭部モチーフ: console-handheld","B05-MEC__Machine/noun-0624__head-console-handheld.png","visual audit of representative image for each of 258 head types"
"623","1349","B10-ANO","Secret Anomaly","head-skeleton-hat","代表画像を目視確認した主要頭部モチーフ: skeleton-hat","B10-ANO__Secret_Anomaly/noun-0623__head-skeleton-hat.png","visual audit of representative image for each of 258 head types"
"622","1350","B08-NAT","Nature & Element","head-jupiter","代表画像を目視確認した主要頭部モチーフ: jupiter","B08-NAT__Nature_&_Element/noun-0622__head-jupiter.png","visual audit of representative image for each of 258 head types"
"621","1351","B05-MEC","Machine","head-laptop","代表画像を目視確認した主要頭部モチーフ: laptop","B05-MEC__Machine/noun-0621__head-laptop.png","visual audit of representative image for each of 258 head types"
"620","1352","B06-OBJ","Artifact & Architecture","head-retainer","代表画像を目視確認した主要頭部モチーフ: retainer","B06-OBJ__Artifact_&_Architecture/noun-0620__head-retainer.png","visual audit of representative image for each of 258 head types"
"619","1353","B05-MEC","Machine","head-fan","代表画像を目視確認した主要頭部モチーフ: fan","B05-MEC__Machine/noun-0619__head-fan.png","visual audit of representative image for each of 258 head types"
"618","1354","B06-OBJ","Artifact & Architecture","head-watch","代表画像を目視確認した主要頭部モチーフ: watch","B06-OBJ__Artifact_&_Architecture/noun-0618__head-watch.png","visual audit of representative image for each of 258 head types"
"617","1355","B06-OBJ","Artifact & Architecture","head-piano","代表画像を目視確認した主要頭部モチーフ: piano","B06-OBJ__Artifact_&_Architecture/noun-0617__head-piano.png","visual audit of representative image for each of 258 head types"
"616","1356","B04-CUL","Culinary","head-pineapple","代表画像を目視確認した主要頭部モチーフ: pineapple","B04-CUL__Culinary/noun-0616__head-pineapple.png","visual audit of representative image for each of 258 head types"
"615","1357","B06-OBJ","Artifact & Architecture","head-box","代表画像を目視確認した主要頭部モチーフ: box","B06-OBJ__Artifact_&_Architecture/noun-0615__head-box.png","visual audit of representative image for each of 258 head types"
"614","1358","B06-OBJ","Artifact & Architecture","head-toiletpaper-full","代表画像を目視確認した主要頭部モチーフ: toiletpaper-full","B06-OBJ__Artifact_&_Architecture/noun-0614__head-toiletpaper-full.png","visual audit of representative image for each of 258 head types"
"613","1359","B05-MEC","Machine","head-ufo","代表画像を目視確認した主要頭部モチーフ: ufo","B05-MEC__Machine/noun-0613__head-ufo.png","visual audit of representative image for each of 258 head types"
"612","1360","B06-OBJ","Artifact & Architecture","head-wizardhat","代表画像を目視確認した主要頭部モチーフ: wizardhat","B06-OBJ__Artifact_&_Architecture/noun-0612__head-wizardhat.png","visual audit of representative image for each of 258 head types"
"611","1361","B03-FLO","Flora & Fungi","head-rosebud","代表画像を目視確認した主要頭部モチーフ: rosebud","B03-FLO__Flora_&_Fungi/noun-0611__head-rosebud.png","visual audit of representative image for each of 258 head types"
"610","1362","B02-FAU","Fauna","head-chameleon","代表画像を目視確認した主要頭部モチーフ: chameleon","B02-FAU__Fauna/noun-0610__head-chameleon.png","visual audit of representative image for each of 258 head types"
"609","1363","B05-MEC","Machine","head-calculator","代表画像を目視確認した主要頭部モチーフ: calculator","B05-MEC__Machine/noun-0609__head-calculator.png","visual audit of representative image for each of 258 head types"
"608","1364","B08-NAT","Nature & Element","head-blackhole","代表画像を目視確認した主要頭部モチーフ: blackhole","B08-NAT__Nature_&_Element/noun-0608__head-blackhole.png","visual audit of representative image for each of 258 head types"
"607","1365","B02-FAU","Fauna","head-cat","代表画像を目視確認した主要頭部モチーフ: cat","B02-FAU__Fauna/noun-0607__head-cat.png","visual audit of representative image for each of 258 head types"
"606","1366","B02-FAU","Fauna","head-capybara","代表画像を目視確認した主要頭部モチーフ: capybara","B02-FAU__Fauna/noun-0606__head-capybara.png","visual audit of representative image for each of 258 head types"
"605","1367","B08-NAT","Nature & Element","head-earth","代表画像を目視確認した主要頭部モチーフ: earth","B08-NAT__Nature_&_Element/noun-0605__head-earth.png","visual audit of representative image for each of 258 head types"
"604","1368","B04-CUL","Culinary","head-egg","代表画像を目視確認した主要頭部モチーフ: egg","B04-CUL__Culinary/noun-0604__head-egg.png","visual audit of representative image for each of 258 head types"
"603","1369","B04-CUL","Culinary","head-sandwich","代表画像を目視確認した主要頭部モチーフ: sandwich","B04-CUL__Culinary/noun-0603__head-sandwich.png","visual audit of representative image for each of 258 head types"
"602","1370","B02-FAU","Fauna","head-dino","代表画像を目視確認した主要頭部モチーフ: dino","B02-FAU__Fauna/noun-0602__head-dino.png","visual audit of representative image for each of 258 head types"
"601","1371","B07-MAT","Material & Mineral","head-cottonball","代表画像を目視確認した主要頭部モチーフ: cottonball","B07-MAT__Material_&_Mineral/noun-0601__head-cottonball.png","visual audit of representative image for each of 258 head types"
"600","1372","B06-OBJ","Artifact & Architecture","head-paintbrush","代表画像を目視確認した主要頭部モチーフ: paintbrush","B06-OBJ__Artifact_&_Architecture/noun-0600__head-paintbrush.png","visual audit of representative image for each of 258 head types"
"599","1373","B05-MEC","Machine","head-chainsaw","代表画像を目視確認した主要頭部モチーフ: chainsaw","B05-MEC__Machine/noun-0599__head-chainsaw.png","visual audit of representative image for each of 258 head types"
"598","1374","B05-MEC","Machine","head-camcorder","代表画像を目視確認した主要頭部モチーフ: camcorder","B05-MEC__Machine/noun-0598__head-camcorder.png","visual audit of representative image for each of 258 head types"
"597","1375","B08-NAT","Nature & Element","head-star-sparkles","代表画像を目視確認した主要頭部モチーフ: star-sparkles","B08-NAT__Nature_&_Element/noun-0597__head-star-sparkles.png","visual audit of representative image for each of 258 head types"
"596","1376","B06-OBJ","Artifact & Architecture","head-pencil-tip","代表画像を目視確認した主要頭部モチーフ: pencil-tip","B06-OBJ__Artifact_&_Architecture/noun-0596__head-pencil-tip.png","visual audit of representative image for each of 258 head types"
"595","1377","B10-ANO","Secret Anomaly","head-undead","代表画像を目視確認した主要頭部モチーフ: undead","B10-ANO__Secret_Anomaly/noun-0595__head-undead.png","visual audit of representative image for each of 258 head types"
"594","1378","B06-OBJ","Artifact & Architecture","head-piano","代表画像を目視確認した主要頭部モチーフ: piano","B06-OBJ__Artifact_&_Architecture/noun-0594__head-piano.png","visual audit of representative image for each of 258 head types"
"593","1379","B03-FLO","Flora & Fungi","head-fir","代表画像を目視確認した主要頭部モチーフ: fir","B03-FLO__Flora_&_Fungi/noun-0593__head-fir.png","visual audit of representative image for each of 258 head types"
"592","1380","B06-OBJ","Artifact & Architecture","head-mirror","代表画像を目視確認した主要頭部モチーフ: mirror","B06-OBJ__Artifact_&_Architecture/noun-0592__head-mirror.png","visual audit of representative image for each of 258 head types"
"591","1381","B02-FAU","Fauna","head-ape","代表画像を目視確認した主要頭部モチーフ: ape","B02-FAU__Fauna/noun-0591__head-ape.png","visual audit of representative image for each of 258 head types"
"590","1382","B06-OBJ","Artifact & Architecture","head-chefhat","代表画像を目視確認した主要頭部モチーフ: chefhat","B06-OBJ__Artifact_&_Architecture/noun-0590__head-chefhat.png","visual audit of representative image for each of 258 head types"
"589","1383","B09-ECH","Secret Echo","head-bubble-speech","代表画像を目視確認した主要頭部モチーフ: bubble-speech","B09-ECH__Secret_Echo/noun-0589__head-bubble-speech.png","visual audit of representative image for each of 258 head types"
"588","1384","B09-ECH","Secret Echo","head-void","代表画像を目視確認した主要頭部モチーフ: void","B09-ECH__Secret_Echo/noun-0588__head-void.png","visual audit of representative image for each of 258 head types"
"587","1385","B02-FAU","Fauna","head-rabbit","代表画像を目視確認した主要頭部モチーフ: rabbit","B02-FAU__Fauna/noun-0587__head-rabbit.png","visual audit of representative image for each of 258 head types"
"586","1386","B06-OBJ","Artifact & Architecture","head-wizardhat","代表画像を目視確認した主要頭部モチーフ: wizardhat","B06-OBJ__Artifact_&_Architecture/noun-0586__head-wizardhat.png","visual audit of representative image for each of 258 head types"
"585","1387","B10-ANO","Secret Anomaly","head-skeleton-hat","代表画像を目視確認した主要頭部モチーフ: skeleton-hat","B10-ANO__Secret_Anomaly/noun-0585__head-skeleton-hat.png","visual audit of representative image for each of 258 head types"
"584","1388","B02-FAU","Fauna","head-duck","代表画像を目視確認した主要頭部モチーフ: duck","B02-FAU__Fauna/noun-0584__head-duck.png","visual audit of representative image for each of 258 head types"
"583","1389","B03-FLO","Flora & Fungi","head-weed","代表画像を目視確認した主要頭部モチーフ: weed","B03-FLO__Flora_&_Fungi/noun-0583__head-weed.png","visual audit of representative image for each of 258 head types"
"582","1390","B06-OBJ","Artifact & Architecture","head-goldcoin","代表画像を目視確認した主要頭部モチーフ: goldcoin","B06-OBJ__Artifact_&_Architecture/noun-0582__head-goldcoin.png","visual audit of representative image for each of 258 head types"
"581","1391","B02-FAU","Fauna","head-orca","代表画像を目視確認した主要頭部モチーフ: orca","B02-FAU__Fauna/noun-0581__head-orca.png","visual audit of representative image for each of 258 head types"
"580","1392","B02-FAU","Fauna","head-scorpion","代表画像を目視確認した主要頭部モチーフ: scorpion","B02-FAU__Fauna/noun-0580__head-scorpion.png","visual audit of representative image for each of 258 head types"
"579","1393","B04-CUL","Culinary","head-beet","代表画像を目視確認した主要頭部モチーフ: beet","B04-CUL__Culinary/noun-0579__head-beet.png","visual audit of representative image for each of 258 head types"
"578","1394","B06-OBJ","Artifact & Architecture","head-bell","代表画像を目視確認した主要頭部モチーフ: bell","B06-OBJ__Artifact_&_Architecture/noun-0578__head-bell.png","visual audit of representative image for each of 258 head types"
"577","1395","B02-FAU","Fauna","head-dino","代表画像を目視確認した主要頭部モチーフ: dino","B02-FAU__Fauna/noun-0577__head-dino.png","visual audit of representative image for each of 258 head types"
"576","1396","B04-CUL","Culinary","head-noodles","代表画像を目視確認した主要頭部モチーフ: noodles","B04-CUL__Culinary/noun-0576__head-noodles.png","visual audit of representative image for each of 258 head types"
"575","1397","B04-CUL","Culinary","head-pineapple","代表画像を目視確認した主要頭部モチーフ: pineapple","B04-CUL__Culinary/noun-0575__head-pineapple.png","visual audit of representative image for each of 258 head types"
"574","1398","B08-NAT","Nature & Element","head-jupiter","代表画像を目視確認した主要頭部モチーフ: jupiter","B08-NAT__Nature_&_Element/noun-0574__head-jupiter.png","visual audit of representative image for each of 258 head types"
"573","1399","B01-HUM","Humanoid","head-thumbsup","代表画像を目視確認した主要頭部モチーフ: thumbsup","B01-HUM__Humanoid/noun-0573__head-thumbsup.png","visual audit of representative image for each of 258 head types"
"572","1400","B02-FAU","Fauna","head-pufferfish","代表画像を目視確認した主要頭部モチーフ: pufferfish","B02-FAU__Fauna/noun-0572__head-pufferfish.png","visual audit of representative image for each of 258 head types"
"571","1401","B02-FAU","Fauna","head-frog","代表画像を目視確認した主要頭部モチーフ: frog","B02-FAU__Fauna/noun-0571__head-frog.png","visual audit of representative image for each of 258 head types"
"570","1402","B06-OBJ","Artifact & Architecture","head-pyramid","代表画像を目視確認した主要頭部モチーフ: pyramid","B06-OBJ__Artifact_&_Architecture/noun-0570__head-pyramid.png","visual audit of representative image for each of 258 head types"
"569","1403","B06-OBJ","Artifact & Architecture","head-basketball","代表画像を目視確認した主要頭部モチーフ: basketball","B06-OBJ__Artifact_&_Architecture/noun-0569__head-basketball.png","visual audit of representative image for each of 258 head types"
"568","1404","B08-NAT","Nature & Element","head-star-sparkles","代表画像を目視確認した主要頭部モチーフ: star-sparkles","B08-NAT__Nature_&_Element/noun-0568__head-star-sparkles.png","visual audit of representative image for each of 258 head types"
"567","1405","B09-ECH","Secret Echo","head-void","代表画像を目視確認した主要頭部モチーフ: void","B09-ECH__Secret_Echo/noun-0567__head-void.png","visual audit of representative image for each of 258 head types"
"566","1406","B02-FAU","Fauna","head-kangaroo","代表画像を目視確認した主要頭部モチーフ: kangaroo","B02-FAU__Fauna/noun-0566__head-kangaroo.png","visual audit of representative image for each of 258 head types"
"565","1407","B02-FAU","Fauna","head-unicorn","代表画像を目視確認した主要頭部モチーフ: unicorn","B02-FAU__Fauna/noun-0565__head-unicorn.png","visual audit of representative image for each of 258 head types"
"564","1408","B03-FLO","Flora & Fungi","head-rosebud","代表画像を目視確認した主要頭部モチーフ: rosebud","B03-FLO__Flora_&_Fungi/noun-0564__head-rosebud.png","visual audit of representative image for each of 258 head types"
"563","1409","B06-OBJ","Artifact & Architecture","head-treasurechest","代表画像を目視確認した主要頭部モチーフ: treasurechest","B06-OBJ__Artifact_&_Architecture/noun-0563__head-treasurechest.png","visual audit of representative image for each of 258 head types"
"562","1410","B03-FLO","Flora & Fungi","head-rosebud","代表画像を目視確認した主要頭部モチーフ: rosebud","B03-FLO__Flora_&_Fungi/noun-0562__head-rosebud.png","visual audit of representative image for each of 258 head types"
"561","1411","B08-NAT","Nature & Element","head-wave","代表画像を目視確認した主要頭部モチーフ: wave","B08-NAT__Nature_&_Element/noun-0561__head-wave.png","visual audit of representative image for each of 258 head types"
"560","1412","B06-OBJ","Artifact & Architecture","head-bell","代表画像を目視確認した主要頭部モチーフ: bell","B06-OBJ__Artifact_&_Architecture/noun-0560__head-bell.png","visual audit of representative image for each of 258 head types"
"559","1413","B05-MEC","Machine","head-skateboard","代表画像を目視確認した主要頭部モチーフ: skateboard","B05-MEC__Machine/noun-0559__head-skateboard.png","visual audit of representative image for each of 258 head types"
"558","1414","B09-ECH","Secret Echo","head-brain","代表画像を目視確認した主要頭部モチーフ: brain","B09-ECH__Secret_Echo/noun-0558__head-brain.png","visual audit of representative image for each of 258 head types"
"557","1415","B06-OBJ","Artifact & Architecture","head-igloo","代表画像を目視確認した主要頭部モチーフ: igloo","B06-OBJ__Artifact_&_Architecture/noun-0557__head-igloo.png","visual audit of representative image for each of 258 head types"
"556","1416","B06-OBJ","Artifact & Architecture","head-snowman","代表画像を目視確認した主要頭部モチーフ: snowman","B06-OBJ__Artifact_&_Architecture/noun-0556__head-snowman.png","visual audit of representative image for each of 258 head types"
"555","1417","B06-OBJ","Artifact & Architecture","head-snowman","代表画像を目視確認した主要頭部モチーフ: snowman","B06-OBJ__Artifact_&_Architecture/noun-0555__head-snowman.png","visual audit of representative image for each of 258 head types"
"554","1418","B02-FAU","Fauna","head-chicken","代表画像を目視確認した主要頭部モチーフ: chicken","B02-FAU__Fauna/noun-0554__head-chicken.png","visual audit of representative image for each of 258 head types"
"553","1419","B04-CUL","Culinary","head-chips","代表画像を目視確認した主要頭部モチーフ: chips","B04-CUL__Culinary/noun-0553__head-chips.png","visual audit of representative image for each of 258 head types"
"552","1420","B04-CUL","Culinary","head-burger-dollarmenu","代表画像を目視確認した主要頭部モチーフ: burger-dollarmenu","B04-CUL__Culinary/noun-0552__head-burger-dollarmenu.png","visual audit of representative image for each of 258 head types"
"551","1421","B02-FAU","Fauna","head-bigfoot-yeti","代表画像を目視確認した主要頭部モチーフ: bigfoot-yeti","B02-FAU__Fauna/noun-0551__head-bigfoot-yeti.png","visual audit of representative image for each of 258 head types"
"550","1422","B02-FAU","Fauna","head-flamingo","代表画像を目視確認した主要頭部モチーフ: flamingo","B02-FAU__Fauna/noun-0550__head-flamingo.png","visual audit of representative image for each of 258 head types"
"549","1423","B05-MEC","Machine","head-console-handheld","代表画像を目視確認した主要頭部モチーフ: console-handheld","B05-MEC__Machine/noun-0549__head-console-handheld.png","visual audit of representative image for each of 258 head types"
"548","1424","B04-CUL","Culinary","head-banana","代表画像を目視確認した主要頭部モチーフ: banana","B04-CUL__Culinary/noun-0548__head-banana.png","visual audit of representative image for each of 258 head types"
"547","1425","B08-NAT","Nature & Element","head-saturn","代表画像を目視確認した主要頭部モチーフ: saturn","B08-NAT__Nature_&_Element/noun-0547__head-saturn.png","visual audit of representative image for each of 258 head types"
"546","1426","B05-MEC","Machine","head-plane","代表画像を目視確認した主要頭部モチーフ: plane","B05-MEC__Machine/noun-0546__head-plane.png","visual audit of representative image for each of 258 head types"
"545","1427","B05-MEC","Machine","head-camcorder","代表画像を目視確認した主要頭部モチーフ: camcorder","B05-MEC__Machine/noun-0545__head-camcorder.png","visual audit of representative image for each of 258 head types"
"544","1428","B03-FLO","Flora & Fungi","head-mushroom","代表画像を目視確認した主要頭部モチーフ: mushroom","B03-FLO__Flora_&_Fungi/noun-0544__head-mushroom.png","visual audit of representative image for each of 258 head types"
"543","1429","B03-FLO","Flora & Fungi","head-clover","代表画像を目視確認した主要頭部モチーフ: clover","B03-FLO__Flora_&_Fungi/noun-0543__head-clover.png","visual audit of representative image for each of 258 head types"
"542","1430","B05-MEC","Machine","head-skateboard","代表画像を目視確認した主要頭部モチーフ: skateboard","B05-MEC__Machine/noun-0542__head-skateboard.png","visual audit of representative image for each of 258 head types"
"541","1431","B04-CUL","Culinary","head-cake","代表画像を目視確認した主要頭部モチーフ: cake","B04-CUL__Culinary/noun-0541__head-cake.png","visual audit of representative image for each of 258 head types"
"540","1432","B02-FAU","Fauna","head-orangutan","代表画像を目視確認した主要頭部モチーフ: orangutan","B02-FAU__Fauna/noun-0540__head-orangutan.png","visual audit of representative image for each of 258 head types"
"539","1433","B02-FAU","Fauna","head-flamingo","代表画像を目視確認した主要頭部モチーフ: flamingo","B02-FAU__Fauna/noun-0539__head-flamingo.png","visual audit of representative image for each of 258 head types"
"538","1434","B06-OBJ","Artifact & Architecture","head-trashcan","代表画像を目視確認した主要頭部モチーフ: trashcan","B06-OBJ__Artifact_&_Architecture/noun-0538__head-trashcan.png","visual audit of representative image for each of 258 head types"
"537","1435","B05-MEC","Machine","head-skateboard","代表画像を目視確認した主要頭部モチーフ: skateboard","B05-MEC__Machine/noun-0537__head-skateboard.png","visual audit of representative image for each of 258 head types"
"536","1436","B02-FAU","Fauna","head-frog","代表画像を目視確認した主要頭部モチーフ: frog","B02-FAU__Fauna/noun-0536__head-frog.png","visual audit of representative image for each of 258 head types"
"535","1437","B06-OBJ","Artifact & Architecture","head-stapler","代表画像を目視確認した主要頭部モチーフ: stapler","B06-OBJ__Artifact_&_Architecture/noun-0535__head-stapler.png","visual audit of representative image for each of 258 head types"
"534","1438","B09-ECH","Secret Echo","head-maze","代表画像を目視確認した主要頭部モチーフ: maze","B09-ECH__Secret_Echo/noun-0534__head-maze.png","visual audit of representative image for each of 258 head types"
"533","1439","B04-CUL","Culinary","head-doughnut","代表画像を目視確認した主要頭部モチーフ: doughnut","B04-CUL__Culinary/noun-0533__head-doughnut.png","visual audit of representative image for each of 258 head types"
"532","1440","B02-FAU","Fauna","head-cat","代表画像を目視確認した主要頭部モチーフ: cat","B02-FAU__Fauna/noun-0532__head-cat.png","visual audit of representative image for each of 258 head types"
"531","1441","B05-MEC","Machine","head-boombox","代表画像を目視確認した主要頭部モチーフ: boombox","B05-MEC__Machine/noun-0531__head-boombox.png","visual audit of representative image for each of 258 head types"
"530","1442","B06-OBJ","Artifact & Architecture","head-wizardhat","代表画像を目視確認した主要頭部モチーフ: wizardhat","B06-OBJ__Artifact_&_Architecture/noun-0530__head-wizardhat.png","visual audit of representative image for each of 258 head types"
"529","1443","B02-FAU","Fauna","head-panda","代表画像を目視確認した主要頭部モチーフ: panda","B02-FAU__Fauna/noun-0529__head-panda.png","visual audit of representative image for each of 258 head types"
"528","1444","B02-FAU","Fauna","head-orangutan","代表画像を目視確認した主要頭部モチーフ: orangutan","B02-FAU__Fauna/noun-0528__head-orangutan.png","visual audit of representative image for each of 258 head types"
"527","1445","B02-FAU","Fauna","head-cat","代表画像を目視確認した主要頭部モチーフ: cat","B02-FAU__Fauna/noun-0527__head-cat.png","visual audit of representative image for each of 258 head types"
"526","1446","B02-FAU","Fauna","head-unicorn","代表画像を目視確認した主要頭部モチーフ: unicorn","B02-FAU__Fauna/noun-0526__head-unicorn.png","visual audit of representative image for each of 258 head types"
"525","1447","B05-MEC","Machine","head-bomb","代表画像を目視確認した主要頭部モチーフ: bomb","B05-MEC__Machine/noun-0525__head-bomb.png","visual audit of representative image for each of 258 head types"
"524","1448","B08-NAT","Nature & Element","head-earth","代表画像を目視確認した主要頭部モチーフ: earth","B08-NAT__Nature_&_Element/noun-0524__head-earth.png","visual audit of representative image for each of 258 head types"
"523","1449","B06-OBJ","Artifact & Architecture","head-chefhat","代表画像を目視確認した主要頭部モチーフ: chefhat","B06-OBJ__Artifact_&_Architecture/noun-0523__head-chefhat.png","visual audit of representative image for each of 258 head types"
"522","1450","B04-CUL","Culinary","head-mustard","代表画像を目視確認した主要頭部モチーフ: mustard","B04-CUL__Culinary/noun-0522__head-mustard.png","visual audit of representative image for each of 258 head types"
"521","1451","B06-OBJ","Artifact & Architecture","head-fence","代表画像を目視確認した主要頭部モチーフ: fence","B06-OBJ__Artifact_&_Architecture/noun-0521__head-fence.png","visual audit of representative image for each of 258 head types"
"520","1452","B05-MEC","Machine","head-bomb","代表画像を目視確認した主要頭部モチーフ: bomb","B05-MEC__Machine/noun-0520__head-bomb.png","visual audit of representative image for each of 258 head types"
"519","1453","B02-FAU","Fauna","head-dog","代表画像を目視確認した主要頭部モチーフ: dog","B02-FAU__Fauna/noun-0519__head-dog.png","visual audit of representative image for each of 258 head types"
"518","1454","B06-OBJ","Artifact & Architecture","head-piggybank","代表画像を目視確認した主要頭部モチーフ: piggybank","B06-OBJ__Artifact_&_Architecture/noun-0518__head-piggybank.png","visual audit of representative image for each of 258 head types"
"517","1455","B01-HUM","Humanoid","head-gnome","代表画像を目視確認した主要頭部モチーフ: gnome","B01-HUM__Humanoid/noun-0517__head-gnome.png","visual audit of representative image for each of 258 head types"
"516","1456","B05-MEC","Machine","head-console-handheld","代表画像を目視確認した主要頭部モチーフ: console-handheld","B05-MEC__Machine/noun-0516__head-console-handheld.png","visual audit of representative image for each of 258 head types"
"515","1457","B08-NAT","Nature & Element","head-blackhole","代表画像を目視確認した主要頭部モチーフ: blackhole","B08-NAT__Nature_&_Element/noun-0515__head-blackhole.png","visual audit of representative image for each of 258 head types"
"514","1458","B04-CUL","Culinary","head-bubblegum","代表画像を目視確認した主要頭部モチーフ: bubblegum","B04-CUL__Culinary/noun-0514__head-bubblegum.png","visual audit of representative image for each of 258 head types"
"513","1459","B09-ECH","Secret Echo","head-smile","代表画像を目視確認した主要頭部モチーフ: smile","B09-ECH__Secret_Echo/noun-0513__head-smile.png","visual audit of representative image for each of 258 head types"
"512","1460","B04-CUL","Culinary","head-noodles","代表画像を目視確認した主要頭部モチーフ: noodles","B04-CUL__Culinary/noun-0512__head-noodles.png","visual audit of representative image for each of 258 head types"
"511","1461","B02-FAU","Fauna","head-goldfish","代表画像を目視確認した主要頭部モチーフ: goldfish","B02-FAU__Fauna/noun-0511__head-goldfish.png","visual audit of representative image for each of 258 head types"
"510","1462","B02-FAU","Fauna","head-horse-deepfried","代表画像を目視確認した主要頭部モチーフ: horse-deepfried","B02-FAU__Fauna/noun-0510__head-horse-deepfried.png","visual audit of representative image for each of 258 head types"
"509","1463","B06-OBJ","Artifact & Architecture","head-toiletpaper-full","代表画像を目視確認した主要頭部モチーフ: toiletpaper-full","B06-OBJ__Artifact_&_Architecture/noun-0509__head-toiletpaper-full.png","visual audit of representative image for each of 258 head types"
"508","1464","B06-OBJ","Artifact & Architecture","head-ring","代表画像を目視確認した主要頭部モチーフ: ring","B06-OBJ__Artifact_&_Architecture/noun-0508__head-ring.png","visual audit of representative image for each of 258 head types"
"507","1465","B08-NAT","Nature & Element","head-rainbow","代表画像を目視確認した主要頭部モチーフ: rainbow","B08-NAT__Nature_&_Element/noun-0507__head-rainbow.png","visual audit of representative image for each of 258 head types"
"506","1466","B06-OBJ","Artifact & Architecture","head-trashcan","代表画像を目視確認した主要頭部モチーフ: trashcan","B06-OBJ__Artifact_&_Architecture/noun-0506__head-trashcan.png","visual audit of representative image for each of 258 head types"
"505","1467","B06-OBJ","Artifact & Architecture","head-wallsafe","代表画像を目視確認した主要頭部モチーフ: wallsafe","B06-OBJ__Artifact_&_Architecture/noun-0505__head-wallsafe.png","visual audit of representative image for each of 258 head types"
"504","1468","B02-FAU","Fauna","head-orangutan","代表画像を目視確認した主要頭部モチーフ: orangutan","B02-FAU__Fauna/noun-0504__head-orangutan.png","visual audit of representative image for each of 258 head types"
"503","1469","B08-NAT","Nature & Element","head-lightning-bolt","代表画像を目視確認した主要頭部モチーフ: lightning-bolt","B08-NAT__Nature_&_Element/noun-0503__head-lightning-bolt.png","visual audit of representative image for each of 258 head types"
"502","1470","B02-FAU","Fauna","head-grouper","代表画像を目視確認した主要頭部モチーフ: grouper","B02-FAU__Fauna/noun-0502__head-grouper.png","visual audit of representative image for each of 258 head types"
"501","1471","B06-OBJ","Artifact & Architecture","head-pirateship","代表画像を目視確認した主要頭部モチーフ: pirateship","B06-OBJ__Artifact_&_Architecture/noun-0501__head-pirateship.png","visual audit of representative image for each of 258 head types"
"500","1472","B08-NAT","Nature & Element","head-cloud","代表画像を目視確認した主要頭部モチーフ: cloud","B08-NAT__Nature_&_Element/noun-0500__head-cloud.png","visual audit of representative image for each of 258 head types"
"499","1473","B05-MEC","Machine","head-skilift","代表画像を目視確認した主要頭部モチーフ: skilift","B05-MEC__Machine/noun-0499__head-skilift.png","visual audit of representative image for each of 258 head types"
"498","1474","B06-OBJ","Artifact & Architecture","head-baseball-gameball","代表画像を目視確認した主要頭部モチーフ: baseball-gameball","B06-OBJ__Artifact_&_Architecture/noun-0498__head-baseball-gameball.png","visual audit of representative image for each of 258 head types"
"497","1475","B01-HUM","Humanoid","head-gnome","代表画像を目視確認した主要頭部モチーフ: gnome","B01-HUM__Humanoid/noun-0497__head-gnome.png","visual audit of representative image for each of 258 head types"
"496","1476","B09-ECH","Secret Echo","head-void","代表画像を目視確認した主要頭部モチーフ: void","B09-ECH__Secret_Echo/noun-0496__head-void.png","visual audit of representative image for each of 258 head types"
"495","1477","B02-FAU","Fauna","head-squid","代表画像を目視確認した主要頭部モチーフ: squid","B02-FAU__Fauna/noun-0495__head-squid.png","visual audit of representative image for each of 258 head types"
"494","1478","B02-FAU","Fauna","head-whale","代表画像を目視確認した主要頭部モチーフ: whale","B02-FAU__Fauna/noun-0494__head-whale.png","visual audit of representative image for each of 258 head types"
"493","1479","B04-CUL","Culinary","head-bubblegum","代表画像を目視確認した主要頭部モチーフ: bubblegum","B04-CUL__Culinary/noun-0493__head-bubblegum.png","visual audit of representative image for each of 258 head types"
"492","1480","B06-OBJ","Artifact & Architecture","head-snowman","代表画像を目視確認した主要頭部モチーフ: snowman","B06-OBJ__Artifact_&_Architecture/noun-0492__head-snowman.png","visual audit of representative image for each of 258 head types"
"491","1481","B08-NAT","Nature & Element","head-wave","代表画像を目視確認した主要頭部モチーフ: wave","B08-NAT__Nature_&_Element/noun-0491__head-wave.png","visual audit of representative image for each of 258 head types"
"490","1482","B04-CUL","Culinary","head-beer","代表画像を目視確認した主要頭部モチーフ: beer","B04-CUL__Culinary/noun-0490__head-beer.png","visual audit of representative image for each of 258 head types"
"489","1483","B06-OBJ","Artifact & Architecture","head-bank","代表画像を目視確認した主要頭部モチーフ: bank","B06-OBJ__Artifact_&_Architecture/noun-0489__head-bank.png","visual audit of representative image for each of 258 head types"
"488","1484","B06-OBJ","Artifact & Architecture","head-crown","代表画像を目視確認した主要頭部モチーフ: crown","B06-OBJ__Artifact_&_Architecture/noun-0488__head-crown.png","visual audit of representative image for each of 258 head types"
"487","1485","B06-OBJ","Artifact & Architecture","head-index-card","代表画像を目視確認した主要頭部モチーフ: index-card","B06-OBJ__Artifact_&_Architecture/noun-0487__head-index-card.png","visual audit of representative image for each of 258 head types"
"486","1486","B06-OBJ","Artifact & Architecture","head-watch","代表画像を目視確認した主要頭部モチーフ: watch","B06-OBJ__Artifact_&_Architecture/noun-0486__head-watch.png","visual audit of representative image for each of 258 head types"
"485","1487","B03-FLO","Flora & Fungi","head-saguaro","代表画像を目視確認した主要頭部モチーフ: saguaro","B03-FLO__Flora_&_Fungi/noun-0485__head-saguaro.png","visual audit of representative image for each of 258 head types"
"484","1488","B02-FAU","Fauna","head-dino","代表画像を目視確認した主要頭部モチーフ: dino","B02-FAU__Fauna/noun-0484__head-dino.png","visual audit of representative image for each of 258 head types"
"483","1489","B04-CUL","Culinary","head-cookie","代表画像を目視確認した主要頭部モチーフ: cookie","B04-CUL__Culinary/noun-0483__head-cookie.png","visual audit of representative image for each of 258 head types"
"482","1490","B08-NAT","Nature & Element","head-lightning-bolt","代表画像を目視確認した主要頭部モチーフ: lightning-bolt","B08-NAT__Nature_&_Element/noun-0482__head-lightning-bolt.png","visual audit of representative image for each of 258 head types"
"481","1491","B04-CUL","Culinary","head-pumpkin","代表画像を目視確認した主要頭部モチーフ: pumpkin","B04-CUL__Culinary/noun-0481__head-pumpkin.png","visual audit of representative image for each of 258 head types"
"480","1492","B09-ECH","Secret Echo","head-rgb","代表画像を目視確認した主要頭部モチーフ: rgb","B09-ECH__Secret_Echo/noun-0480__head-rgb.png","visual audit of representative image for each of 258 head types"
"479","1493","B06-OBJ","Artifact & Architecture","head-treasurechest","代表画像を目視確認した主要頭部モチーフ: treasurechest","B06-OBJ__Artifact_&_Architecture/noun-0479__head-treasurechest.png","visual audit of representative image for each of 258 head types"
"478","1494","B06-OBJ","Artifact & Architecture","head-outlet","代表画像を目視確認した主要頭部モチーフ: outlet","B06-OBJ__Artifact_&_Architecture/noun-0478__head-outlet.png","visual audit of representative image for each of 258 head types"
"477","1495","B04-CUL","Culinary","head-potato","代表画像を目視確認した主要頭部モチーフ: potato","B04-CUL__Culinary/noun-0477__head-potato.png","visual audit of representative image for each of 258 head types"
"476","1496","B06-OBJ","Artifact & Architecture","head-cone","代表画像を目視確認した主要頭部モチーフ: cone","B06-OBJ__Artifact_&_Architecture/noun-0476__head-cone.png","visual audit of representative image for each of 258 head types"
"475","1497","B06-OBJ","Artifact & Architecture","head-retainer","代表画像を目視確認した主要頭部モチーフ: retainer","B06-OBJ__Artifact_&_Architecture/noun-0475__head-retainer.png","visual audit of representative image for each of 258 head types"
"474","1498","B06-OBJ","Artifact & Architecture","head-hanger","代表画像を目視確認した主要頭部モチーフ: hanger","B06-OBJ__Artifact_&_Architecture/noun-0474__head-hanger.png","visual audit of representative image for each of 258 head types"
"473","1499","B09-ECH","Secret Echo","head-smile","代表画像を目視確認した主要頭部モチーフ: smile","B09-ECH__Secret_Echo/noun-0473__head-smile.png","visual audit of representative image for each of 258 head types"
"472","1500","B06-OBJ","Artifact & Architecture","head-box","代表画像を目視確認した主要頭部モチーフ: box","B06-OBJ__Artifact_&_Architecture/noun-0472__head-box.png","visual audit of representative image for each of 258 head types"
"471","1501","B02-FAU","Fauna","head-moose","代表画像を目視確認した主要頭部モチーフ: moose","B02-FAU__Fauna/noun-0471__head-moose.png","visual audit of representative image for each of 258 head types"
"470","1502","B07-MAT","Material & Mineral","head-sponge","代表画像を目視確認した主要頭部モチーフ: sponge","B07-MAT__Material_&_Mineral/noun-0470__head-sponge.png","visual audit of representative image for each of 258 head types"
"469","1503","B05-MEC","Machine","head-bomb","代表画像を目視確認した主要頭部モチーフ: bomb","B05-MEC__Machine/noun-0469__head-bomb.png","visual audit of representative image for each of 258 head types"
"468","1504","B02-FAU","Fauna","head-cow","代表画像を目視確認した主要頭部モチーフ: cow","B02-FAU__Fauna/noun-0468__head-cow.png","visual audit of representative image for each of 258 head types"
"467","1505","B02-FAU","Fauna","head-oyster","代表画像を目視確認した主要頭部モチーフ: oyster","B02-FAU__Fauna/noun-0467__head-oyster.png","visual audit of representative image for each of 258 head types"
"466","1506","B03-FLO","Flora & Fungi","head-mushroom","代表画像を目視確認した主要頭部モチーフ: mushroom","B03-FLO__Flora_&_Fungi/noun-0466__head-mushroom.png","visual audit of representative image for each of 258 head types"
"465","1507","B02-FAU","Fauna","head-orca","代表画像を目視確認した主要頭部モチーフ: orca","B02-FAU__Fauna/noun-0465__head-orca.png","visual audit of representative image for each of 258 head types"
"464","1508","B10-ANO","Secret Anomaly","head-skeleton-hat","代表画像を目視確認した主要頭部モチーフ: skeleton-hat","B10-ANO__Secret_Anomaly/noun-0464__head-skeleton-hat.png","visual audit of representative image for each of 258 head types"
"463","1509","B05-MEC","Machine","head-microwave","代表画像を目視確認した主要頭部モチーフ: microwave","B05-MEC__Machine/noun-0463__head-microwave.png","visual audit of representative image for each of 258 head types"
"462","1510","B02-FAU","Fauna","head-moose","代表画像を目視確認した主要頭部モチーフ: moose","B02-FAU__Fauna/noun-0462__head-moose.png","visual audit of representative image for each of 258 head types"
"461","1511","B08-NAT","Nature & Element","head-island","代表画像を目視確認した主要頭部モチーフ: island","B08-NAT__Nature_&_Element/noun-0461__head-island.png","visual audit of representative image for each of 258 head types"
"460","1512","B09-ECH","Secret Echo","head-maze","代表画像を目視確認した主要頭部モチーフ: maze","B09-ECH__Secret_Echo/noun-0460__head-maze.png","visual audit of representative image for each of 258 head types"
"459","1513","B04-CUL","Culinary","head-doughnut","代表画像を目視確認した主要頭部モチーフ: doughnut","B04-CUL__Culinary/noun-0459__head-doughnut.png","visual audit of representative image for each of 258 head types"
"458","1514","B07-MAT","Material & Mineral","head-rock","代表画像を目視確認した主要頭部モチーフ: rock","B07-MAT__Material_&_Mineral/noun-0458__head-rock.png","visual audit of representative image for each of 258 head types"
"457","1515","B07-MAT","Material & Mineral","head-rock","代表画像を目視確認した主要頭部モチーフ: rock","B07-MAT__Material_&_Mineral/noun-0457__head-rock.png","visual audit of representative image for each of 258 head types"
"456","1516","B06-OBJ","Artifact & Architecture","head-snowman","代表画像を目視確認した主要頭部モチーフ: snowman","B06-OBJ__Artifact_&_Architecture/noun-0456__head-snowman.png","visual audit of representative image for each of 258 head types"
"455","1517","B05-MEC","Machine","head-crane","代表画像を目視確認した主要頭部モチーフ: crane","B05-MEC__Machine/noun-0455__head-crane.png","visual audit of representative image for each of 258 head types"
"454","1518","B05-MEC","Machine","head-vending-machine","代表画像を目視確認した主要頭部モチーフ: vending-machine","B05-MEC__Machine/noun-0454__head-vending-machine.png","visual audit of representative image for each of 258 head types"
"453","1519","B02-FAU","Fauna","head-chicken","代表画像を目視確認した主要頭部モチーフ: chicken","B02-FAU__Fauna/noun-0453__head-chicken.png","visual audit of representative image for each of 258 head types"
"452","1520","B08-NAT","Nature & Element","head-cloud","代表画像を目視確認した主要頭部モチーフ: cloud","B08-NAT__Nature_&_Element/noun-0452__head-cloud.png","visual audit of representative image for each of 258 head types"
"451","1521","B02-FAU","Fauna","head-dino","代表画像を目視確認した主要頭部モチーフ: dino","B02-FAU__Fauna/noun-0451__head-dino.png","visual audit of representative image for each of 258 head types"
"450","1522","B04-CUL","Culinary","head-pie","代表画像を目視確認した主要頭部モチーフ: pie","B04-CUL__Culinary/noun-0450__head-pie.png","visual audit of representative image for each of 258 head types"
"449","1523","B06-OBJ","Artifact & Architecture","head-stapler","代表画像を目視確認した主要頭部モチーフ: stapler","B06-OBJ__Artifact_&_Architecture/noun-0449__head-stapler.png","visual audit of representative image for each of 258 head types"
"448","1524","B02-FAU","Fauna","head-mosquito","代表画像を目視確認した主要頭部モチーフ: mosquito","B02-FAU__Fauna/noun-0448__head-mosquito.png","visual audit of representative image for each of 258 head types"
"447","1525","B04-CUL","Culinary","head-pickle","代表画像を目視確認した主要頭部モチーフ: pickle","B04-CUL__Culinary/noun-0447__head-pickle.png","visual audit of representative image for each of 258 head types"
"446","1526","B02-FAU","Fauna","head-jellyfish","代表画像を目視確認した主要頭部モチーフ: jellyfish","B02-FAU__Fauna/noun-0446__head-jellyfish.png","visual audit of representative image for each of 258 head types"
"445","1527","B02-FAU","Fauna","head-croc-hat","代表画像を目視確認した主要頭部モチーフ: croc-hat","B02-FAU__Fauna/noun-0445__head-croc-hat.png","visual audit of representative image for each of 258 head types"
"444","1528","B01-HUM","Humanoid","head-tooth","代表画像を目視確認した主要頭部モチーフ: tooth","B01-HUM__Humanoid/noun-0444__head-tooth.png","visual audit of representative image for each of 258 head types"
"443","1529","B02-FAU","Fauna","head-werewolf","代表画像を目視確認した主要頭部モチーフ: werewolf","B02-FAU__Fauna/noun-0443__head-werewolf.png","visual audit of representative image for each of 258 head types"
"442","1530","B09-ECH","Secret Echo","head-brain","代表画像を目視確認した主要頭部モチーフ: brain","B09-ECH__Secret_Echo/noun-0442__head-brain.png","visual audit of representative image for each of 258 head types"
"441","1531","B09-ECH","Secret Echo","head-rgb","代表画像を目視確認した主要頭部モチーフ: rgb","B09-ECH__Secret_Echo/noun-0441__head-rgb.png","visual audit of representative image for each of 258 head types"
"440","1532","B05-MEC","Machine","head-robot","代表画像を目視確認した主要頭部モチーフ: robot","B05-MEC__Machine/noun-0440__head-robot.png","visual audit of representative image for each of 258 head types"
"439","1533","B06-OBJ","Artifact & Architecture","head-chain","代表画像を目視確認した主要頭部モチーフ: chain","B06-OBJ__Artifact_&_Architecture/noun-0439__head-chain.png","visual audit of representative image for each of 258 head types"
"438","1534","B02-FAU","Fauna","head-crab","代表画像を目視確認した主要頭部モチーフ: crab","B02-FAU__Fauna/noun-0438__head-crab.png","visual audit of representative image for each of 258 head types"
"437","1535","B02-FAU","Fauna","head-shark","代表画像を目視確認した主要頭部モチーフ: shark","B02-FAU__Fauna/noun-0437__head-shark.png","visual audit of representative image for each of 258 head types"
"436","1536","B02-FAU","Fauna","head-chameleon","代表画像を目視確認した主要頭部モチーフ: chameleon","B02-FAU__Fauna/noun-0436__head-chameleon.png","visual audit of representative image for each of 258 head types"
"435","1537","B03-FLO","Flora & Fungi","head-rosebud","代表画像を目視確認した主要頭部モチーフ: rosebud","B03-FLO__Flora_&_Fungi/noun-0435__head-rosebud.png","visual audit of representative image for each of 258 head types"
"434","1538","B06-OBJ","Artifact & Architecture","head-treasurechest","代表画像を目視確認した主要頭部モチーフ: treasurechest","B06-OBJ__Artifact_&_Architecture/noun-0434__head-treasurechest.png","visual audit of representative image for each of 258 head types"
"433","1539","B06-OBJ","Artifact & Architecture","head-wizardhat","代表画像を目視確認した主要頭部モチーフ: wizardhat","B06-OBJ__Artifact_&_Architecture/noun-0433__head-wizardhat.png","visual audit of representative image for each of 258 head types"
"432","1540","B02-FAU","Fauna","head-unicorn","代表画像を目視確認した主要頭部モチーフ: unicorn","B02-FAU__Fauna/noun-0432__head-unicorn.png","visual audit of representative image for each of 258 head types"
"431","1541","B05-MEC","Machine","head-ufo","代表画像を目視確認した主要頭部モチーフ: ufo","B05-MEC__Machine/noun-0431__head-ufo.png","visual audit of representative image for each of 258 head types"
"430","1542","B02-FAU","Fauna","head-aardvark","代表画像を目視確認した主要頭部モチーフ: aardvark","B02-FAU__Fauna/noun-0430__head-aardvark.png","visual audit of representative image for each of 258 head types"
"429","1543","B06-OBJ","Artifact & Architecture","head-paperclip","代表画像を目視確認した主要頭部モチーフ: paperclip","B06-OBJ__Artifact_&_Architecture/noun-0429__head-paperclip.png","visual audit of representative image for each of 258 head types"
"428","1544","B05-MEC","Machine","head-plane","代表画像を目視確認した主要頭部モチーフ: plane","B05-MEC__Machine/noun-0428__head-plane.png","visual audit of representative image for each of 258 head types"
"427","1545","B06-OBJ","Artifact & Architecture","head-pill","代表画像を目視確認した主要頭部モチーフ: pill","B06-OBJ__Artifact_&_Architecture/noun-0427__head-pill.png","visual audit of representative image for each of 258 head types"
"426","1546","B03-FLO","Flora & Fungi","head-clover","代表画像を目視確認した主要頭部モチーフ: clover","B03-FLO__Flora_&_Fungi/noun-0426__head-clover.png","visual audit of representative image for each of 258 head types"
"425","1547","B04-CUL","Culinary","head-banana","代表画像を目視確認した主要頭部モチーフ: banana","B04-CUL__Culinary/noun-0425__head-banana.png","visual audit of representative image for each of 258 head types"
"424","1548","B05-MEC","Machine","head-microwave","代表画像を目視確認した主要頭部モチーフ: microwave","B05-MEC__Machine/noun-0424__head-microwave.png","visual audit of representative image for each of 258 head types"
"423","1549","B02-FAU","Fauna","head-cat","代表画像を目視確認した主要頭部モチーフ: cat","B02-FAU__Fauna/noun-0423__head-cat.png","visual audit of representative image for each of 258 head types"
"422","1550","B03-FLO","Flora & Fungi","head-weed","代表画像を目視確認した主要頭部モチーフ: weed","B03-FLO__Flora_&_Fungi/noun-0422__head-weed.png","visual audit of representative image for each of 258 head types"
"421","1551","B06-OBJ","Artifact & Architecture","head-hockeypuck","代表画像を目視確認した主要頭部モチーフ: hockeypuck","B06-OBJ__Artifact_&_Architecture/noun-0421__head-hockeypuck.png","visual audit of representative image for each of 258 head types"
"420","1552","B02-FAU","Fauna","head-whale-alive","代表画像を目視確認した主要頭部モチーフ: whale-alive","B02-FAU__Fauna/noun-0420__head-whale-alive.png","visual audit of representative image for each of 258 head types"
"419","1553","B09-ECH","Secret Echo","head-maze","代表画像を目視確認した主要頭部モチーフ: maze","B09-ECH__Secret_Echo/noun-0419__head-maze.png","visual audit of representative image for each of 258 head types"
"418","1554","B02-FAU","Fauna","head-chicken","代表画像を目視確認した主要頭部モチーフ: chicken","B02-FAU__Fauna/noun-0418__head-chicken.png","visual audit of representative image for each of 258 head types"
"417","1555","B04-CUL","Culinary","head-onion","代表画像を目視確認した主要頭部モチーフ: onion","B04-CUL__Culinary/noun-0417__head-onion.png","visual audit of representative image for each of 258 head types"
"416","1556","B06-OBJ","Artifact & Architecture","head-pillow","代表画像を目視確認した主要頭部モチーフ: pillow","B06-OBJ__Artifact_&_Architecture/noun-0416__head-pillow.png","visual audit of representative image for each of 258 head types"
"415","1557","B04-CUL","Culinary","head-taco-classic","代表画像を目視確認した主要頭部モチーフ: taco-classic","B04-CUL__Culinary/noun-0415__head-taco-classic.png","visual audit of representative image for each of 258 head types"
"414","1558","B06-OBJ","Artifact & Architecture","head-firehydrant","代表画像を目視確認した主要頭部モチーフ: firehydrant","B06-OBJ__Artifact_&_Architecture/noun-0414__head-firehydrant.png","visual audit of representative image for each of 258 head types"
"413","1559","B02-FAU","Fauna","head-mosquito","代表画像を目視確認した主要頭部モチーフ: mosquito","B02-FAU__Fauna/noun-0413__head-mosquito.png","visual audit of representative image for each of 258 head types"
"412","1560","B06-OBJ","Artifact & Architecture","head-bank","代表画像を目視確認した主要頭部モチーフ: bank","B06-OBJ__Artifact_&_Architecture/noun-0412__head-bank.png","visual audit of representative image for each of 258 head types"
"411","1561","B02-FAU","Fauna","head-unicorn","代表画像を目視確認した主要頭部モチーフ: unicorn","B02-FAU__Fauna/noun-0411__head-unicorn.png","visual audit of representative image for each of 258 head types"
"410","1562","B06-OBJ","Artifact & Architecture","head-couch","代表画像を目視確認した主要頭部モチーフ: couch","B06-OBJ__Artifact_&_Architecture/noun-0410__head-couch.png","visual audit of representative image for each of 258 head types"
"409","1563","B04-CUL","Culinary","head-nigiri","代表画像を目視確認した主要頭部モチーフ: nigiri","B04-CUL__Culinary/noun-0409__head-nigiri.png","visual audit of representative image for each of 258 head types"
"408","1564","B06-OBJ","Artifact & Architecture","head-trashcan","代表画像を目視確認した主要頭部モチーフ: trashcan","B06-OBJ__Artifact_&_Architecture/noun-0408__head-trashcan.png","visual audit of representative image for each of 258 head types"
"407","1565","B06-OBJ","Artifact & Architecture","head-paperclip","代表画像を目視確認した主要頭部モチーフ: paperclip","B06-OBJ__Artifact_&_Architecture/noun-0407__head-paperclip.png","visual audit of representative image for each of 258 head types"
"406","1566","B06-OBJ","Artifact & Architecture","head-couch","代表画像を目視確認した主要頭部モチーフ: couch","B06-OBJ__Artifact_&_Architecture/noun-0406__head-couch.png","visual audit of representative image for each of 258 head types"
"405","1567","B05-MEC","Machine","head-vending-machine","代表画像を目視確認した主要頭部モチーフ: vending-machine","B05-MEC__Machine/noun-0405__head-vending-machine.png","visual audit of representative image for each of 258 head types"
"404","1568","B01-HUM","Humanoid","head-gnome","代表画像を目視確認した主要頭部モチーフ: gnome","B01-HUM__Humanoid/noun-0404__head-gnome.png","visual audit of representative image for each of 258 head types"
"403","1569","B06-OBJ","Artifact & Architecture","head-wine-barrel","代表画像を目視確認した主要頭部モチーフ: wine-barrel","B06-OBJ__Artifact_&_Architecture/noun-0403__head-wine-barrel.png","visual audit of representative image for each of 258 head types"
"402","1570","B06-OBJ","Artifact & Architecture","head-glasses-big","代表画像を目視確認した主要頭部モチーフ: glasses-big","B06-OBJ__Artifact_&_Architecture/noun-0402__head-glasses-big.png","visual audit of representative image for each of 258 head types"
"401","1571","B05-MEC","Machine","head-boombox","代表画像を目視確認した主要頭部モチーフ: boombox","B05-MEC__Machine/noun-0401__head-boombox.png","visual audit of representative image for each of 258 head types"
"400","1572","B06-OBJ","Artifact & Architecture","head-watch","代表画像を目視確認した主要頭部モチーフ: watch","B06-OBJ__Artifact_&_Architecture/noun-0400__head-watch.png","visual audit of representative image for each of 258 head types"
"399","1573","B02-FAU","Fauna","head-fox","代表画像を目視確認した主要頭部モチーフ: fox","B02-FAU__Fauna/noun-0399__head-fox.png","visual audit of representative image for each of 258 head types"
"398","1574","B08-NAT","Nature & Element","head-volcano","代表画像を目視確認した主要頭部モチーフ: volcano","B08-NAT__Nature_&_Element/noun-0398__head-volcano.png","visual audit of representative image for each of 258 head types"
"397","1575","B08-NAT","Nature & Element","head-saturn","代表画像を目視確認した主要頭部モチーフ: saturn","B08-NAT__Nature_&_Element/noun-0397__head-saturn.png","visual audit of representative image for each of 258 head types"
"396","1576","B02-FAU","Fauna","head-croc-hat","代表画像を目視確認した主要頭部モチーフ: croc-hat","B02-FAU__Fauna/noun-0396__head-croc-hat.png","visual audit of representative image for each of 258 head types"
"395","1577","B06-OBJ","Artifact & Architecture","head-baseball-gameball","代表画像を目視確認した主要頭部モチーフ: baseball-gameball","B06-OBJ__Artifact_&_Architecture/noun-0395__head-baseball-gameball.png","visual audit of representative image for each of 258 head types"
"394","1578","B05-MEC","Machine","head-cash-register","代表画像を目視確認した主要頭部モチーフ: cash-register","B05-MEC__Machine/noun-0394__head-cash-register.png","visual audit of representative image for each of 258 head types"
"393","1579","B03-FLO","Flora & Fungi","head-bonsai","代表画像を目視確認した主要頭部モチーフ: bonsai","B03-FLO__Flora_&_Fungi/noun-0393__head-bonsai.png","visual audit of representative image for each of 258 head types"
"392","1580","B04-CUL","Culinary","head-burger-dollarmenu","代表画像を目視確認した主要頭部モチーフ: burger-dollarmenu","B04-CUL__Culinary/noun-0392__head-burger-dollarmenu.png","visual audit of representative image for each of 258 head types"
"391","1581","B01-HUM","Humanoid","head-gnome","代表画像を目視確認した主要頭部モチーフ: gnome","B01-HUM__Humanoid/noun-0391__head-gnome.png","visual audit of representative image for each of 258 head types"
"390","1582","B02-FAU","Fauna","head-moose","代表画像を目視確認した主要頭部モチーフ: moose","B02-FAU__Fauna/noun-0390__head-moose.png","visual audit of representative image for each of 258 head types"
"389","1583","B02-FAU","Fauna","head-flamingo","代表画像を目視確認した主要頭部モチーフ: flamingo","B02-FAU__Fauna/noun-0389__head-flamingo.png","visual audit of representative image for each of 258 head types"
"388","1584","B05-MEC","Machine","head-bomb","代表画像を目視確認した主要頭部モチーフ: bomb","B05-MEC__Machine/noun-0388__head-bomb.png","visual audit of representative image for each of 258 head types"
"387","1585","B02-FAU","Fauna","head-bear","代表画像を目視確認した主要頭部モチーフ: bear","B02-FAU__Fauna/noun-0387__head-bear.png","visual audit of representative image for each of 258 head types"
"386","1586","B02-FAU","Fauna","head-unicorn","代表画像を目視確認した主要頭部モチーフ: unicorn","B02-FAU__Fauna/noun-0386__head-unicorn.png","visual audit of representative image for each of 258 head types"
"385","1587","B02-FAU","Fauna","head-ape","代表画像を目視確認した主要頭部モチーフ: ape","B02-FAU__Fauna/noun-0385__head-ape.png","visual audit of representative image for each of 258 head types"
"384","1588","B08-NAT","Nature & Element","head-moon","代表画像を目視確認した主要頭部モチーフ: moon","B08-NAT__Nature_&_Element/noun-0384__head-moon.png","visual audit of representative image for each of 258 head types"
"383","1589","B02-FAU","Fauna","head-panda","代表画像を目視確認した主要頭部モチーフ: panda","B02-FAU__Fauna/noun-0383__head-panda.png","visual audit of representative image for each of 258 head types"
"382","1590","B02-FAU","Fauna","head-crab","代表画像を目視確認した主要頭部モチーフ: crab","B02-FAU__Fauna/noun-0382__head-crab.png","visual audit of representative image for each of 258 head types"
"381","1591","B05-MEC","Machine","head-sailboat","代表画像を目視確認した主要頭部モチーフ: sailboat","B05-MEC__Machine/noun-0381__head-sailboat.png","visual audit of representative image for each of 258 head types"
"380","1592","B02-FAU","Fauna","head-aardvark","代表画像を目視確認した主要頭部モチーフ: aardvark","B02-FAU__Fauna/noun-0380__head-aardvark.png","visual audit of representative image for each of 258 head types"
"379","1593","B10-ANO","Secret Anomaly","head-skeleton-hat","代表画像を目視確認した主要頭部モチーフ: skeleton-hat","B10-ANO__Secret_Anomaly/noun-0379__head-skeleton-hat.png","visual audit of representative image for each of 258 head types"
"378","1594","B02-FAU","Fauna","head-fox","代表画像を目視確認した主要頭部モチーフ: fox","B02-FAU__Fauna/noun-0378__head-fox.png","visual audit of representative image for each of 258 head types"
"377","1595","B02-FAU","Fauna","head-frog","代表画像を目視確認した主要頭部モチーフ: frog","B02-FAU__Fauna/noun-0377__head-frog.png","visual audit of representative image for each of 258 head types"
"376","1596","B05-MEC","Machine","head-skateboard","代表画像を目視確認した主要頭部モチーフ: skateboard","B05-MEC__Machine/noun-0376__head-skateboard.png","visual audit of representative image for each of 258 head types"
"375","1597","B05-MEC","Machine","head-console-handheld","代表画像を目視確認した主要頭部モチーフ: console-handheld","B05-MEC__Machine/noun-0375__head-console-handheld.png","visual audit of representative image for each of 258 head types"
"374","1598","B02-FAU","Fauna","head-dino","代表画像を目視確認した主要頭部モチーフ: dino","B02-FAU__Fauna/noun-0374__head-dino.png","visual audit of representative image for each of 258 head types"
"373","1599","B02-FAU","Fauna","head-cat","代表画像を目視確認した主要頭部モチーフ: cat","B02-FAU__Fauna/noun-0373__head-cat.png","visual audit of representative image for each of 258 head types"
"372","1600","B09-ECH","Secret Echo","head-void","代表画像を目視確認した主要頭部モチーフ: void","B09-ECH__Secret_Echo/noun-0372__head-void.png","visual audit of representative image for each of 258 head types"
"371","1601","B09-ECH","Secret Echo","head-void","代表画像を目視確認した主要頭部モチーフ: void","B09-ECH__Secret_Echo/noun-0371__head-void.png","visual audit of representative image for each of 258 head types"
"370","1602","B09-ECH","Secret Echo","head-void","代表画像を目視確認した主要頭部モチーフ: void","B09-ECH__Secret_Echo/noun-0370__head-void.png","visual audit of representative image for each of 258 head types"
"369","1603","B06-OBJ","Artifact & Architecture","head-bagpipe","代表画像を目視確認した主要頭部モチーフ: bagpipe","B06-OBJ__Artifact_&_Architecture/noun-0369__head-bagpipe.png","visual audit of representative image for each of 258 head types"
"368","1604","B02-FAU","Fauna","head-oyster","代表画像を目視確認した主要頭部モチーフ: oyster","B02-FAU__Fauna/noun-0368__head-oyster.png","visual audit of representative image for each of 258 head types"
"367","1605","B05-MEC","Machine","head-robot","代表画像を目視確認した主要頭部モチーフ: robot","B05-MEC__Machine/noun-0367__head-robot.png","visual audit of representative image for each of 258 head types"
"366","1606","B08-NAT","Nature & Element","head-saturn","代表画像を目視確認した主要頭部モチーフ: saturn","B08-NAT__Nature_&_Element/noun-0366__head-saturn.png","visual audit of representative image for each of 258 head types"
"365","1607","B03-FLO","Flora & Fungi","head-mushroom","代表画像を目視確認した主要頭部モチーフ: mushroom","B03-FLO__Flora_&_Fungi/noun-0365__head-mushroom.png","visual audit of representative image for each of 258 head types"
"364","1608","B06-OBJ","Artifact & Architecture","head-film-strip","代表画像を目視確認した主要頭部モチーフ: film-strip","B06-OBJ__Artifact_&_Architecture/noun-0364__head-film-strip.png","visual audit of representative image for each of 258 head types"
"363","1609","B05-MEC","Machine","head-chainsaw","代表画像を目視確認した主要頭部モチーフ: chainsaw","B05-MEC__Machine/noun-0363__head-chainsaw.png","visual audit of representative image for each of 258 head types"
"362","1610","B05-MEC","Machine","head-mixer","代表画像を目視確認した主要頭部モチーフ: mixer","B05-MEC__Machine/noun-0362__head-mixer.png","visual audit of representative image for each of 258 head types"
"361","1611","B02-FAU","Fauna","head-mouse","代表画像を目視確認した主要頭部モチーフ: mouse","B02-FAU__Fauna/noun-0361__head-mouse.png","visual audit of representative image for each of 258 head types"
"360","1612","B06-OBJ","Artifact & Architecture","head-weight","代表画像を目視確認した主要頭部モチーフ: weight","B06-OBJ__Artifact_&_Architecture/noun-0360__head-weight.png","visual audit of representative image for each of 258 head types"
"359","1613","B02-FAU","Fauna","head-moose","代表画像を目視確認した主要頭部モチーフ: moose","B02-FAU__Fauna/noun-0359__head-moose.png","visual audit of representative image for each of 258 head types"
"358","1614","B05-MEC","Machine","head-skateboard","代表画像を目視確認した主要頭部モチーフ: skateboard","B05-MEC__Machine/noun-0358__head-skateboard.png","visual audit of representative image for each of 258 head types"
"357","1615","B04-CUL","Culinary","head-beer","代表画像を目視確認した主要頭部モチーフ: beer","B04-CUL__Culinary/noun-0357__head-beer.png","visual audit of representative image for each of 258 head types"
"356","1616","B08-NAT","Nature & Element","head-lightning-bolt","代表画像を目視確認した主要頭部モチーフ: lightning-bolt","B08-NAT__Nature_&_Element/noun-0356__head-lightning-bolt.png","visual audit of representative image for each of 258 head types"
"355","1617","B05-MEC","Machine","head-laptop","代表画像を目視確認した主要頭部モチーフ: laptop","B05-MEC__Machine/noun-0355__head-laptop.png","visual audit of representative image for each of 258 head types"
"354","1618","B03-FLO","Flora & Fungi","head-weed","代表画像を目視確認した主要頭部モチーフ: weed","B03-FLO__Flora_&_Fungi/noun-0354__head-weed.png","visual audit of representative image for each of 258 head types"
"353","1619","B04-CUL","Culinary","head-watermelon","代表画像を目視確認した主要頭部モチーフ: watermelon","B04-CUL__Culinary/noun-0353__head-watermelon.png","visual audit of representative image for each of 258 head types"
"352","1620","B02-FAU","Fauna","head-duck","代表画像を目視確認した主要頭部モチーフ: duck","B02-FAU__Fauna/noun-0352__head-duck.png","visual audit of representative image for each of 258 head types"
"351","1621","B08-NAT","Nature & Element","head-volcano","代表画像を目視確認した主要頭部モチーフ: volcano","B08-NAT__Nature_&_Element/noun-0351__head-volcano.png","visual audit of representative image for each of 258 head types"
"350","1622","B01-HUM","Humanoid","head-hair","代表画像を目視確認した主要頭部モチーフ: hair","B01-HUM__Humanoid/noun-0350__head-hair.png","visual audit of representative image for each of 258 head types"
"349","1623","B04-CUL","Culinary","head-taco-classic","代表画像を目視確認した主要頭部モチーフ: taco-classic","B04-CUL__Culinary/noun-0349__head-taco-classic.png","visual audit of representative image for each of 258 head types"
"348","1624","B05-MEC","Machine","head-turing","代表画像を目視確認した主要頭部モチーフ: turing","B05-MEC__Machine/noun-0348__head-turing.png","visual audit of representative image for each of 258 head types"
"347","1625","B02-FAU","Fauna","head-shark","代表画像を目視確認した主要頭部モチーフ: shark","B02-FAU__Fauna/noun-0347__head-shark.png","visual audit of representative image for each of 258 head types"
"346","1626","B08-NAT","Nature & Element","head-saturn","代表画像を目視確認した主要頭部モチーフ: saturn","B08-NAT__Nature_&_Element/noun-0346__head-saturn.png","visual audit of representative image for each of 258 head types"
"345","1627","B06-OBJ","Artifact & Architecture","head-boxingglove","代表画像を目視確認した主要頭部モチーフ: boxingglove","B06-OBJ__Artifact_&_Architecture/noun-0345__head-boxingglove.png","visual audit of representative image for each of 258 head types"
"344","1628","B02-FAU","Fauna","head-pufferfish","代表画像を目視確認した主要頭部モチーフ: pufferfish","B02-FAU__Fauna/noun-0344__head-pufferfish.png","visual audit of representative image for each of 258 head types"
"343","1629","B04-CUL","Culinary","head-chilli","代表画像を目視確認した主要頭部モチーフ: chilli","B04-CUL__Culinary/noun-0343__head-chilli.png","visual audit of representative image for each of 258 head types"
"342","1630","B06-OBJ","Artifact & Architecture","head-crown","代表画像を目視確認した主要頭部モチーフ: crown","B06-OBJ__Artifact_&_Architecture/noun-0342__head-crown.png","visual audit of representative image for each of 258 head types"
"341","1631","B06-OBJ","Artifact & Architecture","head-bag","代表画像を目視確認した主要頭部モチーフ: bag","B06-OBJ__Artifact_&_Architecture/noun-0341__head-bag.png","visual audit of representative image for each of 258 head types"
"340","1632","B04-CUL","Culinary","head-coffeebean","代表画像を目視確認した主要頭部モチーフ: coffeebean","B04-CUL__Culinary/noun-0340__head-coffeebean.png","visual audit of representative image for each of 258 head types"
"339","1633","B06-OBJ","Artifact & Architecture","head-ruler-triangular","代表画像を目視確認した主要頭部モチーフ: ruler-triangular","B06-OBJ__Artifact_&_Architecture/noun-0339__head-ruler-triangular.png","visual audit of representative image for each of 258 head types"
"338","1634","B02-FAU","Fauna","head-ape","代表画像を目視確認した主要頭部モチーフ: ape","B02-FAU__Fauna/noun-0338__head-ape.png","visual audit of representative image for each of 258 head types"
"337","1635","B02-FAU","Fauna","head-goat","代表画像を目視確認した主要頭部モチーフ: goat","B02-FAU__Fauna/noun-0337__head-goat.png","visual audit of representative image for each of 258 head types"
"336","1636","B06-OBJ","Artifact & Architecture","head-glasses-big","代表画像を目視確認した主要頭部モチーフ: glasses-big","B06-OBJ__Artifact_&_Architecture/noun-0336__head-glasses-big.png","visual audit of representative image for each of 258 head types"
"335","1637","B02-FAU","Fauna","head-croc-hat","代表画像を目視確認した主要頭部モチーフ: croc-hat","B02-FAU__Fauna/noun-0335__head-croc-hat.png","visual audit of representative image for each of 258 head types"
"334","1638","B08-NAT","Nature & Element","head-cloud","代表画像を目視確認した主要頭部モチーフ: cloud","B08-NAT__Nature_&_Element/noun-0334__head-cloud.png","visual audit of representative image for each of 258 head types"
"333","1639","B09-ECH","Secret Echo","head-chart-bars","代表画像を目視確認した主要頭部モチーフ: chart-bars","B09-ECH__Secret_Echo/noun-0333__head-chart-bars.png","visual audit of representative image for each of 258 head types"
"332","1640","B02-FAU","Fauna","head-zebra","代表画像を目視確認した主要頭部モチーフ: zebra","B02-FAU__Fauna/noun-0332__head-zebra.png","visual audit of representative image for each of 258 head types"
"331","1641","B05-MEC","Machine","head-cordlessphone","代表画像を目視確認した主要頭部モチーフ: cordlessphone","B05-MEC__Machine/noun-0331__head-cordlessphone.png","visual audit of representative image for each of 258 head types"
"330","1642","B06-OBJ","Artifact & Architecture","head-wizardhat","代表画像を目視確認した主要頭部モチーフ: wizardhat","B06-OBJ__Artifact_&_Architecture/noun-0330__head-wizardhat.png","visual audit of representative image for each of 258 head types"
"329","1643","B03-FLO","Flora & Fungi","head-mushroom","代表画像を目視確認した主要頭部モチーフ: mushroom","B03-FLO__Flora_&_Fungi/noun-0329__head-mushroom.png","visual audit of representative image for each of 258 head types"
"328","1644","B02-FAU","Fauna","head-frog","代表画像を目視確認した主要頭部モチーフ: frog","B02-FAU__Fauna/noun-0328__head-frog.png","visual audit of representative image for each of 258 head types"
"327","1645","B08-NAT","Nature & Element","head-moon","代表画像を目視確認した主要頭部モチーフ: moon","B08-NAT__Nature_&_Element/noun-0327__head-moon.png","visual audit of representative image for each of 258 head types"
"326","1646","B10-ANO","Secret Anomaly","head-skeleton-hat","代表画像を目視確認した主要頭部モチーフ: skeleton-hat","B10-ANO__Secret_Anomaly/noun-0326__head-skeleton-hat.png","visual audit of representative image for each of 258 head types"
"325","1647","B04-CUL","Culinary","head-onion","代表画像を目視確認した主要頭部モチーフ: onion","B04-CUL__Culinary/noun-0325__head-onion.png","visual audit of representative image for each of 258 head types"
"324","1648","B06-OBJ","Artifact & Architecture","head-crown","代表画像を目視確認した主要頭部モチーフ: crown","B06-OBJ__Artifact_&_Architecture/noun-0324__head-crown.png","visual audit of representative image for each of 258 head types"
"323","1649","B06-OBJ","Artifact & Architecture","head-vent","代表画像を目視確認した主要頭部モチーフ: vent","B06-OBJ__Artifact_&_Architecture/noun-0323__head-vent.png","visual audit of representative image for each of 258 head types"
"322","1650","B02-FAU","Fauna","head-cow","代表画像を目視確認した主要頭部モチーフ: cow","B02-FAU__Fauna/noun-0322__head-cow.png","visual audit of representative image for each of 258 head types"
"321","1651","B06-OBJ","Artifact & Architecture","head-hardhat","代表画像を目視確認した主要頭部モチーフ: hardhat","B06-OBJ__Artifact_&_Architecture/noun-0321__head-hardhat.png","visual audit of representative image for each of 258 head types"
"320","1652","B07-MAT","Material & Mineral","head-sponge","代表画像を目視確認した主要頭部モチーフ: sponge","B07-MAT__Material_&_Mineral/noun-0320__head-sponge.png","visual audit of representative image for each of 258 head types"
"319","1653","B08-NAT","Nature & Element","head-blackhole","代表画像を目視確認した主要頭部モチーフ: blackhole","B08-NAT__Nature_&_Element/noun-0319__head-blackhole.png","visual audit of representative image for each of 258 head types"
"318","1654","B06-OBJ","Artifact & Architecture","head-crown","代表画像を目視確認した主要頭部モチーフ: crown","B06-OBJ__Artifact_&_Architecture/noun-0318__head-crown.png","visual audit of representative image for each of 258 head types"
"317","1655","B06-OBJ","Artifact & Architecture","head-mirror","代表画像を目視確認した主要頭部モチーフ: mirror","B06-OBJ__Artifact_&_Architecture/noun-0317__head-mirror.png","visual audit of representative image for each of 258 head types"
"316","1656","B10-ANO","Secret Anomaly","head-skeleton-hat","代表画像を目視確認した主要頭部モチーフ: skeleton-hat","B10-ANO__Secret_Anomaly/noun-0316__head-skeleton-hat.png","visual audit of representative image for each of 258 head types"
"315","1657","B06-OBJ","Artifact & Architecture","head-wall","代表画像を目視確認した主要頭部モチーフ: wall","B06-OBJ__Artifact_&_Architecture/noun-0315__head-wall.png","visual audit of representative image for each of 258 head types"
"314","1658","B04-CUL","Culinary","head-pineapple","代表画像を目視確認した主要頭部モチーフ: pineapple","B04-CUL__Culinary/noun-0314__head-pineapple.png","visual audit of representative image for each of 258 head types"
"313","1659","B02-FAU","Fauna","head-rabbit","代表画像を目視確認した主要頭部モチーフ: rabbit","B02-FAU__Fauna/noun-0313__head-rabbit.png","visual audit of representative image for each of 258 head types"
"312","1660","B04-CUL","Culinary","head-taco-classic","代表画像を目視確認した主要頭部モチーフ: taco-classic","B04-CUL__Culinary/noun-0312__head-taco-classic.png","visual audit of representative image for each of 258 head types"
"311","1661","B02-FAU","Fauna","head-werewolf","代表画像を目視確認した主要頭部モチーフ: werewolf","B02-FAU__Fauna/noun-0311__head-werewolf.png","visual audit of representative image for each of 258 head types"
"310","1662","B06-OBJ","Artifact & Architecture","head-pencil-tip","代表画像を目視確認した主要頭部モチーフ: pencil-tip","B06-OBJ__Artifact_&_Architecture/noun-0310__head-pencil-tip.png","visual audit of representative image for each of 258 head types"
"309","1663","B05-MEC","Machine","head-robot","代表画像を目視確認した主要頭部モチーフ: robot","B05-MEC__Machine/noun-0309__head-robot.png","visual audit of representative image for each of 258 head types"
"308","1664","B08-NAT","Nature & Element","head-sunset","代表画像を目視確認した主要頭部モチーフ: sunset","B08-NAT__Nature_&_Element/noun-0308__head-sunset.png","visual audit of representative image for each of 258 head types"
"307","1665","B09-ECH","Secret Echo","head-void","代表画像を目視確認した主要頭部モチーフ: void","B09-ECH__Secret_Echo/noun-0307__head-void.png","visual audit of representative image for each of 258 head types"
"306","1666","B06-OBJ","Artifact & Architecture","head-dictionary","代表画像を目視確認した主要頭部モチーフ: dictionary","B06-OBJ__Artifact_&_Architecture/noun-0306__head-dictionary.png","visual audit of representative image for each of 258 head types"
"305","1667","B08-NAT","Nature & Element","head-mountain-snowcap","代表画像を目視確認した主要頭部モチーフ: mountain-snowcap","B08-NAT__Nature_&_Element/noun-0305__head-mountain-snowcap.png","visual audit of representative image for each of 258 head types"
"304","1668","B06-OBJ","Artifact & Architecture","head-clutch","代表画像を目視確認した主要頭部モチーフ: clutch","B06-OBJ__Artifact_&_Architecture/noun-0304__head-clutch.png","visual audit of representative image for each of 258 head types"
"303","1669","B02-FAU","Fauna","head-unicorn","代表画像を目視確認した主要頭部モチーフ: unicorn","B02-FAU__Fauna/noun-0303__head-unicorn.png","visual audit of representative image for each of 258 head types"
"302","1670","B02-FAU","Fauna","head-mouse","代表画像を目視確認した主要頭部モチーフ: mouse","B02-FAU__Fauna/noun-0302__head-mouse.png","visual audit of representative image for each of 258 head types"
"301","1671","B05-MEC","Machine","head-chipboard","代表画像を目視確認した主要頭部モチーフ: chipboard","B05-MEC__Machine/noun-0301__head-chipboard.png","visual audit of representative image for each of 258 head types"
"300","1672","B03-FLO","Flora & Fungi","head-bonsai","代表画像を目視確認した主要頭部モチーフ: bonsai","B03-FLO__Flora_&_Fungi/noun-0300__head-bonsai.png","visual audit of representative image for each of 258 head types"
"299","1673","B07-MAT","Material & Mineral","head-diamond-red","代表画像を目視確認した主要頭部モチーフ: diamond-red","B07-MAT__Material_&_Mineral/noun-0299__head-diamond-red.png","visual audit of representative image for each of 258 head types"
"298","1674","B10-ANO","Secret Anomaly","head-ghost-B","代表画像を目視確認した主要頭部モチーフ: ghost-B","B10-ANO__Secret_Anomaly/noun-0298__head-ghost-B.png","visual audit of representative image for each of 258 head types"
"297","1675","B06-OBJ","Artifact & Architecture","head-crown","代表画像を目視確認した主要頭部モチーフ: crown","B06-OBJ__Artifact_&_Architecture/noun-0297__head-crown.png","visual audit of representative image for each of 258 head types"
"296","1676","B07-MAT","Material & Mineral","head-diamond-blue","代表画像を目視確認した主要頭部モチーフ: diamond-blue","B07-MAT__Material_&_Mineral/noun-0296__head-diamond-blue.png","visual audit of representative image for each of 258 head types"
"295","1677","B02-FAU","Fauna","head-ducky","代表画像を目視確認した主要頭部モチーフ: ducky","B02-FAU__Fauna/noun-0295__head-ducky.png","visual audit of representative image for each of 258 head types"
"294","1678","B04-CUL","Culinary","head-icepop-b","代表画像を目視確認した主要頭部モチーフ: icepop-b","B04-CUL__Culinary/noun-0294__head-icepop-b.png","visual audit of representative image for each of 258 head types"
"293","1679","B06-OBJ","Artifact & Architecture","head-glasses-big","代表画像を目視確認した主要頭部モチーフ: glasses-big","B06-OBJ__Artifact_&_Architecture/noun-0293__head-glasses-big.png","visual audit of representative image for each of 258 head types"
"292","1680","B04-CUL","Culinary","head-pizza","代表画像を目視確認した主要頭部モチーフ: pizza","B04-CUL__Culinary/noun-0292__head-pizza.png","visual audit of representative image for each of 258 head types"
"291","1681","B02-FAU","Fauna","head-whale-alive","代表画像を目視確認した主要頭部モチーフ: whale-alive","B02-FAU__Fauna/noun-0291__head-whale-alive.png","visual audit of representative image for each of 258 head types"
"290","1682","B03-FLO","Flora & Fungi","head-clover","代表画像を目視確認した主要頭部モチーフ: clover","B03-FLO__Flora_&_Fungi/noun-0290__head-clover.png","visual audit of representative image for each of 258 head types"
"289","1683","B04-CUL","Culinary","head-icepop-b","代表画像を目視確認した主要頭部モチーフ: icepop-b","B04-CUL__Culinary/noun-0289__head-icepop-b.png","visual audit of representative image for each of 258 head types"
"288","1684","B06-OBJ","Artifact & Architecture","head-gavel","代表画像を目視確認した主要頭部モチーフ: gavel","B06-OBJ__Artifact_&_Architecture/noun-0288__head-gavel.png","visual audit of representative image for each of 258 head types"
"287","1685","B04-CUL","Culinary","head-steak","代表画像を目視確認した主要頭部モチーフ: steak","B04-CUL__Culinary/noun-0287__head-steak.png","visual audit of representative image for each of 258 head types"
"286","1686","B09-ECH","Secret Echo","head-bubble-speech","代表画像を目視確認した主要頭部モチーフ: bubble-speech","B09-ECH__Secret_Echo/noun-0286__head-bubble-speech.png","visual audit of representative image for each of 258 head types"
"285","1687","B04-CUL","Culinary","head-blueberry","代表画像を目視確認した主要頭部モチーフ: blueberry","B04-CUL__Culinary/noun-0285__head-blueberry.png","visual audit of representative image for each of 258 head types"
"284","1688","B04-CUL","Culinary","head-porkbao","代表画像を目視確認した主要頭部モチーフ: porkbao","B04-CUL__Culinary/noun-0284__head-porkbao.png","visual audit of representative image for each of 258 head types"
"283","1689","B02-FAU","Fauna","head-cow","代表画像を目視確認した主要頭部モチーフ: cow","B02-FAU__Fauna/noun-0283__head-cow.png","visual audit of representative image for each of 258 head types"
"282","1690","B02-FAU","Fauna","head-ducky","代表画像を目視確認した主要頭部モチーフ: ducky","B02-FAU__Fauna/noun-0282__head-ducky.png","visual audit of representative image for each of 258 head types"
"281","1691","B06-OBJ","Artifact & Architecture","head-mirror","代表画像を目視確認した主要頭部モチーフ: mirror","B06-OBJ__Artifact_&_Architecture/noun-0281__head-mirror.png","visual audit of representative image for each of 258 head types"
"280","1692","B06-OBJ","Artifact & Architecture","head-dictionary","代表画像を目視確認した主要頭部モチーフ: dictionary","B06-OBJ__Artifact_&_Architecture/noun-0280__head-dictionary.png","visual audit of representative image for each of 258 head types"
"279","1693","B04-CUL","Culinary","head-pizza","代表画像を目視確認した主要頭部モチーフ: pizza","B04-CUL__Culinary/noun-0279__head-pizza.png","visual audit of representative image for each of 258 head types"
"278","1694","B04-CUL","Culinary","head-cannedham","代表画像を目視確認した主要頭部モチーフ: cannedham","B04-CUL__Culinary/noun-0278__head-cannedham.png","visual audit of representative image for each of 258 head types"
"277","1695","B08-NAT","Nature & Element","head-wave","代表画像を目視確認した主要頭部モチーフ: wave","B08-NAT__Nature_&_Element/noun-0277__head-wave.png","visual audit of representative image for each of 258 head types"
"276","1696","B02-FAU","Fauna","head-flamingo","代表画像を目視確認した主要頭部モチーフ: flamingo","B02-FAU__Fauna/noun-0276__head-flamingo.png","visual audit of representative image for each of 258 head types"
"275","1697","B06-OBJ","Artifact & Architecture","head-faberge","代表画像を目視確認した主要頭部モチーフ: faberge","B06-OBJ__Artifact_&_Architecture/noun-0275__head-faberge.png","visual audit of representative image for each of 258 head types"
"274","1698","B02-FAU","Fauna","head-bear","代表画像を目視確認した主要頭部モチーフ: bear","B02-FAU__Fauna/noun-0274__head-bear.png","visual audit of representative image for each of 258 head types"
"273","1699","B03-FLO","Flora & Fungi","head-saguaro","代表画像を目視確認した主要頭部モチーフ: saguaro","B03-FLO__Flora_&_Fungi/noun-0273__head-saguaro.png","visual audit of representative image for each of 258 head types"
"272","1700","B06-OBJ","Artifact & Architecture","head-pill","代表画像を目視確認した主要頭部モチーフ: pill","B06-OBJ__Artifact_&_Architecture/noun-0272__head-pill.png","visual audit of representative image for each of 258 head types"
"271","1701","B06-OBJ","Artifact & Architecture","head-mailbox","代表画像を目視確認した主要頭部モチーフ: mailbox","B06-OBJ__Artifact_&_Architecture/noun-0271__head-mailbox.png","visual audit of representative image for each of 258 head types"
"270","1702","B02-FAU","Fauna","head-flamingo","代表画像を目視確認した主要頭部モチーフ: flamingo","B02-FAU__Fauna/noun-0270__head-flamingo.png","visual audit of representative image for each of 258 head types"
"269","1703","B06-OBJ","Artifact & Architecture","head-calendar","代表画像を目視確認した主要頭部モチーフ: calendar","B06-OBJ__Artifact_&_Architecture/noun-0269__head-calendar.png","visual audit of representative image for each of 258 head types"
"268","1704","B06-OBJ","Artifact & Architecture","head-film-35mm","代表画像を目視確認した主要頭部モチーフ: film-35mm","B06-OBJ__Artifact_&_Architecture/noun-0268__head-film-35mm.png","visual audit of representative image for each of 258 head types"
"267","1705","B08-NAT","Nature & Element","head-sunset","代表画像を目視確認した主要頭部モチーフ: sunset","B08-NAT__Nature_&_Element/noun-0267__head-sunset.png","visual audit of representative image for each of 258 head types"
"266","1706","B09-ECH","Secret Echo","head-chart-bars","代表画像を目視確認した主要頭部モチーフ: chart-bars","B09-ECH__Secret_Echo/noun-0266__head-chart-bars.png","visual audit of representative image for each of 258 head types"
"265","1707","B08-NAT","Nature & Element","head-island","代表画像を目視確認した主要頭部モチーフ: island","B08-NAT__Nature_&_Element/noun-0265__head-island.png","visual audit of representative image for each of 258 head types"
"264","1708","B06-OBJ","Artifact & Architecture","head-toothbrush-fresh","代表画像を目視確認した主要頭部モチーフ: toothbrush-fresh","B06-OBJ__Artifact_&_Architecture/noun-0264__head-toothbrush-fresh.png","visual audit of representative image for each of 258 head types"
"263","1709","B02-FAU","Fauna","head-crab","代表画像を目視確認した主要頭部モチーフ: crab","B02-FAU__Fauna/noun-0263__head-crab.png","visual audit of representative image for each of 258 head types"
"262","1710","B02-FAU","Fauna","head-bat","代表画像を目視確認した主要頭部モチーフ: bat","B02-FAU__Fauna/noun-0262__head-bat.png","visual audit of representative image for each of 258 head types"
"261","1711","B05-MEC","Machine","head-plane","代表画像を目視確認した主要頭部モチーフ: plane","B05-MEC__Machine/noun-0261__head-plane.png","visual audit of representative image for each of 258 head types"
"260","1712","B04-CUL","Culinary","head-watermelon","代表画像を目視確認した主要頭部モチーフ: watermelon","B04-CUL__Culinary/noun-0260__head-watermelon.png","visual audit of representative image for each of 258 head types"
"259","1713","B04-CUL","Culinary","head-hotdog","代表画像を目視確認した主要頭部モチーフ: hotdog","B04-CUL__Culinary/noun-0259__head-hotdog.png","visual audit of representative image for each of 258 head types"
"258","1714","B04-CUL","Culinary","head-pineapple","代表画像を目視確認した主要頭部モチーフ: pineapple","B04-CUL__Culinary/noun-0258__head-pineapple.png","visual audit of representative image for each of 258 head types"
"257","1715","B05-MEC","Machine","head-chipboard","代表画像を目視確認した主要頭部モチーフ: chipboard","B05-MEC__Machine/noun-0257__head-chipboard.png","visual audit of representative image for each of 258 head types"
"256","1716","B02-FAU","Fauna","head-raven","代表画像を目視確認した主要頭部モチーフ: raven","B02-FAU__Fauna/noun-0256__head-raven.png","visual audit of representative image for each of 258 head types"
"255","1717","B06-OBJ","Artifact & Architecture","head-fence","代表画像を目視確認した主要頭部モチーフ: fence","B06-OBJ__Artifact_&_Architecture/noun-0255__head-fence.png","visual audit of representative image for each of 258 head types"
"254","1718","B05-MEC","Machine","head-taxi","代表画像を目視確認した主要頭部モチーフ: taxi","B05-MEC__Machine/noun-0254__head-taxi.png","visual audit of representative image for each of 258 head types"
"253","1719","B06-OBJ","Artifact & Architecture","head-crystalball","代表画像を目視確認した主要頭部モチーフ: crystalball","B06-OBJ__Artifact_&_Architecture/noun-0253__head-crystalball.png","visual audit of representative image for each of 258 head types"
"252","1720","B09-ECH","Secret Echo","head-abstract","代表画像を目視確認した主要頭部モチーフ: abstract","B09-ECH__Secret_Echo/noun-0252__head-abstract.png","visual audit of representative image for each of 258 head types"
"251","1721","B06-OBJ","Artifact & Architecture","head-bell","代表画像を目視確認した主要頭部モチーフ: bell","B06-OBJ__Artifact_&_Architecture/noun-0251__head-bell.png","visual audit of representative image for each of 258 head types"
"250","1722","B06-OBJ","Artifact & Architecture","head-pirateship","代表画像を目視確認した主要頭部モチーフ: pirateship","B06-OBJ__Artifact_&_Architecture/noun-0250__head-pirateship.png","visual audit of representative image for each of 258 head types"
"249","1723","B10-ANO","Secret Anomaly","head-ghost-B","代表画像を目視確認した主要頭部モチーフ: ghost-B","B10-ANO__Secret_Anomaly/noun-0249__head-ghost-B.png","visual audit of representative image for each of 258 head types"
"248","1724","B07-MAT","Material & Mineral","head-sponge","代表画像を目視確認した主要頭部モチーフ: sponge","B07-MAT__Material_&_Mineral/noun-0248__head-sponge.png","visual audit of representative image for each of 258 head types"
"247","1725","B06-OBJ","Artifact & Architecture","head-queencrown","代表画像を目視確認した主要頭部モチーフ: queencrown","B06-OBJ__Artifact_&_Architecture/noun-0247__head-queencrown.png","visual audit of representative image for each of 258 head types"
"246","1726","B06-OBJ","Artifact & Architecture","head-shower","代表画像を目視確認した主要頭部モチーフ: shower","B06-OBJ__Artifact_&_Architecture/noun-0246__head-shower.png","visual audit of representative image for each of 258 head types"
"245","1727","B04-CUL","Culinary","head-mug","代表画像を目視確認した主要頭部モチーフ: mug","B04-CUL__Culinary/noun-0245__head-mug.png","visual audit of representative image for each of 258 head types"
"244","1728","B02-FAU","Fauna","head-duck","代表画像を目視確認した主要頭部モチーフ: duck","B02-FAU__Fauna/noun-0244__head-duck.png","visual audit of representative image for each of 258 head types"
"243","1729","B06-OBJ","Artifact & Architecture","head-pillow","代表画像を目視確認した主要頭部モチーフ: pillow","B06-OBJ__Artifact_&_Architecture/noun-0243__head-pillow.png","visual audit of representative image for each of 258 head types"
"242","1730","B02-FAU","Fauna","head-kangaroo","代表画像を目視確認した主要頭部モチーフ: kangaroo","B02-FAU__Fauna/noun-0242__head-kangaroo.png","visual audit of representative image for each of 258 head types"
"241","1731","B05-MEC","Machine","head-chipboard","代表画像を目視確認した主要頭部モチーフ: chipboard","B05-MEC__Machine/noun-0241__head-chipboard.png","visual audit of representative image for each of 258 head types"
"240","1732","B05-MEC","Machine","head-ufo","代表画像を目視確認した主要頭部モチーフ: ufo","B05-MEC__Machine/noun-0240__head-ufo.png","visual audit of representative image for each of 258 head types"
"239","1733","B05-MEC","Machine","head-toaster","代表画像を目視確認した主要頭部モチーフ: toaster","B05-MEC__Machine/noun-0239__head-toaster.png","visual audit of representative image for each of 258 head types"
"238","1734","B04-CUL","Culinary","head-porkbao","代表画像を目視確認した主要頭部モチーフ: porkbao","B04-CUL__Culinary/noun-0238__head-porkbao.png","visual audit of representative image for each of 258 head types"
"237","1735","B06-OBJ","Artifact & Architecture","head-trashcan","代表画像を目視確認した主要頭部モチーフ: trashcan","B06-OBJ__Artifact_&_Architecture/noun-0237__head-trashcan.png","visual audit of representative image for each of 258 head types"
"236","1736","B03-FLO","Flora & Fungi","head-rosebud","代表画像を目視確認した主要頭部モチーフ: rosebud","B03-FLO__Flora_&_Fungi/noun-0236__head-rosebud.png","visual audit of representative image for each of 258 head types"
"235","1737","B06-OBJ","Artifact & Architecture","head-fence","代表画像を目視確認した主要頭部モチーフ: fence","B06-OBJ__Artifact_&_Architecture/noun-0235__head-fence.png","visual audit of representative image for each of 258 head types"
"234","1738","B04-CUL","Culinary","head-egg","代表画像を目視確認した主要頭部モチーフ: egg","B04-CUL__Culinary/noun-0234__head-egg.png","visual audit of representative image for each of 258 head types"
"233","1739","B06-OBJ","Artifact & Architecture","head-clutch","代表画像を目視確認した主要頭部モチーフ: clutch","B06-OBJ__Artifact_&_Architecture/noun-0233__head-clutch.png","visual audit of representative image for each of 258 head types"
"232","1740","B06-OBJ","Artifact & Architecture","head-glasses-big","代表画像を目視確認した主要頭部モチーフ: glasses-big","B06-OBJ__Artifact_&_Architecture/noun-0232__head-glasses-big.png","visual audit of representative image for each of 258 head types"
"231","1741","B05-MEC","Machine","head-cordlessphone","代表画像を目視確認した主要頭部モチーフ: cordlessphone","B05-MEC__Machine/noun-0231__head-cordlessphone.png","visual audit of representative image for each of 258 head types"
"230","1742","B05-MEC","Machine","head-robot","代表画像を目視確認した主要頭部モチーフ: robot","B05-MEC__Machine/noun-0230__head-robot.png","visual audit of representative image for each of 258 head types"
"229","1743","B04-CUL","Culinary","head-egg","代表画像を目視確認した主要頭部モチーフ: egg","B04-CUL__Culinary/noun-0229__head-egg.png","visual audit of representative image for each of 258 head types"
"228","1744","B03-FLO","Flora & Fungi","head-peyote","代表画像を目視確認した主要頭部モチーフ: peyote","B03-FLO__Flora_&_Fungi/noun-0228__head-peyote.png","visual audit of representative image for each of 258 head types"
"227","1745","B02-FAU","Fauna","head-goldfish","代表画像を目視確認した主要頭部モチーフ: goldfish","B02-FAU__Fauna/noun-0227__head-goldfish.png","visual audit of representative image for each of 258 head types"
"226","1746","B02-FAU","Fauna","head-unicorn","代表画像を目視確認した主要頭部モチーフ: unicorn","B02-FAU__Fauna/noun-0226__head-unicorn.png","visual audit of representative image for each of 258 head types"
"225","1747","B02-FAU","Fauna","head-grouper","代表画像を目視確認した主要頭部モチーフ: grouper","B02-FAU__Fauna/noun-0225__head-grouper.png","visual audit of representative image for each of 258 head types"
"224","1748","B04-CUL","Culinary","head-beer","代表画像を目視確認した主要頭部モチーフ: beer","B04-CUL__Culinary/noun-0224__head-beer.png","visual audit of representative image for each of 258 head types"
"223","1749","B04-CUL","Culinary","head-pineapple","代表画像を目視確認した主要頭部モチーフ: pineapple","B04-CUL__Culinary/noun-0223__head-pineapple.png","visual audit of representative image for each of 258 head types"
"222","1750","B02-FAU","Fauna","head-dino","代表画像を目視確認した主要頭部モチーフ: dino","B02-FAU__Fauna/noun-0222__head-dino.png","visual audit of representative image for each of 258 head types"
"221","1751","B04-CUL","Culinary","head-cheese","代表画像を目視確認した主要頭部モチーフ: cheese","B04-CUL__Culinary/noun-0221__head-cheese.png","visual audit of representative image for each of 258 head types"
"220","1752","B03-FLO","Flora & Fungi","head-weed","代表画像を目視確認した主要頭部モチーフ: weed","B03-FLO__Flora_&_Fungi/noun-0220__head-weed.png","visual audit of representative image for each of 258 head types"
"219","1753","B04-CUL","Culinary","head-macaroni","代表画像を目視確認した主要頭部モチーフ: macaroni","B04-CUL__Culinary/noun-0219__head-macaroni.png","visual audit of representative image for each of 258 head types"
"218","1754","B04-CUL","Culinary","head-onion","代表画像を目視確認した主要頭部モチーフ: onion","B04-CUL__Culinary/noun-0218__head-onion.png","visual audit of representative image for each of 258 head types"
"217","1755","B02-FAU","Fauna","head-panda","代表画像を目視確認した主要頭部モチーフ: panda","B02-FAU__Fauna/noun-0217__head-panda.png","visual audit of representative image for each of 258 head types"
"216","1756","B08-NAT","Nature & Element","head-island","代表画像を目視確認した主要頭部モチーフ: island","B08-NAT__Nature_&_Element/noun-0216__head-island.png","visual audit of representative image for each of 258 head types"
"215","1757","B02-FAU","Fauna","head-moose","代表画像を目視確認した主要頭部モチーフ: moose","B02-FAU__Fauna/noun-0215__head-moose.png","visual audit of representative image for each of 258 head types"
"214","1758","B05-MEC","Machine","head-bomb","代表画像を目視確認した主要頭部モチーフ: bomb","B05-MEC__Machine/noun-0214__head-bomb.png","visual audit of representative image for each of 258 head types"
"213","1759","B02-FAU","Fauna","head-owl","代表画像を目視確認した主要頭部モチーフ: owl","B02-FAU__Fauna/noun-0213__head-owl.png","visual audit of representative image for each of 258 head types"
"212","1760","B06-OBJ","Artifact & Architecture","head-boot","代表画像を目視確認した主要頭部モチーフ: boot","B06-OBJ__Artifact_&_Architecture/noun-0212__head-boot.png","visual audit of representative image for each of 258 head types"
"211","1761","B02-FAU","Fauna","head-bigfoot-yeti","代表画像を目視確認した主要頭部モチーフ: bigfoot-yeti","B02-FAU__Fauna/noun-0211__head-bigfoot-yeti.png","visual audit of representative image for each of 258 head types"
"210","1762","B08-NAT","Nature & Element","head-wave","代表画像を目視確認した主要頭部モチーフ: wave","B08-NAT__Nature_&_Element/noun-0210__head-wave.png","visual audit of representative image for each of 258 head types"
"209","1763","B09-ECH","Secret Echo","head-void","代表画像を目視確認した主要頭部モチーフ: void","B09-ECH__Secret_Echo/noun-0209__head-void.png","visual audit of representative image for each of 258 head types"
"208","1764","B02-FAU","Fauna","head-werewolf","代表画像を目視確認した主要頭部モチーフ: werewolf","B02-FAU__Fauna/noun-0208__head-werewolf.png","visual audit of representative image for each of 258 head types"
"207","1765","B04-CUL","Culinary","head-watermelon","代表画像を目視確認した主要頭部モチーフ: watermelon","B04-CUL__Culinary/noun-0207__head-watermelon.png","visual audit of representative image for each of 258 head types"
"206","1766","B05-MEC","Machine","head-turing","代表画像を目視確認した主要頭部モチーフ: turing","B05-MEC__Machine/noun-0206__head-turing.png","visual audit of representative image for each of 258 head types"
"205","1767","B05-MEC","Machine","head-ufo","代表画像を目視確認した主要頭部モチーフ: ufo","B05-MEC__Machine/noun-0205__head-ufo.png","visual audit of representative image for each of 258 head types"
"204","1768","B06-OBJ","Artifact & Architecture","head-boot","代表画像を目視確認した主要頭部モチーフ: boot","B06-OBJ__Artifact_&_Architecture/noun-0204__head-boot.png","visual audit of representative image for each of 258 head types"
"203","1769","B06-OBJ","Artifact & Architecture","head-wallet","代表画像を目視確認した主要頭部モチーフ: wallet","B06-OBJ__Artifact_&_Architecture/noun-0203__head-wallet.png","visual audit of representative image for each of 258 head types"
"202","1770","B02-FAU","Fauna","head-moose","代表画像を目視確認した主要頭部モチーフ: moose","B02-FAU__Fauna/noun-0202__head-moose.png","visual audit of representative image for each of 258 head types"
"201","1771","B06-OBJ","Artifact & Architecture","head-film-strip","代表画像を目視確認した主要頭部モチーフ: film-strip","B06-OBJ__Artifact_&_Architecture/noun-0201__head-film-strip.png","visual audit of representative image for each of 258 head types"
"200","1772","B02-FAU","Fauna","head-crab","代表画像を目視確認した主要頭部モチーフ: crab","B02-FAU__Fauna/noun-0200__head-crab.png","visual audit of representative image for each of 258 head types"
"199","1773","B02-FAU","Fauna","head-mouse","代表画像を目視確認した主要頭部モチーフ: mouse","B02-FAU__Fauna/noun-0199__head-mouse.png","visual audit of representative image for each of 258 head types"
"198","1774","B06-OBJ","Artifact & Architecture","head-clutch","代表画像を目視確認した主要頭部モチーフ: clutch","B06-OBJ__Artifact_&_Architecture/noun-0198__head-clutch.png","visual audit of representative image for each of 258 head types"
"197","1775","B02-FAU","Fauna","head-raven","代表画像を目視確認した主要頭部モチーフ: raven","B02-FAU__Fauna/noun-0197__head-raven.png","visual audit of representative image for each of 258 head types"
"196","1776","B02-FAU","Fauna","head-otter","代表画像を目視確認した主要頭部モチーフ: otter","B02-FAU__Fauna/noun-0196__head-otter.png","visual audit of representative image for each of 258 head types"
"195","1777","B06-OBJ","Artifact & Architecture","head-firehydrant","代表画像を目視確認した主要頭部モチーフ: firehydrant","B06-OBJ__Artifact_&_Architecture/noun-0195__head-firehydrant.png","visual audit of representative image for each of 258 head types"
"194","1778","B04-CUL","Culinary","head-cake","代表画像を目視確認した主要頭部モチーフ: cake","B04-CUL__Culinary/noun-0194__head-cake.png","visual audit of representative image for each of 258 head types"
"193","1779","B07-MAT","Material & Mineral","head-rock","代表画像を目視確認した主要頭部モチーフ: rock","B07-MAT__Material_&_Mineral/noun-0193__head-rock.png","visual audit of representative image for each of 258 head types"
"192","1780","B06-OBJ","Artifact & Architecture","head-shower","代表画像を目視確認した主要頭部モチーフ: shower","B06-OBJ__Artifact_&_Architecture/noun-0192__head-shower.png","visual audit of representative image for each of 258 head types"
"191","1781","B06-OBJ","Artifact & Architecture","head-piggybank","代表画像を目視確認した主要頭部モチーフ: piggybank","B06-OBJ__Artifact_&_Architecture/noun-0191__head-piggybank.png","visual audit of representative image for each of 258 head types"
"190","1782","B03-FLO","Flora & Fungi","head-bonsai","代表画像を目視確認した主要頭部モチーフ: bonsai","B03-FLO__Flora_&_Fungi/noun-0190__head-bonsai.png","visual audit of representative image for each of 258 head types"
"189","1783","B05-MEC","Machine","head-skateboard","代表画像を目視確認した主要頭部モチーフ: skateboard","B05-MEC__Machine/noun-0189__head-skateboard.png","visual audit of representative image for each of 258 head types"
"188","1784","B06-OBJ","Artifact & Architecture","head-wall","代表画像を目視確認した主要頭部モチーフ: wall","B06-OBJ__Artifact_&_Architecture/noun-0188__head-wall.png","visual audit of representative image for each of 258 head types"
"187","1785","B02-FAU","Fauna","head-rabbit","代表画像を目視確認した主要頭部モチーフ: rabbit","B02-FAU__Fauna/noun-0187__head-rabbit.png","visual audit of representative image for each of 258 head types"
"186","1786","B06-OBJ","Artifact & Architecture","head-queencrown","代表画像を目視確認した主要頭部モチーフ: queencrown","B06-OBJ__Artifact_&_Architecture/noun-0186__head-queencrown.png","visual audit of representative image for each of 258 head types"
"185","1787","B02-FAU","Fauna","head-bat","代表画像を目視確認した主要頭部モチーフ: bat","B02-FAU__Fauna/noun-0185__head-bat.png","visual audit of representative image for each of 258 head types"
"184","1788","B02-FAU","Fauna","head-bigfoot-yeti","代表画像を目視確認した主要頭部モチーフ: bigfoot-yeti","B02-FAU__Fauna/noun-0184__head-bigfoot-yeti.png","visual audit of representative image for each of 258 head types"
"183","1789","B02-FAU","Fauna","head-dino","代表画像を目視確認した主要頭部モチーフ: dino","B02-FAU__Fauna/noun-0183__head-dino.png","visual audit of representative image for each of 258 head types"
"182","1790","B08-NAT","Nature & Element","head-blackhole","代表画像を目視確認した主要頭部モチーフ: blackhole","B08-NAT__Nature_&_Element/noun-0182__head-blackhole.png","visual audit of representative image for each of 258 head types"
"181","1791","B02-FAU","Fauna","head-bigfoot","代表画像を目視確認した主要頭部モチーフ: bigfoot","B02-FAU__Fauna/noun-0181__head-bigfoot.png","visual audit of representative image for each of 258 head types"
"180","1792","B09-ECH","Secret Echo","head-dna","代表画像を目視確認した主要頭部モチーフ: dna","B09-ECH__Secret_Echo/noun-0180__head-dna.png","visual audit of representative image for each of 258 head types"
"179","1793","B04-CUL","Culinary","head-beer","代表画像を目視確認した主要頭部モチーフ: beer","B04-CUL__Culinary/noun-0179__head-beer.png","visual audit of representative image for each of 258 head types"
"178","1794","B04-CUL","Culinary","head-hotdog","代表画像を目視確認した主要頭部モチーフ: hotdog","B04-CUL__Culinary/noun-0178__head-hotdog.png","visual audit of representative image for each of 258 head types"
"177","1795","B02-FAU","Fauna","head-cat","代表画像を目視確認した主要頭部モチーフ: cat","B02-FAU__Fauna/noun-0177__head-cat.png","visual audit of representative image for each of 258 head types"
"176","1796","B06-OBJ","Artifact & Architecture","head-retainer","代表画像を目視確認した主要頭部モチーフ: retainer","B06-OBJ__Artifact_&_Architecture/noun-0176__head-retainer.png","visual audit of representative image for each of 258 head types"
"175","1797","B02-FAU","Fauna","head-orca","代表画像を目視確認した主要頭部モチーフ: orca","B02-FAU__Fauna/noun-0175__head-orca.png","visual audit of representative image for each of 258 head types"
"174","1798","B08-NAT","Nature & Element","head-moon","代表画像を目視確認した主要頭部モチーフ: moon","B08-NAT__Nature_&_Element/noun-0174__head-moon.png","visual audit of representative image for each of 258 head types"
"173","1799","B05-MEC","Machine","head-washingmachine","代表画像を目視確認した主要頭部モチーフ: washingmachine","B05-MEC__Machine/noun-0173__head-washingmachine.png","visual audit of representative image for each of 258 head types"
"172","1800","B06-OBJ","Artifact & Architecture","head-cassettetape","代表画像を目視確認した主要頭部モチーフ: cassettetape","B06-OBJ__Artifact_&_Architecture/noun-0172__head-cassettetape.png","visual audit of representative image for each of 258 head types"
"171","1801","B06-OBJ","Artifact & Architecture","head-pipe","代表画像を目視確認した主要頭部モチーフ: pipe","B06-OBJ__Artifact_&_Architecture/noun-0171__head-pipe.png","visual audit of representative image for each of 258 head types"
"170","1802","B09-ECH","Secret Echo","head-dna","代表画像を目視確認した主要頭部モチーフ: dna","B09-ECH__Secret_Echo/noun-0170__head-dna.png","visual audit of representative image for each of 258 head types"
"169","1803","B06-OBJ","Artifact & Architecture","head-hockeypuck","代表画像を目視確認した主要頭部モチーフ: hockeypuck","B06-OBJ__Artifact_&_Architecture/noun-0169__head-hockeypuck.png","visual audit of representative image for each of 258 head types"
"168","1804","B08-NAT","Nature & Element","head-rainbow","代表画像を目視確認した主要頭部モチーフ: rainbow","B08-NAT__Nature_&_Element/noun-0168__head-rainbow.png","visual audit of representative image for each of 258 head types"
"167","1805","B02-FAU","Fauna","head-whale","代表画像を目視確認した主要頭部モチーフ: whale","B02-FAU__Fauna/noun-0167__head-whale.png","visual audit of representative image for each of 258 head types"
"166","1806","B10-ANO","Secret Anomaly","head-undead","代表画像を目視確認した主要頭部モチーフ: undead","B10-ANO__Secret_Anomaly/noun-0166__head-undead.png","visual audit of representative image for each of 258 head types"
"165","1807","B05-MEC","Machine","head-snowmobile","代表画像を目視確認した主要頭部モチーフ: snowmobile","B05-MEC__Machine/noun-0165__head-snowmobile.png","visual audit of representative image for each of 258 head types"
"164","1808","B06-OBJ","Artifact & Architecture","head-pirateship","代表画像を目視確認した主要頭部モチーフ: pirateship","B06-OBJ__Artifact_&_Architecture/noun-0164__head-pirateship.png","visual audit of representative image for each of 258 head types"
"163","1809","B05-MEC","Machine","head-ufo","代表画像を目視確認した主要頭部モチーフ: ufo","B05-MEC__Machine/noun-0163__head-ufo.png","visual audit of representative image for each of 258 head types"
"162","1810","B08-NAT","Nature & Element","head-sunset","代表画像を目視確認した主要頭部モチーフ: sunset","B08-NAT__Nature_&_Element/noun-0162__head-sunset.png","visual audit of representative image for each of 258 head types"
"161","1811","B04-CUL","Culinary","head-onion","代表画像を目視確認した主要頭部モチーフ: onion","B04-CUL__Culinary/noun-0161__head-onion.png","visual audit of representative image for each of 258 head types"
"160","1812","B08-NAT","Nature & Element","head-star-sparkles","代表画像を目視確認した主要頭部モチーフ: star-sparkles","B08-NAT__Nature_&_Element/noun-0160__head-star-sparkles.png","visual audit of representative image for each of 258 head types"
"159","1813","B02-FAU","Fauna","head-horse-deepfried","代表画像を目視確認した主要頭部モチーフ: horse-deepfried","B02-FAU__Fauna/noun-0159__head-horse-deepfried.png","visual audit of representative image for each of 258 head types"
"158","1814","B08-NAT","Nature & Element","head-lightning-bolt","代表画像を目視確認した主要頭部モチーフ: lightning-bolt","B08-NAT__Nature_&_Element/noun-0158__head-lightning-bolt.png","visual audit of representative image for each of 258 head types"
"157","1815","B06-OBJ","Artifact & Architecture","head-saw","代表画像を目視確認した主要頭部モチーフ: saw","B06-OBJ__Artifact_&_Architecture/noun-0157__head-saw.png","visual audit of representative image for each of 258 head types"
"156","1816","B05-MEC","Machine","head-chipboard","代表画像を目視確認した主要頭部モチーフ: chipboard","B05-MEC__Machine/noun-0156__head-chipboard.png","visual audit of representative image for each of 258 head types"
"155","1817","B04-CUL","Culinary","head-ketchup","代表画像を目視確認した主要頭部モチーフ: ketchup","B04-CUL__Culinary/noun-0155__head-ketchup.png","visual audit of representative image for each of 258 head types"
"154","1818","B06-OBJ","Artifact & Architecture","head-cd","代表画像を目視確認した主要頭部モチーフ: cd","B06-OBJ__Artifact_&_Architecture/noun-0154__head-cd.png","visual audit of representative image for each of 258 head types"
"153","1819","B06-OBJ","Artifact & Architecture","head-toiletpaper-full","代表画像を目視確認した主要頭部モチーフ: toiletpaper-full","B06-OBJ__Artifact_&_Architecture/noun-0153__head-toiletpaper-full.png","visual audit of representative image for each of 258 head types"
"152","1820","B04-CUL","Culinary","head-cookie","代表画像を目視確認した主要頭部モチーフ: cookie","B04-CUL__Culinary/noun-0152__head-cookie.png","visual audit of representative image for each of 258 head types"
"151","1821","B06-OBJ","Artifact & Architecture","head-watch","代表画像を目視確認した主要頭部モチーフ: watch","B06-OBJ__Artifact_&_Architecture/noun-0151__head-watch.png","visual audit of representative image for each of 258 head types"
"150","1822","B04-CUL","Culinary","head-taco-classic","代表画像を目視確認した主要頭部モチーフ: taco-classic","B04-CUL__Culinary/noun-0150__head-taco-classic.png","visual audit of representative image for each of 258 head types"
"149","1823","B02-FAU","Fauna","head-chicken","代表画像を目視確認した主要頭部モチーフ: chicken","B02-FAU__Fauna/noun-0149__head-chicken.png","visual audit of representative image for each of 258 head types"
"148","1824","B04-CUL","Culinary","head-porkbao","代表画像を目視確認した主要頭部モチーフ: porkbao","B04-CUL__Culinary/noun-0148__head-porkbao.png","visual audit of representative image for each of 258 head types"
"147","1825","B06-OBJ","Artifact & Architecture","head-pyramid","代表画像を目視確認した主要頭部モチーフ: pyramid","B06-OBJ__Artifact_&_Architecture/noun-0147__head-pyramid.png","visual audit of representative image for each of 258 head types"
"146","1826","B02-FAU","Fauna","head-squid","代表画像を目視確認した主要頭部モチーフ: squid","B02-FAU__Fauna/noun-0146__head-squid.png","visual audit of representative image for each of 258 head types"
"145","1827","B05-MEC","Machine","head-taxi","代表画像を目視確認した主要頭部モチーフ: taxi","B05-MEC__Machine/noun-0145__head-taxi.png","visual audit of representative image for each of 258 head types"
"144","1828","B05-MEC","Machine","head-cash-register","代表画像を目視確認した主要頭部モチーフ: cash-register","B05-MEC__Machine/noun-0144__head-cash-register.png","visual audit of representative image for each of 258 head types"
"143","1829","B06-OBJ","Artifact & Architecture","head-saw","代表画像を目視確認した主要頭部モチーフ: saw","B06-OBJ__Artifact_&_Architecture/noun-0143__head-saw.png","visual audit of representative image for each of 258 head types"
"142","1830","B04-CUL","Culinary","head-cannedham","代表画像を目視確認した主要頭部モチーフ: cannedham","B04-CUL__Culinary/noun-0142__head-cannedham.png","visual audit of representative image for each of 258 head types"
"141","1831","B02-FAU","Fauna","head-duck","代表画像を目視確認した主要頭部モチーフ: duck","B02-FAU__Fauna/noun-0141__head-duck.png","visual audit of representative image for each of 258 head types"
"140","1832","B04-CUL","Culinary","head-milk","代表画像を目視確認した主要頭部モチーフ: milk","B04-CUL__Culinary/noun-0140__head-milk.png","visual audit of representative image for each of 258 head types"
"139","1833","B06-OBJ","Artifact & Architecture","head-lock","代表画像を目視確認した主要頭部モチーフ: lock","B06-OBJ__Artifact_&_Architecture/noun-0139__head-lock.png","visual audit of representative image for each of 258 head types"
"138","1834","B05-MEC","Machine","head-cash-register","代表画像を目視確認した主要頭部モチーフ: cash-register","B05-MEC__Machine/noun-0138__head-cash-register.png","visual audit of representative image for each of 258 head types"
"137","1835","B06-OBJ","Artifact & Architecture","head-watch","代表画像を目視確認した主要頭部モチーフ: watch","B06-OBJ__Artifact_&_Architecture/noun-0137__head-watch.png","visual audit of representative image for each of 258 head types"
"136","1836","B06-OBJ","Artifact & Architecture","head-bank","代表画像を目視確認した主要頭部モチーフ: bank","B06-OBJ__Artifact_&_Architecture/noun-0136__head-bank.png","visual audit of representative image for each of 258 head types"
"135","1837","B06-OBJ","Artifact & Architecture","head-boxingglove","代表画像を目視確認した主要頭部モチーフ: boxingglove","B06-OBJ__Artifact_&_Architecture/noun-0135__head-boxingglove.png","visual audit of representative image for each of 258 head types"
"134","1838","B06-OBJ","Artifact & Architecture","head-vent","代表画像を目視確認した主要頭部モチーフ: vent","B06-OBJ__Artifact_&_Architecture/noun-0134__head-vent.png","visual audit of representative image for each of 258 head types"
"133","1839","B08-NAT","Nature & Element","head-tornado","代表画像を目視確認した主要頭部モチーフ: tornado","B08-NAT__Nature_&_Element/noun-0133__head-tornado.png","visual audit of representative image for each of 258 head types"
"132","1840","B09-ECH","Secret Echo","head-maze","代表画像を目視確認した主要頭部モチーフ: maze","B09-ECH__Secret_Echo/noun-0132__head-maze.png","visual audit of representative image for each of 258 head types"
"131","1841","B06-OBJ","Artifact & Architecture","head-snowglobe","代表画像を目視確認した主要頭部モチーフ: snowglobe","B06-OBJ__Artifact_&_Architecture/noun-0131__head-snowglobe.png","visual audit of representative image for each of 258 head types"
"130","1842","B05-MEC","Machine","head-fan","代表画像を目視確認した主要頭部モチーフ: fan","B05-MEC__Machine/noun-0130__head-fan.png","visual audit of representative image for each of 258 head types"
"129","1843","B06-OBJ","Artifact & Architecture","head-cassettetape","代表画像を目視確認した主要頭部モチーフ: cassettetape","B06-OBJ__Artifact_&_Architecture/noun-0129__head-cassettetape.png","visual audit of representative image for each of 258 head types"
"128","1844","B06-OBJ","Artifact & Architecture","head-paintbrush","代表画像を目視確認した主要頭部モチーフ: paintbrush","B06-OBJ__Artifact_&_Architecture/noun-0128__head-paintbrush.png","visual audit of representative image for each of 258 head types"
"127","1845","B04-CUL","Culinary","head-wine","代表画像を目視確認した主要頭部モチーフ: wine","B04-CUL__Culinary/noun-0127__head-wine.png","visual audit of representative image for each of 258 head types"
"126","1846","B06-OBJ","Artifact & Architecture","head-ruler-triangular","代表画像を目視確認した主要頭部モチーフ: ruler-triangular","B06-OBJ__Artifact_&_Architecture/noun-0126__head-ruler-triangular.png","visual audit of representative image for each of 258 head types"
"125","1847","B04-CUL","Culinary","head-potato","代表画像を目視確認した主要頭部モチーフ: potato","B04-CUL__Culinary/noun-0125__head-potato.png","visual audit of representative image for each of 258 head types"
"124","1848","B08-NAT","Nature & Element","head-earth","代表画像を目視確認した主要頭部モチーフ: earth","B08-NAT__Nature_&_Element/noun-0124__head-earth.png","visual audit of representative image for each of 258 head types"
"123","1849","B05-MEC","Machine","head-crt-bsod","代表画像を目視確認した主要頭部モチーフ: crt-bsod","B05-MEC__Machine/noun-0123__head-crt-bsod.png","visual audit of representative image for each of 258 head types"
"122","1850","B06-OBJ","Artifact & Architecture","head-gavel","代表画像を目視確認した主要頭部モチーフ: gavel","B06-OBJ__Artifact_&_Architecture/noun-0122__head-gavel.png","visual audit of representative image for each of 258 head types"
"121","1851","B02-FAU","Fauna","head-scorpion","代表画像を目視確認した主要頭部モチーフ: scorpion","B02-FAU__Fauna/noun-0121__head-scorpion.png","visual audit of representative image for each of 258 head types"
"120","1852","B04-CUL","Culinary","head-cannedham","代表画像を目視確認した主要頭部モチーフ: cannedham","B04-CUL__Culinary/noun-0120__head-cannedham.png","visual audit of representative image for each of 258 head types"
"119","1853","B02-FAU","Fauna","head-ape","代表画像を目視確認した主要頭部モチーフ: ape","B02-FAU__Fauna/noun-0119__head-ape.png","visual audit of representative image for each of 258 head types"
"118","1854","B05-MEC","Machine","head-skilift","代表画像を目視確認した主要頭部モチーフ: skilift","B05-MEC__Machine/noun-0118__head-skilift.png","visual audit of representative image for each of 258 head types"
"117","1855","B02-FAU","Fauna","head-chameleon","代表画像を目視確認した主要頭部モチーフ: chameleon","B02-FAU__Fauna/noun-0117__head-chameleon.png","visual audit of representative image for each of 258 head types"
"116","1856","B02-FAU","Fauna","head-goat","代表画像を目視確認した主要頭部モチーフ: goat","B02-FAU__Fauna/noun-0116__head-goat.png","visual audit of representative image for each of 258 head types"
"115","1857","B06-OBJ","Artifact & Architecture","head-crystalball","代表画像を目視確認した主要頭部モチーフ: crystalball","B06-OBJ__Artifact_&_Architecture/noun-0115__head-crystalball.png","visual audit of representative image for each of 258 head types"
"114","1858","B06-OBJ","Artifact & Architecture","head-outlet","代表画像を目視確認した主要頭部モチーフ: outlet","B06-OBJ__Artifact_&_Architecture/noun-0114__head-outlet.png","visual audit of representative image for each of 258 head types"
"113","1859","B02-FAU","Fauna","head-duck","代表画像を目視確認した主要頭部モチーフ: duck","B02-FAU__Fauna/noun-0113__head-duck.png","visual audit of representative image for each of 258 head types"
"112","1860","B08-NAT","Nature & Element","head-earth","代表画像を目視確認した主要頭部モチーフ: earth","B08-NAT__Nature_&_Element/noun-0112__head-earth.png","visual audit of representative image for each of 258 head types"
"111","1861","B06-OBJ","Artifact & Architecture","head-retainer","代表画像を目視確認した主要頭部モチーフ: retainer","B06-OBJ__Artifact_&_Architecture/noun-0111__head-retainer.png","visual audit of representative image for each of 258 head types"
"110","1862","B04-CUL","Culinary","head-noodles","代表画像を目視確認した主要頭部モチーフ: noodles","B04-CUL__Culinary/noun-0110__head-noodles.png","visual audit of representative image for each of 258 head types"
"109","1863","B06-OBJ","Artifact & Architecture","head-stapler","代表画像を目視確認した主要頭部モチーフ: stapler","B06-OBJ__Artifact_&_Architecture/noun-0109__head-stapler.png","visual audit of representative image for each of 258 head types"
"108","1864","B04-CUL","Culinary","head-cookie","代表画像を目視確認した主要頭部モチーフ: cookie","B04-CUL__Culinary/noun-0108__head-cookie.png","visual audit of representative image for each of 258 head types"
"107","1865","B06-OBJ","Artifact & Architecture","head-cd","代表画像を目視確認した主要頭部モチーフ: cd","B06-OBJ__Artifact_&_Architecture/noun-0107__head-cd.png","visual audit of representative image for each of 258 head types"
"106","1866","B02-FAU","Fauna","head-whale","代表画像を目視確認した主要頭部モチーフ: whale","B02-FAU__Fauna/noun-0106__head-whale.png","visual audit of representative image for each of 258 head types"
"105","1867","B02-FAU","Fauna","head-moose","代表画像を目視確認した主要頭部モチーフ: moose","B02-FAU__Fauna/noun-0105__head-moose.png","visual audit of representative image for each of 258 head types"
"104","1868","B06-OBJ","Artifact & Architecture","head-weight","代表画像を目視確認した主要頭部モチーフ: weight","B06-OBJ__Artifact_&_Architecture/noun-0104__head-weight.png","visual audit of representative image for each of 258 head types"
"103","1869","B02-FAU","Fauna","head-jellyfish","代表画像を目視確認した主要頭部モチーフ: jellyfish","B02-FAU__Fauna/noun-0103__head-jellyfish.png","visual audit of representative image for each of 258 head types"
"102","1870","B02-FAU","Fauna","head-grouper","代表画像を目視確認した主要頭部モチーフ: grouper","B02-FAU__Fauna/noun-0102__head-grouper.png","visual audit of representative image for each of 258 head types"
"101","1871","B04-CUL","Culinary","head-burger-dollarmenu","代表画像を目視確認した主要頭部モチーフ: burger-dollarmenu","B04-CUL__Culinary/noun-0101__head-burger-dollarmenu.png","visual audit of representative image for each of 258 head types"
"100","1872","B02-FAU","Fauna","head-cow","代表画像を目視確認した主要頭部モチーフ: cow","B02-FAU__Fauna/noun-0100__head-cow.png","visual audit of representative image for each of 258 head types"
"99","1873","B02-FAU","Fauna","head-cat","代表画像を目視確認した主要頭部モチーフ: cat","B02-FAU__Fauna/noun-0099__head-cat.png","visual audit of representative image for each of 258 head types"
"98","1874","B02-FAU","Fauna","head-whale-alive","代表画像を目視確認した主要頭部モチーフ: whale-alive","B02-FAU__Fauna/noun-0098__head-whale-alive.png","visual audit of representative image for each of 258 head types"
"97","1875","B02-FAU","Fauna","head-dino","代表画像を目視確認した主要頭部モチーフ: dino","B02-FAU__Fauna/noun-0097__head-dino.png","visual audit of representative image for each of 258 head types"
"96","1876","B02-FAU","Fauna","head-oyster","代表画像を目視確認した主要頭部モチーフ: oyster","B02-FAU__Fauna/noun-0096__head-oyster.png","visual audit of representative image for each of 258 head types"
"95","1877","B06-OBJ","Artifact & Architecture","head-house","代表画像を目視確認した主要頭部モチーフ: house","B06-OBJ__Artifact_&_Architecture/noun-0095__head-house.png","visual audit of representative image for each of 258 head types"
"94","1878","B03-FLO","Flora & Fungi","head-weed","代表画像を目視確認した主要頭部モチーフ: weed","B03-FLO__Flora_&_Fungi/noun-0094__head-weed.png","visual audit of representative image for each of 258 head types"
"93","1879","B06-OBJ","Artifact & Architecture","head-toiletpaper-full","代表画像を目視確認した主要頭部モチーフ: toiletpaper-full","B06-OBJ__Artifact_&_Architecture/noun-0093__head-toiletpaper-full.png","visual audit of representative image for each of 258 head types"
"92","1880","B02-FAU","Fauna","head-whale","代表画像を目視確認した主要頭部モチーフ: whale","B02-FAU__Fauna/noun-0092__head-whale.png","visual audit of representative image for each of 258 head types"
"91","1881","B06-OBJ","Artifact & Architecture","head-film-strip","代表画像を目視確認した主要頭部モチーフ: film-strip","B06-OBJ__Artifact_&_Architecture/noun-0091__head-film-strip.png","visual audit of representative image for each of 258 head types"
"90","1882","B08-NAT","Nature & Element","head-volcano","代表画像を目視確認した主要頭部モチーフ: volcano","B08-NAT__Nature_&_Element/noun-0090__head-volcano.png","visual audit of representative image for each of 258 head types"
"89","1883","B05-MEC","Machine","head-console-handheld","代表画像を目視確認した主要頭部モチーフ: console-handheld","B05-MEC__Machine/noun-0089__head-console-handheld.png","visual audit of representative image for each of 258 head types"
"88","1884","B04-CUL","Culinary","head-porkbao","代表画像を目視確認した主要頭部モチーフ: porkbao","B04-CUL__Culinary/noun-0088__head-porkbao.png","visual audit of representative image for each of 258 head types"
"87","1885","B05-MEC","Machine","head-mixer","代表画像を目視確認した主要頭部モチーフ: mixer","B05-MEC__Machine/noun-0087__head-mixer.png","visual audit of representative image for each of 258 head types"
"86","1886","B02-FAU","Fauna","head-pufferfish","代表画像を目視確認した主要頭部モチーフ: pufferfish","B02-FAU__Fauna/noun-0086__head-pufferfish.png","visual audit of representative image for each of 258 head types"
"85","1887","B02-FAU","Fauna","head-unicorn","代表画像を目視確認した主要頭部モチーフ: unicorn","B02-FAU__Fauna/noun-0085__head-unicorn.png","visual audit of representative image for each of 258 head types"
"84","1888","B04-CUL","Culinary","head-hotdog","代表画像を目視確認した主要頭部モチーフ: hotdog","B04-CUL__Culinary/noun-0084__head-hotdog.png","visual audit of representative image for each of 258 head types"
"83","1889","B05-MEC","Machine","head-toaster","代表画像を目視確認した主要頭部モチーフ: toaster","B05-MEC__Machine/noun-0083__head-toaster.png","visual audit of representative image for each of 258 head types"
"82","1890","B08-NAT","Nature & Element","head-lightning-bolt","代表画像を目視確認した主要頭部モチーフ: lightning-bolt","B08-NAT__Nature_&_Element/noun-0082__head-lightning-bolt.png","visual audit of representative image for each of 258 head types"
"81","1891","B09-ECH","Secret Echo","head-bubble-speech","代表画像を目視確認した主要頭部モチーフ: bubble-speech","B09-ECH__Secret_Echo/noun-0081__head-bubble-speech.png","visual audit of representative image for each of 258 head types"
"80","1892","B08-NAT","Nature & Element","head-earth","代表画像を目視確認した主要頭部モチーフ: earth","B08-NAT__Nature_&_Element/noun-0080__head-earth.png","visual audit of representative image for each of 258 head types"
"79","1893","B02-FAU","Fauna","head-scorpion","代表画像を目視確認した主要頭部モチーフ: scorpion","B02-FAU__Fauna/noun-0079__head-scorpion.png","visual audit of representative image for each of 258 head types"
"78","1894","B06-OBJ","Artifact & Architecture","head-pipe","代表画像を目視確認した主要頭部モチーフ: pipe","B06-OBJ__Artifact_&_Architecture/noun-0078__head-pipe.png","visual audit of representative image for each of 258 head types"
"77","1895","B05-MEC","Machine","head-calculator","代表画像を目視確認した主要頭部モチーフ: calculator","B05-MEC__Machine/noun-0077__head-calculator.png","visual audit of representative image for each of 258 head types"
"76","1896","B07-MAT","Material & Mineral","head-sponge","代表画像を目視確認した主要頭部モチーフ: sponge","B07-MAT__Material_&_Mineral/noun-0076__head-sponge.png","visual audit of representative image for each of 258 head types"
"75","1897","B04-CUL","Culinary","head-coffeebean","代表画像を目視確認した主要頭部モチーフ: coffeebean","B04-CUL__Culinary/noun-0075__head-coffeebean.png","visual audit of representative image for each of 258 head types"
"74","1898","B07-MAT","Material & Mineral","head-lint","代表画像を目視確認した主要頭部モチーフ: lint","B07-MAT__Material_&_Mineral/noun-0074__head-lint.png","visual audit of representative image for each of 258 head types"
"73","1899","B05-MEC","Machine","head-rangefinder","代表画像を目視確認した主要頭部モチーフ: rangefinder","B05-MEC__Machine/noun-0073__head-rangefinder.png","visual audit of representative image for each of 258 head types"
"72","1900","B04-CUL","Culinary","head-garlic","代表画像を目視確認した主要頭部モチーフ: garlic","B04-CUL__Culinary/noun-0072__head-garlic.png","visual audit of representative image for each of 258 head types"
"71","1901","B06-OBJ","Artifact & Architecture","head-road","代表画像を目視確認した主要頭部モチーフ: road","B06-OBJ__Artifact_&_Architecture/noun-0071__head-road.png","visual audit of representative image for each of 258 head types"
"70","1902","B06-OBJ","Artifact & Architecture","head-cone","代表画像を目視確認した主要頭部モチーフ: cone","B06-OBJ__Artifact_&_Architecture/noun-0070__head-cone.png","visual audit of representative image for each of 258 head types"
"69","1903","B06-OBJ","Artifact & Architecture","head-film-35mm","代表画像を目視確認した主要頭部モチーフ: film-35mm","B06-OBJ__Artifact_&_Architecture/noun-0069__head-film-35mm.png","visual audit of representative image for each of 258 head types"
"68","1904","B08-NAT","Nature & Element","head-saturn","代表画像を目視確認した主要頭部モチーフ: saturn","B08-NAT__Nature_&_Element/noun-0068__head-saturn.png","visual audit of representative image for each of 258 head types"
"67","1905","B06-OBJ","Artifact & Architecture","head-baseball-gameball","代表画像を目視確認した主要頭部モチーフ: baseball-gameball","B06-OBJ__Artifact_&_Architecture/noun-0067__head-baseball-gameball.png","visual audit of representative image for each of 258 head types"
"66","1906","B03-FLO","Flora & Fungi","head-fir","代表画像を目視確認した主要頭部モチーフ: fir","B03-FLO__Flora_&_Fungi/noun-0066__head-fir.png","visual audit of representative image for each of 258 head types"
"65","1907","B09-ECH","Secret Echo","head-maze","代表画像を目視確認した主要頭部モチーフ: maze","B09-ECH__Secret_Echo/noun-0065__head-maze.png","visual audit of representative image for each of 258 head types"
"64","1908","B08-NAT","Nature & Element","head-moon","代表画像を目視確認した主要頭部モチーフ: moon","B08-NAT__Nature_&_Element/noun-0064__head-moon.png","visual audit of representative image for each of 258 head types"
"63","1909","B02-FAU","Fauna","head-scorpion","代表画像を目視確認した主要頭部モチーフ: scorpion","B02-FAU__Fauna/noun-0063__head-scorpion.png","visual audit of representative image for each of 258 head types"
"62","1910","B06-OBJ","Artifact & Architecture","head-lipstick2","代表画像を目視確認した主要頭部モチーフ: lipstick2","B06-OBJ__Artifact_&_Architecture/noun-0062__head-lipstick2.png","visual audit of representative image for each of 258 head types"
"61","1911","B04-CUL","Culinary","head-pickle","代表画像を目視確認した主要頭部モチーフ: pickle","B04-CUL__Culinary/noun-0061__head-pickle.png","visual audit of representative image for each of 258 head types"
"60","1912","B06-OBJ","Artifact & Architecture","head-wizardhat","代表画像を目視確認した主要頭部モチーフ: wizardhat","B06-OBJ__Artifact_&_Architecture/noun-0060__head-wizardhat.png","visual audit of representative image for each of 258 head types"
"59","1913","B08-NAT","Nature & Element","head-island","代表画像を目視確認した主要頭部モチーフ: island","B08-NAT__Nature_&_Element/noun-0059__head-island.png","visual audit of representative image for each of 258 head types"
"58","1914","B04-CUL","Culinary","head-noodles","代表画像を目視確認した主要頭部モチーフ: noodles","B04-CUL__Culinary/noun-0058__head-noodles.png","visual audit of representative image for each of 258 head types"
"57","1915","B04-CUL","Culinary","head-pie","代表画像を目視確認した主要頭部モチーフ: pie","B04-CUL__Culinary/noun-0057__head-pie.png","visual audit of representative image for each of 258 head types"
"56","1916","B02-FAU","Fauna","head-zebra","代表画像を目視確認した主要頭部モチーフ: zebra","B02-FAU__Fauna/noun-0056__head-zebra.png","visual audit of representative image for each of 258 head types"
"55","1917","B04-CUL","Culinary","head-pizza","代表画像を目視確認した主要頭部モチーフ: pizza","B04-CUL__Culinary/noun-0055__head-pizza.png","visual audit of representative image for each of 258 head types"
"54","1918","B08-NAT","Nature & Element","head-sunset","代表画像を目視確認した主要頭部モチーフ: sunset","B08-NAT__Nature_&_Element/noun-0054__head-sunset.png","visual audit of representative image for each of 258 head types"
"53","1919","B01-HUM","Humanoid","head-hair","代表画像を目視確認した主要頭部モチーフ: hair","B01-HUM__Humanoid/noun-0053__head-hair.png","visual audit of representative image for each of 258 head types"
"52","1920","B06-OBJ","Artifact & Architecture","head-retainer","代表画像を目視確認した主要頭部モチーフ: retainer","B06-OBJ__Artifact_&_Architecture/noun-0052__head-retainer.png","visual audit of representative image for each of 258 head types"
"51","1921","B06-OBJ","Artifact & Architecture","head-film-35mm","代表画像を目視確認した主要頭部モチーフ: film-35mm","B06-OBJ__Artifact_&_Architecture/noun-0051__head-film-35mm.png","visual audit of representative image for each of 258 head types"
"50","1922","B06-OBJ","Artifact & Architecture","head-dictionary","代表画像を目視確認した主要頭部モチーフ: dictionary","B06-OBJ__Artifact_&_Architecture/noun-0050__head-dictionary.png","visual audit of representative image for each of 258 head types"
"49","1923","B04-CUL","Culinary","head-garlic","代表画像を目視確認した主要頭部モチーフ: garlic","B04-CUL__Culinary/noun-0049__head-garlic.png","visual audit of representative image for each of 258 head types"
"48","1924","B06-OBJ","Artifact & Architecture","head-bagpipe","代表画像を目視確認した主要頭部モチーフ: bagpipe","B06-OBJ__Artifact_&_Architecture/noun-0048__head-bagpipe.png","visual audit of representative image for each of 258 head types"
"47","1925","B02-FAU","Fauna","head-shark","代表画像を目視確認した主要頭部モチーフ: shark","B02-FAU__Fauna/noun-0047__head-shark.png","visual audit of representative image for each of 258 head types"
"46","1926","B04-CUL","Culinary","head-pop","代表画像を目視確認した主要頭部モチーフ: pop","B04-CUL__Culinary/noun-0046__head-pop.png","visual audit of representative image for each of 258 head types"
"45","1927","B08-NAT","Nature & Element","head-island","代表画像を目視確認した主要頭部モチーフ: island","B08-NAT__Nature_&_Element/noun-0045__head-island.png","visual audit of representative image for each of 258 head types"
"44","1928","B06-OBJ","Artifact & Architecture","head-volleyball","代表画像を目視確認した主要頭部モチーフ: volleyball","B06-OBJ__Artifact_&_Architecture/noun-0044__head-volleyball.png","visual audit of representative image for each of 258 head types"
"43","1929","B08-NAT","Nature & Element","head-jupiter","代表画像を目視確認した主要頭部モチーフ: jupiter","B08-NAT__Nature_&_Element/noun-0043__head-jupiter.png","visual audit of representative image for each of 258 head types"
"42","1930","B02-FAU","Fauna","head-dog","代表画像を目視確認した主要頭部モチーフ: dog","B02-FAU__Fauna/noun-0042__head-dog.png","visual audit of representative image for each of 258 head types"
"41","1931","B06-OBJ","Artifact & Architecture","head-wallet","代表画像を目視確認した主要頭部モチーフ: wallet","B06-OBJ__Artifact_&_Architecture/noun-0041__head-wallet.png","visual audit of representative image for each of 258 head types"
"40","1932","B09-ECH","Secret Echo","head-void","代表画像を目視確認した主要頭部モチーフ: void","B09-ECH__Secret_Echo/noun-0040__head-void.png","visual audit of representative image for each of 258 head types"
"39","1933","B04-CUL","Culinary","head-mug","代表画像を目視確認した主要頭部モチーフ: mug","B04-CUL__Culinary/noun-0039__head-mug.png","visual audit of representative image for each of 258 head types"
"38","1934","B02-FAU","Fauna","head-unicorn","代表画像を目視確認した主要頭部モチーフ: unicorn","B02-FAU__Fauna/noun-0038__head-unicorn.png","visual audit of representative image for each of 258 head types"
"37","1935","B05-MEC","Machine","head-washingmachine","代表画像を目視確認した主要頭部モチーフ: washingmachine","B05-MEC__Machine/noun-0037__head-washingmachine.png","visual audit of representative image for each of 258 head types"
"36","1936","B02-FAU","Fauna","head-orca","代表画像を目視確認した主要頭部モチーフ: orca","B02-FAU__Fauna/noun-0036__head-orca.png","visual audit of representative image for each of 258 head types"
"35","1937","B06-OBJ","Artifact & Architecture","head-pipe","代表画像を目視確認した主要頭部モチーフ: pipe","B06-OBJ__Artifact_&_Architecture/noun-0035__head-pipe.png","visual audit of representative image for each of 258 head types"
"34","1938","B04-CUL","Culinary","head-blueberry","代表画像を目視確認した主要頭部モチーフ: blueberry","B04-CUL__Culinary/noun-0034__head-blueberry.png","visual audit of representative image for each of 258 head types"
"33","1939","B02-FAU","Fauna","head-frog","代表画像を目視確認した主要頭部モチーフ: frog","B02-FAU__Fauna/noun-0033__head-frog.png","visual audit of representative image for each of 258 head types"
"32","1940","B05-MEC","Machine","head-skilift","代表画像を目視確認した主要頭部モチーフ: skilift","B05-MEC__Machine/noun-0032__head-skilift.png","visual audit of representative image for each of 258 head types"
"31","1941","B04-CUL","Culinary","head-icepop-b","代表画像を目視確認した主要頭部モチーフ: icepop-b","B04-CUL__Culinary/noun-0031__head-icepop-b.png","visual audit of representative image for each of 258 head types"
"30","1942","B05-MEC","Machine","head-laptop","代表画像を目視確認した主要頭部モチーフ: laptop","B05-MEC__Machine/noun-0030__head-laptop.png","visual audit of representative image for each of 258 head types"
"29","1943","B04-CUL","Culinary","head-nigiri","代表画像を目視確認した主要頭部モチーフ: nigiri","B04-CUL__Culinary/noun-0029__head-nigiri.png","visual audit of representative image for each of 258 head types"
"28","1944","B04-CUL","Culinary","head-garlic","代表画像を目視確認した主要頭部モチーフ: garlic","B04-CUL__Culinary/noun-0028__head-garlic.png","visual audit of representative image for each of 258 head types"
"27","1945","B02-FAU","Fauna","head-jellyfish","代表画像を目視確認した主要頭部モチーフ: jellyfish","B02-FAU__Fauna/noun-0027__head-jellyfish.png","visual audit of representative image for each of 258 head types"
"26","1946","B09-ECH","Secret Echo","head-chart-bars","代表画像を目視確認した主要頭部モチーフ: chart-bars","B09-ECH__Secret_Echo/noun-0026__head-chart-bars.png","visual audit of representative image for each of 258 head types"
"25","1947","B05-MEC","Machine","head-taxi","代表画像を目視確認した主要頭部モチーフ: taxi","B05-MEC__Machine/noun-0025__head-taxi.png","visual audit of representative image for each of 258 head types"
"24","1948","B02-FAU","Fauna","head-squid","代表画像を目視確認した主要頭部モチーフ: squid","B02-FAU__Fauna/noun-0024__head-squid.png","visual audit of representative image for each of 258 head types"
"23","1949","B06-OBJ","Artifact & Architecture","head-bagpipe","代表画像を目視確認した主要頭部モチーフ: bagpipe","B06-OBJ__Artifact_&_Architecture/noun-0023__head-bagpipe.png","visual audit of representative image for each of 258 head types"
"22","1950","B10-ANO","Secret Anomaly","head-undead","代表画像を目視確認した主要頭部モチーフ: undead","B10-ANO__Secret_Anomaly/noun-0022__head-undead.png","visual audit of representative image for each of 258 head types"
"21","1951","B05-MEC","Machine","head-fan","代表画像を目視確認した主要頭部モチーフ: fan","B05-MEC__Machine/noun-0021__head-fan.png","visual audit of representative image for each of 258 head types"
"20","1952","B04-CUL","Culinary","head-ketchup","代表画像を目視確認した主要頭部モチーフ: ketchup","B04-CUL__Culinary/noun-0020__head-ketchup.png","visual audit of representative image for each of 258 head types"
"19","1953","B04-CUL","Culinary","head-cookie","代表画像を目視確認した主要頭部モチーフ: cookie","B04-CUL__Culinary/noun-0019__head-cookie.png","visual audit of representative image for each of 258 head types"
"18","1954","B05-MEC","Machine","head-calculator","代表画像を目視確認した主要頭部モチーフ: calculator","B05-MEC__Machine/noun-0018__head-calculator.png","visual audit of representative image for each of 258 head types"
"17","1955","B04-CUL","Culinary","head-pumpkin","代表画像を目視確認した主要頭部モチーフ: pumpkin","B04-CUL__Culinary/noun-0017__head-pumpkin.png","visual audit of representative image for each of 258 head types"
"16","1956","B06-OBJ","Artifact & Architecture","head-queencrown","代表画像を目視確認した主要頭部モチーフ: queencrown","B06-OBJ__Artifact_&_Architecture/noun-0016__head-queencrown.png","visual audit of representative image for each of 258 head types"
"15","1957","B06-OBJ","Artifact & Architecture","head-pill","代表画像を目視確認した主要頭部モチーフ: pill","B06-OBJ__Artifact_&_Architecture/noun-0015__head-pill.png","visual audit of representative image for each of 258 head types"
"14","1958","B05-MEC","Machine","head-camcorder","代表画像を目視確認した主要頭部モチーフ: camcorder","B05-MEC__Machine/noun-0014__head-camcorder.png","visual audit of representative image for each of 258 head types"
"13","1959","B06-OBJ","Artifact & Architecture","head-trashcan","代表画像を目視確認した主要頭部モチーフ: trashcan","B06-OBJ__Artifact_&_Architecture/noun-0013__head-trashcan.png","visual audit of representative image for each of 258 head types"
"12","1960","B04-CUL","Culinary","head-beer","代表画像を目視確認した主要頭部モチーフ: beer","B04-CUL__Culinary/noun-0012__head-beer.png","visual audit of representative image for each of 258 head types"
"11","1961","B05-MEC","Machine","head-cash-register","代表画像を目視確認した主要頭部モチーフ: cash-register","B05-MEC__Machine/noun-0011__head-cash-register.png","visual audit of representative image for each of 258 head types"
"10","1962","B06-OBJ","Artifact & Architecture","head-highheel","代表画像を目視確認した主要頭部モチーフ: highheel","B06-OBJ__Artifact_&_Architecture/noun-0010__head-highheel.png","visual audit of representative image for each of 258 head types"
"9","1963","B02-FAU","Fauna","head-bat","代表画像を目視確認した主要頭部モチーフ: bat","B02-FAU__Fauna/noun-0009__head-bat.png","visual audit of representative image for each of 258 head types"
"8","1964","B04-CUL","Culinary","head-taco-classic","代表画像を目視確認した主要頭部モチーフ: taco-classic","B04-CUL__Culinary/noun-0008__head-taco-classic.png","visual audit of representative image for each of 258 head types"
"7","1965","B06-OBJ","Artifact & Architecture","head-mirror","代表画像を目視確認した主要頭部モチーフ: mirror","B06-OBJ__Artifact_&_Architecture/noun-0007__head-mirror.png","visual audit of representative image for each of 258 head types"
"6","1966","B07-MAT","Material & Mineral","head-rock","代表画像を目視確認した主要頭部モチーフ: rock","B07-MAT__Material_&_Mineral/noun-0006__head-rock.png","visual audit of representative image for each of 258 head types"
"5","1967","B05-MEC","Machine","head-chainsaw","代表画像を目視確認した主要頭部モチーフ: chainsaw","B05-MEC__Machine/noun-0005__head-chainsaw.png","visual audit of representative image for each of 258 head types"
"4","1968","B04-CUL","Culinary","head-wine","代表画像を目視確認した主要頭部モチーフ: wine","B04-CUL__Culinary/noun-0004__head-wine.png","visual audit of representative image for each of 258 head types"
"3","1969","B06-OBJ","Artifact & Architecture","head-boot","代表画像を目視確認した主要頭部モチーフ: boot","B06-OBJ__Artifact_&_Architecture/noun-0003__head-boot.png","visual audit of representative image for each of 258 head types"
"2","1970","B04-CUL","Culinary","head-pineapple","代表画像を目視確認した主要頭部モチーフ: pineapple","B04-CUL__Culinary/noun-0002__head-pineapple.png","visual audit of representative image for each of 258 head types"
"1","1971","B02-FAU","Fauna","head-fox","代表画像を目視確認した主要頭部モチーフ: fox","B02-FAU__Fauna/noun-0001__head-fox.png","visual audit of representative image for each of 258 head types"
"0","1972","B01-HUM","Humanoid","head-gnome","代表画像を目視確認した主要頭部モチーフ: gnome","B01-HUM__Humanoid/noun-0000__head-gnome.png","visual audit of representative image for each of 258 head types"