source_relative_path	image_relative_path	sha256	design_note
nouns_classified_1973/B01-HUM__Humanoid/noun-0000__head-gnome.png	B01-HUM__Humanoid/aachat-forge-humanoid-scarlet-cap-warden.png	34b2917612061d1174e3cce4250c35534fef15bc86e576df55d81a3c8612fa53	Stepped scarlet cap, amber LCD shell, emerald block tunic, and dark modular limbs.
nouns_classified_1973/B01-HUM__Humanoid/noun-0053__head-hair.png	B01-HUM__Humanoid/aachat-forge-humanoid-sunlit-fringe-messenger.png	e5466047e058bb86441a0705615ce2d9f0735d9d1fa18e221c9ad74eaa5eff47	Amber modular bob-shell courier in a wine-magenta tunic with charcoal satchel
nouns_classified_1973/B01-HUM__Humanoid/noun-0350__head-hair.png	B01-HUM__Humanoid/aachat-forge-humanoid-amber-fringe-conductor.png	0ac2d77d235ad06bb21d9392b355033d08538c6e4505423929fb3d2c601e48a1	Oversized stepped amber fringe and charcoal conductor uniform with a small yellow baton, rebuilt as coarse square 3D modules around the fixed LCD.
nouns_classified_1973/B01-HUM__Humanoid/noun-0391__head-gnome.png	B01-HUM__Humanoid/aachat-forge-humanoid-scarlet-cap-gardener.png	0f00300820f4324d18065e14a0df233966c7e87425afc277ffed3144ae6ec3b9	Scarlet stepped cap, cream beard framing, navy workwear, warm brown boots, and a small modular garden trowel.
nouns_classified_1973/B01-HUM__Humanoid/noun-0404__head-gnome.png	B01-HUM__Humanoid/aachat-forge-humanoid-patchwork-cap-keeper.png	697e1c9f7910a6670cb971857ca342f9704b8d4081631c15c0f6765b17bf146b	Red-orange pointed cap, side ear blocks, green patchwork tunic, and magenta stitch accents rebuilt as coarse square modules around a large aachat LCD.
nouns_classified_1973/B01-HUM__Humanoid/noun-0444__head-tooth.png	B01-HUM__Humanoid/aachat-forge-humanoid-ivory-molar-envoy.png	f8b419b04a60cf1278ad1758211d81775bd5d3c732d5018f861fc1bf2d607bfe	Broad ivory molar crown and compact royal-blue ceremonial uniform with restrained gold square details, rebuilt as coarse square 3D modules around the fixed LCD.
nouns_classified_1973/B01-HUM__Humanoid/noun-0497__head-gnome.png	B01-HUM__Humanoid/aachat-forge-humanoid-vermilion-cap-weaver.png	4be73dab25e2d9310800468f336c85e30e14ed584d4070bfb16f4abf3c60e00e	Vermilion stepped cap, green modular tunic, cream trim, blue-violet woven sash, and a compact wooden shuttle.
nouns_classified_1973/B01-HUM__Humanoid/noun-0517__head-gnome.png	B01-HUM__Humanoid/aachat-forge-humanoid-scarlet-belt-tailor.png	e4c531c1d67c9f14b2ed2c6acf9e77943ee5d8e9c246ba5cb67ab66c162a371f	Stepped scarlet cap, burnt-orange work tunic, charcoal belt with three square fasteners, pale seam, and lime-magenta trim around a large integrated aachat LCD.
nouns_classified_1973/B01-HUM__Humanoid/noun-0573__head-thumbsup.png	B01-HUM__Humanoid/aachat-forge-humanoid-golden-thumb-signalman.png	25e449c88dd779a9dda95dd941a86e55b204b2de5bb23e3cacd1170d5911f00b	Golden thumbs-up silhouette rebuilt as a stepped LCD head shell with a raised thumb crest, compact charcoal signal uniform, and restrained cobalt fasteners.
nouns_classified_1973/B01-HUM__Humanoid/noun-0716__head-lips.png	B01-HUM__Humanoid/aachat-forge-humanoid-coral-loop-dancer.png	94657ad2bf423d53638d90dc0505036ba4316e05282dc65ed15b8e256757326b	Wide coral module loops frame the LCD as ornaments, with a peach dance tunic, magenta-white bands, and a small ribbon wand.
nouns_classified_1973/B01-HUM__Humanoid/noun-0849__head-thumbsup.png	B01-HUM__Humanoid/aachat-forge-humanoid-golden-thumb-greeter.png	5518692c9f1be1f7bb358a01d3faa923bc103fb695e6156920ea3f381ae769cd	Golden thumbs-up crest integrated into the LCD head shell, red side band, orange-to-rust striped body, pale seam, and charcoal-soled modular boots.
nouns_classified_1973/B01-HUM__Humanoid/noun-0911__head-hair.png	B01-HUM__Humanoid/aachat-forge-humanoid-copper-bob-steward.png	3a8b4962dddeb4fb8080291c3b8eff2c1833975b7cc1b26f799820bc2cd48446	Straight copper-gold bob silhouette and vivid vermilion steward uniform with sparse gold tabs and an abstract stepped chest tile, rebuilt around the fixed LCD.
nouns_classified_1973/B01-HUM__Humanoid/noun-0944__head-gnome.png	B01-HUM__Humanoid/aachat-forge-humanoid-crimson-fringe-pathfinder.png	40df42cf4066dc8ae801de92b4735f59643fe48414db7a228b4ff9a64394c424	Crimson stepped cap, golden geometric fringe, pale-gray trail coat, yellow neckerchief, charcoal boots, and a modular walking staff.
nouns_classified_1973/B01-HUM__Humanoid/noun-0985__head-gnome.png	B01-HUM__Humanoid/aachat-forge-humanoid-sunbeam-cap-mender.png	c3b7e644b41c5e81bb2a84b8d5dcae5f6ca8952cbdcee63600b3e469a03b3fff	Scarlet stepped cap, green LCD housing, long sun-yellow apron-tunic, pale vertical seam, and restrained ochre repair patches in coarse square modules.
nouns_classified_1973/B01-HUM__Humanoid/noun-1000__head-gnome.png	B01-HUM__Humanoid/aachat-forge-humanoid-rainbow-cap-rover.png	bac556741bbd9b7cc1804330e302042f324249dea86808624eed4750a79401c1	Tall stepped scarlet gnome cap, pale-gold side locks, and a compact striped travel uniform in cobalt, violet, lime, and red, rebuilt around the fixed LCD.
nouns_classified_1973/B01-HUM__Humanoid/noun-1026__head-hair.png	B01-HUM__Humanoid/aachat-forge-humanoid-golden-bob-patternmaker.png	c668e792700c42852d74c7b3ee46cadc7da72894ff60a60eb686296f1a312f4b	Angular golden bob frame, white-and-gray modular diamond tunic, tiny green fasteners, dark boots, and a geometric stencil board.
nouns_classified_1973/B01-HUM__Humanoid/noun-1031__head-tooth.png	B01-HUM__Humanoid/aachat-forge-humanoid-ivory-molar-steward.png	5dff66b2967b83c2a4bad552f241b58177d3de964b80faf32684db8f1ca83357	Oversized ivory molar-crown LCD housing with short root corners, espresso steward uniform, pale placket, black collar blocks, and restrained vermilion joints.
nouns_classified_1973/B01-HUM__Humanoid/noun-1058__head-thumbsup.png	B01-HUM__Humanoid/aachat-forge-humanoid-amber-gesture-delegate.png	6f37ab447d9441e0ab3f1492f221fd3d709757e41adb88bb36a84e34c1efbe26	Minimal amber thumbs-up head shell with an asymmetric raised crest and compact royal-blue diplomatic uniform, rebuilt as coarse square modules around the fixed LCD.
nouns_classified_1973/B01-HUM__Humanoid/noun-1123__head-gnome.png	B01-HUM__Humanoid/aachat-forge-humanoid-sunset-stripe-keeper.png	f16d26b6fca302eed80ef8517014f4e37b6d21280e4bbf70b47a69fdfc67f7ec	Scarlet stepped cap, golden-orange LCD housing with cobalt side fittings, green collar, and a yellow-to-brick-red striped modular tunic.
nouns_classified_1973/B01-HUM__Humanoid/noun-1134__head-gnome.png	B01-HUM__Humanoid/aachat-forge-humanoid-verdant-sash-wayfinder.png	a5184e1a4d9cacdb379a1b73f14dd780bf620a4b58d1baaca44739a8acb4a45f	Scarlet stepped cap, lime integrated LCD housing, teal travel tunic, pale vertical seam, and a short diagonal run of golden sash modules.
nouns_classified_1973/B01-HUM__Humanoid/noun-1137__head-thumbsup.png	B01-HUM__Humanoid/aachat-forge-humanoid-ochre-signal-nightwatch.png	fe1504186952dc6683297233a070619c15e2aabb27b0d91fbd9d29d8c3daa95f	Bent ochre thumbs-up head shell paired with a severe black-and-graphite nightwatch uniform and two broad gray bands, rebuilt around the fixed LCD.
nouns_classified_1973/B01-HUM__Humanoid/noun-1148__head-gnome.png	B01-HUM__Humanoid/aachat-forge-humanoid-violet-seam-surveyor.png	63d59f721b06988216c245cd6fd6a060fd29f04e6d4316a84c8bd7ca31a7b157	Scarlet stepped cap, amber side fringe, olive survey coat with a strong violet modular center seam, charcoal boots, and a marked survey rod.
nouns_classified_1973/B01-HUM__Humanoid/noun-1158__head-gnome.png	B01-HUM__Humanoid/aachat-forge-humanoid-sunset-stripe-porter.png	65c5fcd4e6a86404d7e2af2bb2449ae33798f37ae788c260eb92a36935066572	Scarlet stepped cap, green integrated LCD housing, gold-to-orange-to-brick horizontal coat bands, pale vertical seam, and cream modular gloves.
nouns_classified_1973/B01-HUM__Humanoid/noun-1215__head-gnome.png	B01-HUM__Humanoid/aachat-forge-humanoid-prism-cap-wayfarer.png	5dcbef697d9ce25ba2810da6b03af49d1d05d17f9d8f4bba7793e81a68a0ee6d	Stepped scarlet prism cap, white modular brim, rainbow-banded tunic, dark navy limbs, and complete source-face replacement around the fixed aachat LCD.
nouns_classified_1973/B01-HUM__Humanoid/noun-1286__head-tooth.png	B01-HUM__Humanoid/aachat-forge-humanoid-enamel-crown-caretaker.png	d51eddea4831dd84411e54faf8a85452a35e641ec8daccfb98cb139455d92f25	Broad ivory molar crown, warm orange caretaker tunic, pale center detail, and brown modular shoes rebuilt as coarse square 3D modules around the fixed LCD.
nouns_classified_1973/B01-HUM__Humanoid/noun-1318__head-thumbsup.png	B01-HUM__Humanoid/aachat-forge-humanoid-saffron-thumb-herald.png	f9ce75344b8f6f4723f396a172eed998af46e78b90eea1e6eca6ffbeb1c4ed77	Saffron-gold thumbs-up crest, warm sand modular work tunic, and a plain vermilion chest tile rebuilt around the fixed aachat LCD.
nouns_classified_1973/B01-HUM__Humanoid/noun-1363__head-tooth.png	B01-HUM__Humanoid/aachat-forge-humanoid-sunlit-cusp-curator.png	9df351824be14fc32e9c6166f1a6b79eedb860ea4398f944df20f9bb2670c486	Broad stepped ivory tooth-crown LCD shell, pale honey-gold structural accents, and a narrow modular work-smock body rebuilt as consistent coarse square 3D modules.
nouns_classified_1973/B01-HUM__Humanoid/noun-1377__head-thumbsup.png	B01-HUM__Humanoid/aachat-forge-humanoid-sunlit-thumb-beacon.png	2776a77fa2302a88d40fb47e533dc2b66d1825615e02e02bd726eff4e6835c73	Amber-yellow thumbs-up cranial crest, lime-green modular torso, slim golden limbs, orange block shoes, and complete source-face replacement around the fixed aachat LCD.
nouns_classified_1973/B01-HUM__Humanoid/noun-1378__head-thumbsup.png	B01-HUM__Humanoid/aachat-forge-humanoid-citrine-thumb-courier.png	585db5fa89af09900bda7940118786759f3bcc4363a4bfcd26064e3e83a20fba	Citrine-gold thumbs-up LCD head shell, amber striped courier body, red vertical rails, cream bands, and coarse square modular construction.
nouns_classified_1973/B01-HUM__Humanoid/noun-1405__head-gnome.png	B01-HUM__Humanoid/aachat-forge-humanoid-crimson-peak-alchemist.png	41f05b8ff2eb447b1963acd3bceefb932b7c1f02889e949e2268382a84cfda8f	Tall crimson gnome cap, pale-gold side locks, lime structural trim, and a compact russet workshop tunic with sparse square clasps, rebuilt around the fixed LCD.
nouns_classified_1973/B01-HUM__Humanoid/noun-1464__head-lips.png	B01-HUM__Humanoid/aachat-forge-humanoid-scarlet-orbit-attendant.png	86e79a8bcd604122cd1569cb0eb8bb78f42c8ad13a8fa94b3136077c49416f82	Scarlet stepped LCD cowl, cobalt modular work tunic, slender blue limbs, and a tiny yellow square badge with the complete source face and lip form removed.
nouns_classified_1973/B01-HUM__Humanoid/noun-1512__head-thumbsup.png	B01-HUM__Humanoid/aachat-forge-humanoid-amber-thumb-medallion-bearer.png	26c45cfb09ad36c2a68d8bf5ed660e91d59c3413aae31cba2808a53e17c7dae9	Amber thumbs-up crest integrated into the LCD head shell, coral tunic, pale seam, olive square medallion, ochre center, and two short blue tassels.
nouns_classified_1973/B01-HUM__Humanoid/noun-1541__head-hair.png	B01-HUM__Humanoid/aachat-forge-humanoid-saffron-bob-channeler.png	8bcf63e698440b0c7e4841bd9e9d9b6b77b9859d35b56131b4220ef1031923e3	Saffron-gold stepped bob LCD shell, pale gray modular channeler tunic, white cuffs, turquoise chest mark, slim gray limbs, and complete source-face replacement around the fixed aachat LCD.
nouns_classified_1973/B01-HUM__Humanoid/noun-1669__head-tooth.png	B01-HUM__Humanoid/aachat-forge-humanoid-ivory-root-mender.png	babc0b14a36b2a4060b3ba1cf0667c50f494f0caee3da045d2722ee1b00fa090	Notched ivory crown shell around the LCD, warm tan-orange root-like body and legs, small green hardware accents, and a ceramic repair spatula.
nouns_classified_1973/B01-HUM__Humanoid/noun-1693__head-thumbsup.png	B01-HUM__Humanoid/aachat-forge-humanoid-golden-thumb-ribbon-usher.png	645e582700fe133fdda9d5928710fdcf612dfa8282c261fbc90782832453683e	Golden thumbs-up crest integrated into the LCD head shell, vivid yellow formal coat, bold charcoal bow collar and central ribbon, cream seams, and black modular boots.
nouns_classified_1973/B01-HUM__Humanoid/noun-1706__head-hair.png	B01-HUM__Humanoid/aachat-forge-humanoid-saffron-bob-loomkeeper.png	bbebafb235bcae464b8e01a95e9f507cd65040cefed9ffe3943399bddc28d047	Stepped saffron-gold bob silhouette, long forest-green and ochre woven tunic, and complete source-face replacement rebuilt as coarse square 3D modules around the fixed aachat LCD.
nouns_classified_1973/B01-HUM__Humanoid/noun-1720__head-tooth.png	B01-HUM__Humanoid/aachat-forge-humanoid-ivory-checker-harlequin.png	43a46508fec50a69ceb94329afea6d197fe036371825aadf72abeb79751180cf	Notched ivory crown LCD shell, external cobalt fittings, bold black-cyan-magenta modular checker costume, white collar, and stage baton.
nouns_classified_1973/B01-HUM__Humanoid/noun-1782__head-gnome.png	B01-HUM__Humanoid/aachat-forge-humanoid-prism-knot-scribe.png	8cdd3a191840a4830b89d806393519e3e7a2ea09e1cda0a60a4fca9873c8c553	Scarlet stepped cap, royal-blue LCD housing with lime lower band, pale aqua coat, cream seam, and four restrained abstract square-knot clusters in cobalt, violet, coral, and green.
nouns_classified_1973/B01-HUM__Humanoid/noun-1799__head-lips.png	B01-HUM__Humanoid/aachat-forge-humanoid-vermilion-cowl-custodian.png	6db76409359425080cd54916ede06e65396643576718e8ac0aca78fd47a37d3d	Stepped vermilion LCD cowl, espresso modular work tunic, plain olive chest tile, charcoal limbs, cobalt shoe bands, and complete replacement of the source lip face.
nouns_classified_1973/B01-HUM__Humanoid/noun-1928__head-hair.png	B01-HUM__Humanoid/aachat-forge-humanoid-amber-locks-puzzler.png	de3c9a095b6152816204e12e5ca6c5ddc72ebb07f81d4b58c60f8759f2883d46	Angular amber-gold LCD frame, cream inner trim, charcoal work tunic, sparse multicolor abstract module clusters, and a handheld tile sample.
nouns_classified_1973/B01-HUM__Humanoid/noun-1932__head-tooth.png	B01-HUM__Humanoid/aachat-forge-humanoid-ivory-banded-custodian.png	0e0b7f8ca6f757ea29f27a29c620a087d4ae1c4d6a4c99c742325550a0622240	Rounded ivory tooth-crown LCD shell, small warm-gold crown accent, olive-and-cream horizontal-banded work tunic, slender dark limbs, and complete source-face replacement rebuilt as consistent coarse square 3D modules.
nouns_classified_1973/B02-FAU__Fauna/noun-0001__head-fox.png	B02-FAU__Fauna/aachat-forge-fauna-ember-tail-sentinel.png	4f8d59c812b234e9fb5472a5de1fcb07cbac8c9a05025397d0501550c70ee566	Legacy Level 4 pilot completed before the 1,969-image batch.
nouns_classified_1973/B02-FAU__Fauna/noun-0009__head-bat.png	B02-FAU__Fauna/aachat-forge-fauna-umber-wing-nightwatch.png	026d23ccc16c081e465a01d7ef866c9a1735c54d2db8dc4a70e6207a618786b6	Broad cocoa bat-wing cowl, twin pointed ear peaks, ivory modular body, restrained cobalt accents, and complete source-face replacement around the fixed aachat LCD.
nouns_classified_1973/B02-FAU__Fauna/noun-0024__head-squid.png	B02-FAU__Fauna/aachat-forge-fauna-rose-squid-wayfinder.png	aa4563ced7a037bffad2ce33ee4df98db3d60607e8ea860c782e1e402f85f7de	Rose-pink triangular squid mantle, violet tentacle streamers, black turquoise-marked tunic, small yellow accents, abundant full-body margins, and complete source-face replacement rebuilt as consistent coarse square 3D modules around the fixed aachat LCD.
nouns_classified_1973/B02-FAU__Fauna/noun-0027__head-jellyfish.png	B02-FAU__Fauna/aachat-forge-fauna-rose-bell-navigator.png	78694d21541d66a3bd449bbf10897c5cca7a6783a32c1eebfd69c257ebdfb442	Rose-violet jellyfish bell LCD shell, side tentacle streamers, sea-green navigator suit, yellow-green nautical accents, and complete source-face replacement in consistent coarse square 3D modules.
nouns_classified_1973/B02-FAU__Fauna/noun-0033__head-frog.png	B02-FAU__Fauna/aachat-forge-fauna-lime-pond-hopper.png	67798c14a9216d60837bd02168309fa4d251865c4a40784f1b07c7f6b0f78157	Broad stepped spring-green frog crown, pale belly-arm loop motif, compact full-body modular silhouette, and complete source-face replacement around the fixed aachat LCD.
nouns_classified_1973/B02-FAU__Fauna/noun-0036__head-orca.png	B02-FAU__Fauna/aachat-forge-fauna-midnight-fin-navigator.png	2de4db0aaa686e8f63018c9c3092e13ee4155729a61f12437c07881aec90909f	Midnight-black orca LCD shell with dorsal fin, ivory patches, sky-blue navigation vest, yellow linked clasp, squared tail flukes, and a navigation baton.
nouns_classified_1973/B02-FAU__Fauna/noun-0038__head-unicorn.png	B02-FAU__Fauna/aachat-forge-fauna-mint-horn-cloud-runner.png	85f813da3fb7e4cd17ecd23686b451b99dbfb9aa7aab1c5cdda4226cd22c1bbf	Compact cobalt quadruped with coral-pink integrated LCD head, one stepped golden horn, mint-lime mane and tail, pale blue stripe, white cloud patch, and four modular hooves.
nouns_classified_1973/B02-FAU__Fauna/noun-0042__head-dog.png	B02-FAU__Fauna/aachat-forge-fauna-patchwork-coat-hound.png	56c2f1e2636d3ba56dab68731151326347ade03dbf7d6188a019f906d33a1f63	Compact chocolate quadruped with oversized floppy ears, integrated LCD head and coral lower rail, bold large-grid multicolor patchwork coat, cream paws, and short raised tail.
nouns_classified_1973/B02-FAU__Fauna/noun-0047__head-shark.png	B02-FAU__Fauna/aachat-forge-fauna-spectrum-fin-courier.png	7e059972485cf403f093975be24302a6f24abbc25a69de7cbf16799dc2c7e146	Cobalt shark LCD shell with one dorsal fin and one waist tail, pale-blue underside, six spectrum module bands, charcoal strap, and blue parcel case.
nouns_classified_1973/B02-FAU__Fauna/noun-0056__head-zebra.png	B02-FAU__Fauna/aachat-forge-fauna-cobalt-stripe-outrider.png	eb92be7e123a36e1f2795d7d739728fc0de73685cc65b8182a53fcd85d21bfd9	White-and-black striped zebra head shell, vivid magenta bridle frame, cobalt modular body with diagonal black flank markings, striped arms and tail, and complete source-face replacement around the fixed aachat LCD.
nouns_classified_1973/B02-FAU__Fauna/noun-0063__head-scorpion.png	B02-FAU__Fauna/aachat-forge-fauna-golden-sting-gridkeeper.png	1ec3e948a636aabea925fcd6044d38161e4cac3435f4d3698664d2bc810e9af0	Golden stepped scorpion-tail crown, warm amber LCD shell, purple-and-near-black checkerboard work tunic, compact modular stance, generous full-body margins, and complete source-face replacement around the fixed aachat LCD.
nouns_classified_1973/B02-FAU__Fauna/noun-0079__head-scorpion.png	B02-FAU__Fauna/aachat-forge-fauna-sunlit-stinger-surveyor.png	c0d63e045553f48b8cb318cbe9b65218bb2165928b26e029fd052dae578d0cc2	Sun-yellow segmented scorpion tail arch, compact near-black modular body, restrained violet-blue joints, pincer-like hands, abundant full-body margins, and complete source-face replacement around the fixed aachat LCD.
nouns_classified_1973/B02-FAU__Fauna/noun-0085__head-unicorn.png	B02-FAU__Fauna/aachat-forge-fauna-rainbow-horn-sunwarden.png	794770b2b70fa01e92adc77c68f52f9dc32bae563e6e099065701ad3e9638e1a	Rainbow modular mane, stepped golden horn, pale-pink LCD head shell, orange ceremonial sun-tile tunic, cobalt accents, generous full-body margins, and complete source-face replacement in consistent coarse square 3D modules.
nouns_classified_1973/B02-FAU__Fauna/noun-0086__head-pufferfish.png	B02-FAU__Fauna/aachat-forge-fauna-tangerine-spike-drifter.png	95da5d7c6af9a54647183d7563faf345243a09967ea94496a6a18bfc618cd43c	Tangerine stepped pufferfish LCD shell, sparse block spikes, small squared side fins, warm golden underside, charcoal modular body and legs, and complete replacement of the source multicolor visor face around the fixed aachat LCD.
nouns_classified_1973/B02-FAU__Fauna/noun-0092__head-whale.png	B02-FAU__Fauna/aachat-forge-fauna-ivory-tide-courier.png	c7a16d1ba6956c485b44b8f4c6f92d414a20e6d6a8fda412aa7cd6cdb9097c71	Broad pale ivory whale-head shell, dark top ridge, vivid cobalt courier tunic, mint tide-marker modules, and complete source-face replacement around the fixed aachat LCD.
nouns_classified_1973/B02-FAU__Fauna/noun-0096__head-oyster.png	B02-FAU__Fauna/aachat-forge-fauna-blush-shell-concierge.png	b44dd04d38eeb89fb753a45a723590e0ad4ba26577eecc6cd13514b666bfd3f4	Broad stepped blush-coral oyster shell, ivory formal concierge coat, black bow-tie and center-panel accents, abundant full-body margins, and complete source-face replacement rebuilt as consistent coarse square 3D modules around the fixed aachat LCD.
nouns_classified_1973/B02-FAU__Fauna/noun-0097__head-dino.png	B02-FAU__Fauna/aachat-forge-fauna-emerald-jaw-trailblazer.png	3e940af18a56422bf5ce793d3566d3e8100e93d01917c1c956ad35195ac8e42f	Broad stepped emerald dinosaur LCD shell, blue-green checkerboard torso, compact modular limbs, restrained block tail, abundant full-body margins, and complete source-face replacement rebuilt as consistent coarse square 3D modules around the fixed aachat LCD.
nouns_classified_1973/B02-FAU__Fauna/noun-0098__head-whale-alive.png	B02-FAU__Fauna/aachat-forge-fauna-azure-spout-chorister.png	8d8de53e58ebd2d866ad82dbb13bf7c11748d43f3ba6b73cfcdc37a7ad2e2078	Rounded cobalt-and-sky-blue whale LCD shell, small solid spout crest, charcoal tunic with sparse cyan-violet-yellow modules, one connected tail, and tuning baton.
nouns_classified_1973/B02-FAU__Fauna/noun-0099__head-cat.png	B02-FAU__Fauna/aachat-forge-fauna-violet-bow-pouncer.png	c731a9b3fe303cbdec11ee8cb047750ce8d688f3fe502243b98ae4927388fbf5	Compact violet quadruped with tall navy ears, ice-blue inner panels and lower LCD rail, charcoal bow patch, pale seam, cream paws, and a long stepped upright tail.
nouns_classified_1973/B02-FAU__Fauna/noun-0100__head-cow.png	B02-FAU__Fauna/aachat-forge-fauna-ivory-horn-medallion-keeper.png	88bae4bef1eb617a7c0d7094bd09b93087184fdd83fbf97fe95ec9f28f681aa3	Broad ivory bovine LCD shell, twin dark horn clusters, saturated violet regalia tunic, pale vertical bands, golden medallion, abundant full-body margins, and complete source-face replacement rebuilt as consistent coarse square 3D modules.
nouns_classified_1973/B02-FAU__Fauna/noun-0102__head-grouper.png	B02-FAU__Fauna/aachat-forge-fauna-umber-reef-wayfinder.png	64440111ecc80e7252d57a73ebb0f56f083abb6c170e4010bacb81b2a456c0ec	Broad dark-umber stepped grouper LCD shell with jagged dorsal and cheek fins, olive/lime reef accents, a magenta-purple modular wayfinder body, generous full-body margins, and complete replacement of the source eyes and icon by the fixed aachat LCD.
nouns_classified_1973/B02-FAU__Fauna/noun-0103__head-jellyfish.png	B02-FAU__Fauna/aachat-forge-fauna-magenta-bell-tidekeeper.png	e24d63caf2d2d73e59288b81293eb7e845129269f13052eb8e3309354bc5e885	Level 4 fauna reinterpretation: magenta-purple block-built jellyfish bell, pink tentacle appendages, cyan-orange banded body, and complete replacement of the source face with the fixed aachat LCD.
nouns_classified_1973/B02-FAU__Fauna/noun-0105__head-moose.png	B02-FAU__Fauna/aachat-forge-fauna-umber-antler-pathkeeper.png	00af76abca8055490ca93b442461b0f09fa084067bd3de1ed23b03e1944f1768	Reference-mode Level 4 moose trail guardian with stepped tan antlers, a structurally integrated black LCD head, an umber lower shell, and an ivory coarse-module body with one violet stripe.
nouns_classified_1973/B02-FAU__Fauna/noun-0106__head-whale.png	B02-FAU__Fauna/aachat-forge-fauna-pearl-spout-steward.png	aa91c152dbc3f41a2eccb3b7cbc6ed597fa8418a412378d2a73b266caea8b61d	Broad pearl-blush whale-head LCD shell with a stepped side spout, black formal steward tailcoat, narrow tan-gold center accent, generous full-body margins, and complete source-face replacement rebuilt as consistent coarse square 3D modules around the fixed aachat LCD.
nouns_classified_1973/B02-FAU__Fauna/noun-0113__head-duck.png	B02-FAU__Fauna/aachat-forge-fauna-cobalt-bill-marsh-scout.png	74575f7cd2e80fc44df2c12ad4115b10d71c5c4960486b6faee382068825e6e8	Broad stepped white duck LCD shell, solid sunflower-yellow bill brim, simple cobalt modular body, plain emerald chest tile, abundant full-body margins, and complete source-face replacement around the fixed aachat LCD.
nouns_classified_1973/B02-FAU__Fauna/noun-0116__head-goat.png	B02-FAU__Fauna/aachat-forge-fauna-sage-horn-cliff-keeper.png	75f13406c5eea96b2949721267fe547510318bcdba9c2cf4d40e308b84df0368	Broad taupe stepped goat-horn crown, sage-green modular cliff-keeper tunic, restrained red collar, generous full-body margins, and complete source-face replacement rebuilt around the fixed aachat LCD.
nouns_classified_1973/B02-FAU__Fauna/noun-0117__head-chameleon.png	B02-FAU__Fauna/aachat-forge-fauna-emerald-frill-lookout.png	6a4abd574e3f0b6a34474e9766e976ce2a8bc31637131363a0a63fe9651cd17f	Broad leaf-green chameleon frill crown, violet modular lookout tunic with sparse magenta insets, cobalt neck band, generous full-body margins, and complete source-face replacement rebuilt as consistent coarse square 3D modules around the fixed aachat LCD.
nouns_classified_1973/B02-FAU__Fauna/noun-0119__head-ape.png	B02-FAU__Fauna/aachat-forge-fauna-plum-brow-grove-scout.png	75447f699eac242c3b0c75c77ca663b4a35924547bae334131f5c62a81025d01	Tall stepped plum ape LCD shell, cobalt side bands, pale structural chin trim, charcoal-and-cobalt patterned scout body, long modular arms, broad primate feet, generous full-body margins, and complete source-face replacement rebuilt in consistent coarse square 3D modules.
nouns_classified_1973/B02-FAU__Fauna/noun-0121__head-scorpion.png	B02-FAU__Fauna/aachat-forge-fauna-saffron-checker-tailguard.png	632a1abd9723d6f03dfaed7e455b9932ed0034114e64473c74b6eb73a56693bb	Curled saffron scorpion crown and segmented sting silhouette, emerald-orange checkerboard torso, compact modular limbs, generous full-body margins, and complete source-face replacement rebuilt as consistent coarse square 3D modules around the fixed aachat LCD.
nouns_classified_1973/B02-FAU__Fauna/noun-0141__head-duck.png	B02-FAU__Fauna/aachat-forge-fauna-mint-plume-wayfarer.png	366e5656a02a723635c40248f1bc0873905b73e52d58da5ee96d4d1a65bc65fd	Rounded white plume shell, vivid mint wayfarer tunic with dark evergreen edging, orange shoulder paddles and webbed feet, abundant full-body margins, and complete source-face replacement around the fixed aachat LCD.
nouns_classified_1973/B02-FAU__Fauna/noun-0146__head-squid.png	B02-FAU__Fauna/aachat-forge-fauna-fuchsia-mantle-starbearer.png	bb46640298c4b1a4f4781977b4202e6d390e458d028aa98f68b42b34ae85366d	Pointed fuchsia squid-mantle LCD shell, purple tentacle fringe, saturated blue modular tunic, yellow star medallion, generous full-body margins, and complete source-face replacement rebuilt as consistent coarse square 3D modules.
nouns_classified_1973/B02-FAU__Fauna/noun-0149__head-chicken.png	B02-FAU__Fauna/aachat-forge-fauna-crimson-comb-sunwatch.png	3b32ebe14612cebd4ce23ef9ebe0f33895f3e158cc0073ed94cb69a08823c8b8	Level 4 fauna reinterpretation: white square-module chicken shell, crimson stepped comb, olive structural body, golden talon feet, and complete replacement of the source face with the fixed aachat LCD.
nouns_classified_1973/B02-FAU__Fauna/noun-0159__head-horse-deepfried.png	B02-FAU__Fauna/aachat-forge-fauna-ochre-mane-courser.png	fb4410336e44fd1ba5d8498dafeabf543acbad236b7f99579fa00aaa616534cc	Level 4 fauna reinterpretation: compact ochre-maned equine courier with squared ears, crimson tunic, dark block hooves, generous full-body margins, and complete source-face replacement around the fixed aachat LCD.
nouns_classified_1973/B02-FAU__Fauna/noun-0167__head-whale.png	B02-FAU__Fauna/aachat-forge-fauna-pearl-checker-tide-rover.png	4b624ec8018260fcc00c3148ca9a37b3e04ffc792e27fe38830c7f3bb6fc8dfd	Level 4 fauna reinterpretation: pearl-taupe whale-head shell, black-magenta-purple-cyan checker-block body, no separate prop, and complete replacement of the source face with the fixed aachat LCD.
nouns_classified_1973/B02-FAU__Fauna/noun-0175__head-orca.png	B02-FAU__Fauna/aachat-forge-fauna-blackwave-pod-warden.png	123bd1f2583135a3b4aba6e62d3a2851eef08a49fcd9f7833c4fd6323e9c779a	Level 4 orca pod warden preserving the black-white dorsal and tail silhouette with a bright cyan-orange-yellow-red geometric knit tunic; original face fully replaced by the fixed LCD, with generous full-body margins and consistent coarse square 3D modules.
nouns_classified_1973/B02-FAU__Fauna/noun-0177__head-cat.png	B02-FAU__Fauna/aachat-forge-fauna-amber-collar-prowler.png	d32e75b9884bebf8a06c0133130b9e010599aa348e262d42d7aad6c5b0d4e81d	Reference-mode Level 4 cat prowler with stepped black ears, pale-cyan modular insets, an amber-gold collar, a fully visible segmented tail, and complete source-face replacement rebuilt around the fixed aachat LCD.
nouns_classified_1973/B02-FAU__Fauna/noun-0181__head-bigfoot.png	B02-FAU__Fauna/aachat-forge-fauna-russet-mane-trailwatcher.png	4a17682f8ac59dbb7ec3ec52674c6dc6234c356d25932191e7186a2e66bd5956	Level 4 fauna reinterpretation: russet-brown coarse-module trailwatcher with an elongated sloping mane shell, blue-white harness, green block clothing, and complete replacement of the source face with the fixed aachat LCD.
nouns_classified_1973/B02-FAU__Fauna/noun-0183__head-dino.png	B02-FAU__Fauna/aachat-forge-fauna-jade-crest-medallion-bearer.png	7ce54467daf00da4b42c80d19206f5fe240494c6bcfd05d69223d09ead17b9bf	Mint-jade block-built juvenile dinosaur with a broad stepped crest, compact ivory body, and preserved amber chest medallion; the original face is fully replaced by the fixed cobalt aachat LCD.
nouns_classified_1973/B02-FAU__Fauna/noun-0184__head-bigfoot-yeti.png	B02-FAU__Fauna/aachat-forge-fauna-ivory-patchwork-cliffwalker.png	51b172c1b0f999c244ac3a83285058fd1337d4b5f3869150c7344cc5bd72675b	Level 4 fauna reinterpretation: broad ivory block-built yeti silhouette, vivid multicolor patchwork mantle, cobalt ear and cuff accents, generous full-body margins, and complete source-face replacement around the fixed aachat LCD.
nouns_classified_1973/B02-FAU__Fauna/noun-0185__head-bat.png	B02-FAU__Fauna/aachat-forge-fauna-russet-wing-cave-warden.png	6b69f89bb5ad789c4189923ec04c98e6f24e89d68ed0d72e7f2246306e054a19	Level 4 fauna reinterpretation: wide russet bat-wing LCD head shell with pointed ear peaks, restrained magenta membrane accents, cream square-marked modular body, and complete source-face replacement rebuilt as consistent coarse square 3D modules.
nouns_classified_1973/B02-FAU__Fauna/noun-0187__head-rabbit.png	B02-FAU__Fauna/aachat-forge-fauna-coral-ear-burrow-runner.png	678891c70e161aede98d63721214c17b3ec92bef011c3013d0da4b0eb2cc3db7	Tall paired gray rabbit ears, coral LCD head rim, violet coarse-module body, compact burrow-runner silhouette; original face fully replaced by the fixed aachat LCD.
nouns_classified_1973/B02-FAU__Fauna/noun-0196__head-otter.png	B02-FAU__Fauna/aachat-forge-fauna-river-stripe-scout.png	9ee8e693404e36b22065b95c728503fc52f3405a5fb3b25dd5dfe479af41670c	Dark-brown otter river scout in blue and warm-orange striped knit modules, with a cream LCD head shell, webbed paws, and a broad tapering tail.
nouns_classified_1973/B02-FAU__Fauna/noun-0197__head-raven.png	B02-FAU__Fauna/aachat-forge-fauna-obsidian-bill-cloak-watcher.png	a027261fba571651f2daf4b0fd7ef6ada04000e08b24bd02ce38dc84c2ca4824	Reference-mode Level 4; preserved the stepped obsidian crown, ochre cloak, ivory front strips, gold V ornament, and asymmetric raven silhouette while replacing the entire original face with the fixed aachat LCD and rebuilding the figure from coarse square 3D modules.
nouns_classified_1973/B02-FAU__Fauna/noun-0199__head-mouse.png	B02-FAU__Fauna/aachat-forge-fauna-violet-panel-mouse-scout.png	5330d90cdf4152af8491df3400e4b93efdc6f4fb3008341b09fe1700d7049797	Compact ash-grey mouse scout with oversized black square ears, violet modular tunic, cyan-white inset panels, stepped tail, and a fully integrated fixed aachat LCD replacing the original face.
nouns_classified_1973/B02-FAU__Fauna/noun-0200__head-crab.png	B02-FAU__Fauna/aachat-forge-fauna-tangerine-claw-switchkeeper.png	3d9d65bf818eecf0fda699eab769ba63c3b782cf29147dd189e3d76e9048c3d1	Tangerine crab-prong circuit keeper with charcoal modular body, sparse multicolor signal traces, and the source face fully replaced by the fixed frontal aachat LCD.
nouns_classified_1973/B02-FAU__Fauna/noun-0202__head-moose.png	B02-FAU__Fauna/aachat-forge-fauna-russet-antler-field-medic.png	0f8bebd1930d2550d4a2b664c1b6cbf3fd74e0564b8782222fb93bb9e13355cf	Reference-mode block-built moose field medic with russet stepped antlers, cream clinical tunic, and cobalt plus accent; original face fully replaced by the fixed LCD.
nouns_classified_1973/B02-FAU__Fauna/noun-0208__head-werewolf.png	B02-FAU__Fauna/aachat-forge-fauna-violet-brim-moonstalker.png	a8dd66aa42cfe15c6860c0514f8e648389e9faa881bc454a9281df7cbaf37baf	Reference-mode Level 4 werewolf trail guardian with stepped brown ear-and-fur crown, violet modular body, hot-pink band accents, tiny yellow trim, and the original face fully replaced by the fixed aachat LCD.
nouns_classified_1973/B02-FAU__Fauna/noun-0211__head-bigfoot-yeti.png	B02-FAU__Fauna/aachat-forge-fauna-ivory-snowstep-guardian.png	d2be21151dad573ae8e8a64880288993fa5f0d7dbbcbc2a8932bafdda27e5d50	Reference-mode Level 4 alpine snow guardian with oversized stepped ivory head shell, long block-built arms, broad snowstep feet, restrained coral and cobalt accents, and the original face fully replaced by the fixed aachat LCD.
nouns_classified_1973/B02-FAU__Fauna/noun-0213__head-owl.png	B02-FAU__Fauna/aachat-forge-fauna-ivory-brow-mosaic-watcher.png	b5670556e2dddca99aa72c42bb54d3aadcfc9616aff78b0e941a2346ef1017f7	Level 4 fauna reinterpretation: squared ivory owl hood, black multicolor-inlay collar, vivid checker module mantle, generous full-body white margins, and complete source-face replacement around the fixed aachat LCD.
nouns_classified_1973/B02-FAU__Fauna/noun-0215__head-moose.png	B02-FAU__Fauna/aachat-forge-fauna-chestnut-antler-hearthkeeper.png	234d284812443a345d69dcde057b46c99b721886bfbce65ad527cf54373564f6	Chestnut moose hearthkeeper with broad pale-tan modular antlers, rust-orange chest tiles, coarse square 3D construction, and a fully integrated fixed aachat LCD replacing the source face.
nouns_classified_1973/B02-FAU__Fauna/noun-0217__head-panda.png	B02-FAU__Fauna/aachat-forge-fauna-sunflower-ear-pathkeeper.png	9f82b8e14074e30053d76fba8e4ed5518c59e07f4b2ce507dd8da87978770efb	Sunflower-yellow modular panda pathkeeper with black stepped ears, ivory cube-built LCD housing, plain yellow torso, and the source face fully replaced by the fixed frontal aachat LCD.
nouns_classified_1973/B02-FAU__Fauna/noun-0222__head-dino.png	B02-FAU__Fauna/aachat-forge-fauna-verdant-snout-trail-warden.png	5e09bfa9cb1677af2b3d5570ed85344734179ca76cb668b757f552952f8cd1de	Jade-green coarse-module dinosaur trail warden with a stepped snout shell, external block teeth, red field tunic, and fully integrated fixed LCD face.
nouns_classified_1973/B02-FAU__Fauna/noun-0225__head-grouper.png	B02-FAU__Fauna/aachat-forge-fauna-olive-gill-reef-warden.png	7f1bff6d34a10d8ab0aae6858d430d3181b9707458921f936b46389a5e7dd59f	Broad olive-russet grouper shell with dark stepped fins, cream-lime markings, charcoal modular body, orange-red chest mosaic, and complete source-face replacement around the fixed aachat LCD.
nouns_classified_1973/B02-FAU__Fauna/noun-0226__head-unicorn.png	B02-FAU__Fauna/aachat-forge-fauna-pastel-horn-skycourser.png	377dea5c9462cb560409662de4f2ab353e4c06befff5323a3ffc20c410e5bafe	Pastel ivory-and-cyan sky-running unicorn with a golden modular horn, violet stepped mane and tail, pink structural collar band, four complete block-built legs, and the source face fully replaced by the fixed frontal aachat LCD.
nouns_classified_1973/B02-FAU__Fauna/noun-0227__head-goldfish.png	B02-FAU__Fauna/aachat-forge-fauna-indigo-gill-bubble-keeper.png	c6cd0351774160a91dd08c3b6c6e55b5e1cffbf4a261e3b1188550ee26f54efb	Reference-mode Level 4 goldfish bubble keeper with a wide aqua stepped head shell, indigo modular body, orange fin and band accents, and a bubble-wand prop; the original face is fully replaced by the fixed aachat LCD.
nouns_classified_1973/B02-FAU__Fauna/noun-0242__head-kangaroo.png	B02-FAU__Fauna/aachat-forge-fauna-coral-stripe-pouch-runner.png	fe975e87b1b0bb96f2b8056ccdfa184525f25d38b4cbe6756b3f76700ea7dcc1	Coarse modular pale-grey kangaroo with long coral inner ears, coral-and-green striped torso, strong hind legs, integrated pouch, balancing tail, and the source face fully replaced by the fixed frontal aachat LCD.
nouns_classified_1973/B02-FAU__Fauna/noun-0244__head-duck.png	B02-FAU__Fauna/aachat-forge-fauna-ivory-bill-reed-courier.png	0161e7bcf5ac46e66b547816af79c14dca84910262c18e22761e0ff09c740850	Squared ivory duck shell, compact 28:17 cobalt LCD, broad sunflower-gold bill and webbed feet, pale-gray modular courier body, reed-route baton, generous full-body margins, and complete source-face replacement.
nouns_classified_1973/B02-FAU__Fauna/noun-0256__head-raven.png	B02-FAU__Fauna/aachat-forge-fauna-charcoal-crown-sun-sentinel.png	9d62832b2c9d78f03f23487821429d3540bd3457acb12c858dfe6b6c276061cc	Stepped charcoal raven crown and layered wings, golden chest modules, and restrained vermilion collar accents rebuilt around the fixed LCD with the source face fully removed.
nouns_classified_1973/B02-FAU__Fauna/noun-0262__head-bat.png	B02-FAU__Fauna/aachat-forge-fauna-mahogany-batwing-dusk-keeper.png	b63bfe840c5fd9413ab12608b4320d808cc574f66a103b9f8c6b86cfe95f899a	Stepped mahogany batwing cowl, compact pale warm-gray modular body, abstract red-green-blue chest blocks, generous full-body margins, and the source face fully rebuilt around the fixed integrated aachat LCD.
nouns_classified_1973/B02-FAU__Fauna/noun-0263__head-crab.png	B02-FAU__Fauna/aachat-forge-fauna-apricot-checker-shellrunner.png	1a8a2f639ade57b930f82682b1da65f80eb6a792ab233e196edbe029fec89c57	Apricot stepped canopy shell with cobalt-apricot checker torso and broad segmented side limbs; source face fully replaced by integrated canonical LCD.
nouns_classified_1973/B02-FAU__Fauna/noun-0270__head-flamingo.png	B02-FAU__Fauna/aachat-forge-fauna-rose-neck-post-keeper.png	35a62f0fd2b6cb7f5af52e3efd54f7238fc99272fe8860a30469ea789e7ef501	Rose-pink flamingo post keeper with a stepped S-curved neck, compact crimson parcel torso, amber inset panels, long stilt legs, coarse square 3D modules, and the source face fully replaced by the fixed frontal aachat LCD.
nouns_classified_1973/B02-FAU__Fauna/noun-0274__head-bear.png	B02-FAU__Fauna/aachat-forge-fauna-chestnut-moss-tunic-guardian.png	9ac8fb3ca04ccced5e0a1082e8637f79215451ef583913f744f8dc5c71a50419	Broad square-headed chestnut bear guardian with small block ears, moss-green tunic, restrained cobalt accents, fully integrated fixed LCD, and consistent coarse square 3D modules.
nouns_classified_1973/B02-FAU__Fauna/noun-0276__head-flamingo.png	B02-FAU__Fauna/aachat-forge-fauna-rose-bill-lagoon-sentinel.png	d2ef3fda3669e8d85fb25dec8d91bc17bc3d5447bec886f890e18e81bde0d23b	Reference-mode rose-pink flamingo lagoon sentinel with stepped crown, long modular legs, charcoal crown tip, and the original face fully replaced by the fixed frontal aachat LCD.
nouns_classified_1973/B02-FAU__Fauna/noun-0282__head-ducky.png	B02-FAU__Fauna/aachat-forge-fauna-saffron-bill-pond-strider.png	a384e2583ce845b3b2b84a861b4d5c5b74867fa57ef833819bc31ba1c418da61	Reference-mode Level 4 duck-inspired pond pathfinder with a saffron modular head shell rebuilt around the fixed aachat LCD, black frame body, mint panels, orange collar accents, and generous full-body margins.
nouns_classified_1973/B02-FAU__Fauna/noun-0283__head-cow.png	B02-FAU__Fauna/aachat-forge-fauna-ivory-horn-amber-grazer.png	49a80847483267d39ddc99a40787879d6e055dc654c0f02e2cd4fdb639299050	Ivory-horn amber grazer with a broad cream bovine module shell, charcoal horn blocks, orange work tunic, golden bell ornament, cobalt accents, and a fully integrated fixed aachat LCD replacing the source face.
nouns_classified_1973/B02-FAU__Fauna/noun-0291__head-whale-alive.png	B02-FAU__Fauna/aachat-forge-fauna-cobalt-fluke-songbearer.png	8cdb35e867febd4003ddde67c9b0e69ea3ea3ce62965333a595791ac6cfe7853	Broad cobalt whale-head LCD shell with a stepped side fluke, pale aqua underjaw, compact scarlet tunic, generous full-body margins, and complete replacement of the source face using consistent coarse square 3D modules.
nouns_classified_1973/B02-FAU__Fauna/noun-0295__head-ducky.png	B02-FAU__Fauna/aachat-forge-fauna-sunlit-wing-pond-pioneer.png	89c70d15e54021de87a6af6df34bcef2c60bdb35a4a816e94a8ba06f6a167cbb	Sunlit-yellow coarse-module pond pioneer with cream chest panel, orange structural band and webbed boots, wing-shaped arms, stepped tail, and the source face fully replaced by the fixed frontal aachat LCD.
nouns_classified_1973/B02-FAU__Fauna/noun-0302__head-mouse.png	B02-FAU__Fauna/aachat-forge-fauna-charcoal-mosaic-mouse-keeper.png	cf1d235d88dd6e5535385688c8823101e91400854d6041827ba26008c73a487a	Reference-mode mouse reinterpretation with squared ears, charcoal-gray-ochre coarse modules, mosaic chest, single tail, and complete LCD face replacement.
nouns_classified_1973/B02-FAU__Fauna/noun-0303__head-unicorn.png	B02-FAU__Fauna/aachat-forge-fauna-rose-mane-prism-steward.png	1b745d8bb40a58e8edea7fc5e614e5f6faa85b659aecf448e7c8dfe3bed7fcd5	Reference-mode Level 4 unicorn steward with a broad ivory LCD head shell, golden stepped horn, mint-coral-cobalt mane, rose modular tunic, generous full-body margins, and complete source-face replacement around the fixed aachat LCD.
nouns_classified_1973/B02-FAU__Fauna/noun-0311__head-werewolf.png	B02-FAU__Fauna/aachat-forge-fauna-rose-check-moon-prowler.png	d742c8ff81bdbb1898797eae79672066d3d54a4b38af2770b5d6ba14923339ce	Broad stepped brown wolf ears and tan modular fur frame the canonical LCD; a vivid rose-pink and cool-gray checker tunic preserves the source design language in a bright coarse-module full-body form.
nouns_classified_1973/B02-FAU__Fauna/noun-0313__head-rabbit.png	B02-FAU__Fauna/aachat-forge-fauna-frost-ear-signal-runner.png	6230cdb40d0634da441abb37c8337964270f991123425d14805c08254deeeb65	Pale ice-blue rabbit signal runner with twin gray ear posts, sparse vivid-orange structural bands, slim modular body, and complete source-face replacement around the fixed aachat LCD.
nouns_classified_1973/B02-FAU__Fauna/noun-0322__head-cow.png	B02-FAU__Fauna/aachat-forge-fauna-lime-patch-barn-steward.png	50ce54eaaff578df9db6b410ebad64cb3c6342246f1c39606bedcbebb616d149	Broad ivory-and-charcoal bovine LCD shell, twin black horn blocks and pink inner ears, lime collar and cuffs, dark slate steward tunic with sparse colored tiles, and complete source-face replacement rebuilt as consistent coarse square 3D modules.
nouns_classified_1973/B02-FAU__Fauna/noun-0328__head-frog.png	B02-FAU__Fauna/aachat-forge-fauna-chartreuse-brow-reed-hopper.png	60faa8d5c0f36e265ff97f0bf12daf893e5971485edfae41b08eb0069fee8d88	Bright chartreuse frog-inspired reed hopper with a wide stepped amphibian brow, pale cream throat band, white chest modules, sturdy webbed block feet, and the source face fully replaced by the fixed frontal aachat LCD.
nouns_classified_1973/B02-FAU__Fauna/noun-0332__head-zebra.png	B02-FAU__Fauna/aachat-forge-fauna-lime-stripe-steppe-scout.png	4b71d5921c2cc93deb8f1ab02ad81bb42c142912fd539314dabae276a1d0622f	Reference-mode lime zebra steppe scout with a striped modular LCD head shell, lime block suit, and violet chest tab; Level 4 only.
nouns_classified_1973/B02-FAU__Fauna/noun-0335__head-croc-hat.png	B02-FAU__Fauna/aachat-forge-fauna-jade-croc-brim-keeper.png	953df65895fce5ec4ebd8cffea5ee37ef8e369220b624d5d2b64b4898bab511a	Coarse modular ivory-and-jade croc-brim keeper with a charcoal crown, stepped tail, and the source face fully replaced by the fixed frontal aachat LCD.
nouns_classified_1973/B02-FAU__Fauna/noun-0337__head-goat.png	B02-FAU__Fauna/aachat-forge-fauna-cobalt-russet-horn-trekker.png	fe5c1365f63da3e7382302f5ff90d8d90129315c9d26f889b0778195c347d542	Cobalt and vermilion striped goat trekker with pale stone modular head housing, russet block horns and ears, broad hoof boots, and a fully integrated fixed aachat LCD replacing the complete source face.
nouns_classified_1973/B02-FAU__Fauna/noun-0338__head-ape.png	B02-FAU__Fauna/aachat-forge-fauna-lavender-brow-canopy-runner.png	91faf8bd1a4002daa2546ce83482b142f2cf0aeea5a32a09bd07ce4d3b003180	Broad stepped lavender-gray ape canopy shell, squared side ears, slender warm-ivory body, charcoal collar and limbs, restrained burnt-orange tiles, long modular arms, curling tail, generous full-body white margins, and complete source-face replacement around the fixed aachat LCD.
nouns_classified_1973/B02-FAU__Fauna/noun-0344__head-pufferfish.png	B02-FAU__Fauna/aachat-forge-fauna-tangerine-quill-stripe-warden.png	e7b657e2c0fce6d367ac48f0a241de944a5af985a166cf4afc1a73d3fc91c1d1	Tangerine pufferfish warden with a stepped quill crown, warm-cream LCD inset, coral and burgundy striped torso, slim dark legs, generous full-body white margin, and consistent coarse square 3D modules.
nouns_classified_1973/B02-FAU__Fauna/noun-0347__head-shark.png	B02-FAU__Fauna/aachat-forge-fauna-violet-fin-deepwatcher.png	a6a665f53ee1d555e3f6c74763ce78ea77db9dc9d98b03a82c6b515c676190de	Violet-blue upright shark deepwatcher with electric-blue stepped dorsal and tail fins, lime head rim, compact modular limbs, generous full-body margins, and the complete source face structurally replaced by the fixed aachat LCD in consistent coarse square 3D modules.
nouns_classified_1973/B02-FAU__Fauna/noun-0352__head-duck.png	B02-FAU__Fauna/aachat-forge-fauna-citrine-bill-mosaic-guide.png	0eec869ff95546b51c8742c047c83610bdc8b43f53e14b284b21e7b7ce02d2e9	Reference-mode Level 4 duck guide with a broad pale modular head shell, citrine structural bill brim, red-cobalt-white mosaic tunic, orange webbed feet, and complete source-face replacement around the fixed aachat LCD.
nouns_classified_1973/B02-FAU__Fauna/noun-0359__head-moose.png	B02-FAU__Fauna/aachat-forge-fauna-cinnamon-antler-gridwalker.png	a5181aa2bc3a1af468422762df37f727e8878df7811985e46e9ff0ef38064001	Broad stepped tan moose antlers, an integrated cocoa LCD head shell, a cobalt checker-knit tunic, dark modular hooves, abundant full-body margins, and complete source-face replacement around the fixed aachat LCD.
nouns_classified_1973/B02-FAU__Fauna/noun-0361__head-mouse.png	B02-FAU__Fauna/aachat-forge-fauna-lime-square-ear-cablekeeper.png	5e9f9c03e63f12043017f1dbaf0f2b29e28e1b1fda9b99c2dd4633c85d9f85fd	Square-eared lime mouse cablekeeper with a clean integrated LCD and one stepped black cable-tail, built consistently from coarse modules.
nouns_classified_1973/B02-FAU__Fauna/noun-0368__head-oyster.png	B02-FAU__Fauna/aachat-forge-fauna-rose-shell-tide-warden.png	218084f6be72d7cd17750c8b06ee58ad92b63ba78d1380ce97b57ad50d53869d	Stepped dusty-rose oyster-shell LCD housing, pearl-white modular body, tiny teal chest inset, generous full-body margins, and complete source-face replacement rebuilt in coarse square 3D modules.
nouns_classified_1973/B02-FAU__Fauna/noun-0373__head-cat.png	B02-FAU__Fauna/aachat-forge-fauna-neon-whisker-signalkeeper.png	fb39b259cebf4dfbfe83f77197ff8c0fac6cd225a68f8f68230feb55300cf4fb	Stepped black cat-ear shell, pale aqua inner ears, lime modular whiskers, hot-magenta body, black square-built chest medallion, and segmented tail rebuilt around the fixed aachat LCD.
nouns_classified_1973/B02-FAU__Fauna/noun-0374__head-dino.png	B02-FAU__Fauna/aachat-forge-fauna-emerald-snout-magenta-strider.png	f1437ae5ce89b7c2945a0acdae21e7910ec0ca533b08babc4ce77d91bbcc0905	Broad stepped emerald dinosaur shell rebuilt around the fixed frontal aachat LCD, with a magenta modular tunic, warm-orange bands, violet boots, compact tail, generous full-body margins, and the original face fully removed.
nouns_classified_1973/B02-FAU__Fauna/noun-0377__head-frog.png	B02-FAU__Fauna/aachat-forge-fauna-verdant-mosaic-spring-leaper.png	54506ecabe466266b7313a8ee78375fc4767bb72a95f85b297fcbb0317d8df66	Lime frog-inspired stepped module silhouette with a magenta band, cyan-magenta-violet checker mosaic, broad spring-ready feet, and the original face fully replaced by the fixed frontal aachat LCD.
nouns_classified_1973/B02-FAU__Fauna/noun-0378__head-fox.png	B02-FAU__Fauna/aachat-forge-fauna-orange-fox-sign-bearer.png	2069d1ff818efc823873e228439cf9fad50fde7ad95395fa87944bba43f6d618	Orange fox sign-bearer rebuilt as coarse square 3D modules with a fully integrated fixed aachat LCD, preserved orange tail and blue-violet uniform, and generous full-body white-space framing.
nouns_classified_1973/B02-FAU__Fauna/noun-0380__head-aardvark.png	B02-FAU__Fauna/aachat-forge-fauna-terracotta-snout-orbit-digger.png	979382e8c814a32731c64e69131402a97a1e1567e184a355eda6d6d1433e81a2	Terracotta-and-sand aardvark orbit-digger with tall twin ears, a blank stepped snout shell, charcoal modular work body, cobalt orbital chest medallion, broad digging boots, and the source face fully replaced by the fixed frontal aachat LCD.
nouns_classified_1973/B02-FAU__Fauna/noun-0382__head-crab.png	B02-FAU__Fauna/aachat-forge-fauna-tangerine-pincer-stiltwalker.png	d5428ce2f8c5db405b898a63d079c82c0ef36b66b3d2e4ad800b2fa47dea8cf1	Broad stepped tangerine crab carapace with symmetrical raised pincer extensions, pale inset shell band, narrow ivory stilt body, sparse charcoal joints, and complete source-face replacement rebuilt around the fixed frontal aachat LCD in consistent coarse square 3D modules.
nouns_classified_1973/B02-FAU__Fauna/noun-0383__head-panda.png	B02-FAU__Fauna/aachat-forge-fauna-charcoal-ear-ember-attendant.png	fce06d158a1be02a4ada6ba83d962907cd238c145e0993506e0bc82224e1b793	Charcoal paired-ear silhouette, ivory modular head shell, and ember-rust attendant coat rebuilt in coarse square 3D modules; the source glasses and face are fully replaced by the fixed aachat LCD.
nouns_classified_1973/B02-FAU__Fauna/noun-0385__head-ape.png	B02-FAU__Fauna/aachat-forge-fauna-plum-crown-token-keeper.png	1ba5b5b25d646e28c90a073bd36c20b91144e2d2f1bf4e1db03b70db4a40151c	Broad stepped plum canopy crown, squared side ears, long modular arms, magenta keeper tunic, gold circular chest clasp, dark block hands and feet, and complete source-face replacement around the fixed frontal aachat LCD.
nouns_classified_1973/B02-FAU__Fauna/noun-0386__head-unicorn.png	B02-FAU__Fauna/aachat-forge-fauna-opal-horn-spectrum-keeper.png	143c6e5b4afbc7965fb2dccb3e773cf58b407890602316bb4b59cfcd765fe709	Ivory LCD unicorn spectrum keeper with a stepped gold horn, restrained rainbow mane, pink structural head band, charcoal mosaic tunic, broad full-body white margins, and complete source-face replacement in consistent coarse square 3D modules.
nouns_classified_1973/B02-FAU__Fauna/noun-0387__head-bear.png	B02-FAU__Fauna/aachat-forge-fauna-copper-ear-tie-roamer.png	90320e0283e8f71686259863f7b7289867e157f4a42bd0ea4ae7527b2aa3e576	Level 4 fauna bear wanderer preserving squared bear ears, warm brown-charcoal and pale palette, restrained copper accents, and black-amber tie motif; the source face is fully replaced by the fixed integrated LCD in coarse square 3D modules; no Level 5 generated.
nouns_classified_1973/B02-FAU__Fauna/noun-0389__head-flamingo.png	B02-FAU__Fauna/aachat-forge-fauna-coral-spiral-reed-warden.png	6d56c2978b9725c3e69c4c6e7b1d5b9fcf9e00c102099329d5fb74eff51c77bd	Coral-pink flamingo spiral reed warden with a turquoise modular body, salmon structural rail, black-and-white chest beacon, long stilt legs, and the source face fully replaced by the fixed frontal aachat LCD.
nouns_classified_1973/B02-FAU__Fauna/noun-0390__head-moose.png	B02-FAU__Fauna/aachat-forge-fauna-copper-antler-rust-tunic.png	7050451ec6a77de37ea29c721478b43a9efb4b7926a1cffb996db23be1ba000e	Broad copper antlers and rust tunic preserved as coarse square modules; original face and glasses fully replaced by the fixed 1.65:1 aachat LCD.
nouns_classified_1973/B02-FAU__Fauna/noun-0396__head-croc-hat.png	B02-FAU__Fauna/aachat-forge-fauna-moss-snout-checker-keeper.png	8a0f9820137849d57cdff1f1ed6d6fe54a605b0214ffea4ab23fd61dd5ae9ca3	Reference-mode crocodile-hood keeper with a moss block snout and black brim, purple-cobalt checker tunic, and the complete original face structurally replaced by the fixed aachat LCD.
nouns_classified_1973/B02-FAU__Fauna/noun-0399__head-fox.png	B02-FAU__Fauna/aachat-forge-fauna-copper-fox-pillar-scout.png	11639e0cc6d46c168546f81b3453caaef479912b3851eec71e8a67a42d7957d6	Copper-orange fox trail mantle wrapped around a tall ivory pillar scout, twin stepped ear posts, long lateral tail band, charcoal limbs and boots, generous full-body margins, and complete source-face replacement around the fixed aachat LCD.
nouns_classified_1973/B02-FAU__Fauna/noun-0411__head-unicorn.png	B02-FAU__Fauna/aachat-forge-fauna-prism-horn-checker-sentinel.png	738af3d21c0b2ec15378ad273b8da39788d66f6e3e222912163d74e88e764802	Reference-mode Level 4 unicorn sentinel preserving the single ivory horn, rainbow crest and mane, pink shell, and magenta-burgundy checker tunic; the original face is fully replaced by the fixed aachat LCD, with coarse square 3D modules and generous full-body white margins.
nouns_classified_1973/B02-FAU__Fauna/noun-0413__head-mosquito.png	B02-FAU__Fauna/aachat-forge-fauna-rust-needle-signal-keeper.png	61bc77fa806c8e90c72158f3643fd175a00837627bebddc21398705f94a219fc	Rust-red coarse-module mosquito signal keeper with an orange body, lime structural bands, cobalt chest tile, broad translucent block wings, a detached sampling wand replacing the source proboscis, and the original face fully rebuilt around the fixed frontal aachat LCD.
nouns_classified_1973/B02-FAU__Fauna/noun-0418__head-chicken.png	B02-FAU__Fauna/aachat-forge-fauna-scarlet-comb-roostkeeper.png	b61fac591ba2ac59b886dbdcd585d799c5fd18b62818fb95d80c7569a3655ed8	Warm-white chicken head shell with stepped scarlet comb, charcoal roostkeeper body, amber breast fastener, and red talon-like feet rebuilt as coarse square modules around the fixed LCD.
nouns_classified_1973/B02-FAU__Fauna/noun-0420__head-whale-alive.png	B02-FAU__Fauna/aachat-forge-fauna-cerulean-fluke-sonar-keeper.png	e4d6b0c9a2fcffcd9fa107b1d42eb0ffdc1903970c8360c8ffe19a36e87b981b	Cerulean whale-headed scout with raised block fluke, charcoal module suit, and fully integrated canonical LCD replacing the original face.
nouns_classified_1973/B02-FAU__Fauna/noun-0423__head-cat.png	B02-FAU__Fauna/aachat-forge-fauna-mint-whisker-beacon-keeper.png	192c954f062b9c3d3c70ca0aa66d7ee0d9935c6e9342ae0b0f4babc9f181f1ed	Level4 Reference mode: mint-cyan modular cat with black white-tipped ears and pale-blue side whisker fins; original face fully replaced by the fixed 1.65:1 aachat LCD; no Level5 generated.
nouns_classified_1973/B02-FAU__Fauna/noun-0430__head-aardvark.png	B02-FAU__Fauna/aachat-forge-fauna-coral-snout-burrow-surveyor.png	16e65fe3963e909fdd881a425ba17354ca880909492187cce81bebd8c8d90bfd	Coarse coral-and-slate aardvark module form with twin upright ears, a broad horizontal head shell around the fixed frontal cobalt LCD, sturdy digging feet, and a segmented tail.
nouns_classified_1973/B02-FAU__Fauna/noun-0432__head-unicorn.png	B02-FAU__Fauna/aachat-forge-fauna-lavender-prism-horn-pathfinder.png	d7a70837adf9b8b564e00a71cb35addfc504e4d472ad4a47a35f5c71554ded6b	Lavender unicorn pathfinder with a warm block horn, rainbow mane and tail, cobalt modular body, and complete source-face replacement around the fixed aachat LCD.
nouns_classified_1973/B02-FAU__Fauna/noun-0436__head-chameleon.png	B02-FAU__Fauna/aachat-forge-fauna-verdant-turret-tail-scout.png	aae0f0ecbb5c0de21ccb8bbeba9f6d46d3737cd1b526eb3e39760258b4368afe	Reference-mode Level 4 chameleon scout with a broad stepped green canopy, coral modular suit, curled tail, and a fully integrated 1.65:1 fixed LCD.
nouns_classified_1973/B02-FAU__Fauna/noun-0437__head-shark.png	B02-FAU__Fauna/aachat-forge-fauna-cobalt-dorsal-tidewalker.png	e78110792be70e98af8a30b6142198377fc1b729ec23fbd3b53e1565cf030051	Cobalt modular shark tidewalker with a dorsal-fin head shell, integrated frontal fixed LCD, cyan accents, and generous full-body white-space framing.
nouns_classified_1973/B02-FAU__Fauna/noun-0438__head-crab.png	B02-FAU__Fauna/aachat-forge-fauna-tangerine-pincer-checker-warden.png	28134099ebef74d67b2c81d6cb63871b7ac4df58510f5f186aea528e751c275c	Paired tangerine pincer arches frame the fixed frontal aachat LCD above a black-magenta-violet-white-cyan checker torso, with coarse square modules, safe full-body margins, and the original face fully removed.
nouns_classified_1973/B02-FAU__Fauna/noun-0443__head-werewolf.png	B02-FAU__Fauna/aachat-forge-fauna-copper-mane-medallion-sentry.png	0224646b2e18856e29b5bec548c0db362b004ebe7c0802ef0b0c26fd4d680c4c	Copper-brown modular werewolf sentry with squared ears, silver cheek mane, crimson tunic, plain gold medallion, and the fixed LCD fully replacing the original face.
nouns_classified_1973/B02-FAU__Fauna/noun-0445__head-croc-hat.png	B02-FAU__Fauna/aachat-forge-fauna-turquoise-jaw-brim-scout.png	7251efc00c1156637521e13845d41df10af5c1a49d353f8747ad7ebf5de02b68	Reference-mode Level 4 preserving the turquoise crocodile-jaw hat silhouette, black crown, and yellow body; original face fully replaced by the fixed aachat LCD in coarse square 3D modules.
nouns_classified_1973/B02-FAU__Fauna/noun-0446__head-jellyfish.png	B02-FAU__Fauna/aachat-forge-fauna-orchid-bell-patternkeeper.png	1b440357b784cd0800a46172aa631559f851a4eb1e9fec3672a940efafc5088d	Broad stepped orchid-pink jellyfish bell LCD housing, paired hanging module tentacles, rust-red tunic with sparse cobalt-orange-green pattern tiles, generous full-body white margins, and complete source-face replacement in consistent coarse square 3D modules.
nouns_classified_1973/B02-FAU__Fauna/noun-0448__head-mosquito.png	B02-FAU__Fauna/aachat-forge-fauna-scarlet-needle-aerial-scout.png	c50edf0980a10515adf12a78aba82b035683d3d0fc2ca491c2ab25b6889aba18	Scarlet stepped mosquito scout with paired segmented antennae, a long side-mounted needle proboscis, translucent modular wings, dark segmented abdomen, and the original face fully replaced by the fixed frontal aachat LCD.
nouns_classified_1973/B02-FAU__Fauna/noun-0451__head-dino.png	B02-FAU__Fauna/aachat-forge-fauna-mint-jaw-amber-bearer.png	25fe10398552eed175545eec6bce9dc8b3877bc63ff9c5c1d0d86772db2dcb19	Mint modular dinosaur sentinel with a broad stepped snout housing, black crown ridge, white neck collar, amber linked chest medallion, compact tail, and the original face fully replaced by the fixed frontal aachat LCD.
nouns_classified_1973/B02-FAU__Fauna/noun-0453__head-chicken.png	B02-FAU__Fauna/aachat-forge-fauna-ivory-comb-dawn-steward.png	150528dc13b126b65415c6be36bdf49d70b88624f62f5854b531184141b40631	Reference-mode Level 4 chicken steward with ivory modular plumage, scarlet stepped comb, golden chest and talon accents, and complete source-face replacement by the fixed aachat LCD.
nouns_classified_1973/B02-FAU__Fauna/noun-0462__head-moose.png	B02-FAU__Fauna/aachat-forge-fauna-tan-antler-token-keeper.png	32874aad84d406beafdbff996fe9fcd20fa17cc2c495d53930def88f308a2f31	Reference-mode Level 4 tan-antler token keeper with wide sand modular antlers, a compact brown LCD shell, charcoal tunic, golden token pendant, generous full-body white margins, and complete source-face replacement by the fixed aachat LCD.
nouns_classified_1973/B02-FAU__Fauna/noun-0465__head-orca.png	B02-FAU__Fauna/aachat-forge-fauna-inkwave-dorsal-voyager.png	6868bb023704fe624d94c075f6828017e5345bda952da2de85a3ea0dddfbc3d9	Charcoal modular orca voyager with stepped dorsal crest and tail, magenta structural bands, lime chest signal, and complete face replacement by the integrated frontal fixed LCD.
nouns_classified_1973/B02-FAU__Fauna/noun-0467__head-oyster.png	B02-FAU__Fauna/aachat-forge-fauna-coral-shell-camo-scout.png	8ce5f667820a2e3aa05ce3a5e9a529e1923452b604fde5f4effe033b9e953cb8	Broad layered blush-coral oyster shell, charcoal ash and ivory camouflage field suit, spacious full-body catalog framing, and complete source-face replacement rebuilt as consistent coarse square 3D modules around the fixed aachat LCD.
nouns_classified_1973/B02-FAU__Fauna/noun-0468__head-cow.png	B02-FAU__Fauna/aachat-forge-fauna-rainbow-horn-pasture-keeper.png	ad9b625f8f004c2a0f9e6864af4cca2222118311d49b5ede112f962f5cc082f5	Rainbow-striped cow-inspired pasture keeper with a white block horn shell, black hoof accents, and complete LCD face replacement.
nouns_classified_1973/B02-FAU__Fauna/noun-0471__head-moose.png	B02-FAU__Fauna/aachat-forge-fauna-walnut-antler-mosaic-roamer.png	4ec9a0095f6b309991216794388c3bcf5590a1113387ee5d8fce22eeee88907c	Reference-mode moose roamer preserving pale branched antlers and an ochre-cream mosaic pelt; original face fully replaced by the integrated canonical LCD in a compact coarse-module full-body Level 4 form.
nouns_classified_1973/B02-FAU__Fauna/noun-0484__head-dino.png	B02-FAU__Fauna/aachat-forge-fauna-jade-longneck-pathfinder.png	f4d8a3a13890aff0e3703fee952209d08dfd45558ddd203dbae34d77bd21afc1	Jade-green coarse-module longneck dinosaur pathfinder with an elongated stepped head shell, tall segmented neck, compact bipedal body, charcoal route medallion, restrained tail, generous full-body margins, and the source face fully replaced by the fixed frontal aachat LCD.
nouns_classified_1973/B02-FAU__Fauna/noun-0494__head-whale.png	B02-FAU__Fauna/aachat-forge-fauna-slate-baleen-tide-herald.png	d52a4605295e82a0d7804ef82eedfd782cd1c2e6dabe6504f5b6f00685b63d93	Slate-gray modular whale-head silhouette with complete integrated LCD face replacement, coral tide-herald tunic, cyan waterline accents, and generous full-body white-space framing.
nouns_classified_1973/B02-FAU__Fauna/noun-0495__head-squid.png	B02-FAU__Fauna/aachat-forge-fauna-magenta-tentacle-token-porter.png	2da524acd572b92290de0ea66ecbcaa83bb87cec6ce7cab88170008816223b6a	Reference-mode Level 4 squid token porter with a pointed magenta modular mantle, violet tentacle fringe, yellow square-module torso, pink-violet token prop, generous full-body margins, and complete source-face replacement around the fixed aachat LCD.
nouns_classified_1973/B02-FAU__Fauna/noun-0502__head-grouper.png	B02-FAU__Fauna/aachat-forge-fauna-olive-spine-collar-rover.png	986dd1b7999930e70650c8ba05a4a554a409059964a205fea7899cbc590cac3f	Broad olive-russet stepped grouper shell with a jagged dorsal spine, lime rim, beige modular body, cobalt-scarlet collar bands, generous full-body white margins, and complete source-face replacement by the fixed aachat LCD.
nouns_classified_1973/B02-FAU__Fauna/noun-0504__head-orangutan.png	B02-FAU__Fauna/aachat-forge-fauna-ember-mane-canopy-keeper.png	0ab08358c80651d0918ff588528be5a366b927b1608bcbfc4ddb824004f6447e	Reference-mode Level 4 orangutan canopy keeper with a broad ember-red stepped mane, pale powder-blue modular torso, long russet arms, charcoal hands and feet, generous full-body margins, and complete source-face replacement around the fixed aachat LCD.
nouns_classified_1973/B02-FAU__Fauna/noun-0510__head-horse-deepfried.png	B02-FAU__Fauna/aachat-forge-fauna-amber-mane-tunic-courser.png	50c424519d9ffd3aa20849321301b6fda9089e59c73a53a813534c8f28913e3b	Reference-mode amber-maned horse courser with square ears, stepped mane, royal-blue block tunic, and the complete original face structurally replaced by the fixed aachat LCD.
nouns_classified_1973/B02-FAU__Fauna/noun-0511__head-goldfish.png	B02-FAU__Fauna/aachat-forge-fauna-azure-bowl-tidekeeper.png	9f681819d25ceafc1b0a836dfad5c483e922af0f3cc9354121cfba20033f95a9	Wide stepped aqua bowl-head and cobalt waterline shell with amber fin plates, compact navy-and-ochre tidekeeper body, consistent coarse square 3D modules, and complete source-face replacement around the fixed frontal aachat LCD.
nouns_classified_1973/B02-FAU__Fauna/noun-0519__head-dog.png	B02-FAU__Fauna/aachat-forge-fauna-chestnut-tile-ear-hound.png	b41076ef212e19582e20b6bc7622a95f9b4b4e6bc9c1db9b28751c65ff09544b	Chestnut canine sentinel with broad tiled ears, emerald side accents, plain graphite tunic, and complete LCD face replacement.
nouns_classified_1973/B02-FAU__Fauna/noun-0526__head-unicorn.png	B02-FAU__Fauna/aachat-forge-fauna-mint-horn-mosaic-herald.png	6c5c75b7f37f06daa76ac9474d6dbd000472f27ad01f0e68541876ac0a1bf209	White modular unicorn herald with one gold horn, stepped rainbow mane, mint tunic, pink accents, and abstract gold chest mosaic; original face fully replaced by the fixed aachat LCD.
nouns_classified_1973/B02-FAU__Fauna/noun-0527__head-cat.png	B02-FAU__Fauna/aachat-forge-fauna-charcoal-whisker-signal-runner.png	ab5cfe462457535a8772d0357b6d87c65641deb1e3b491dde2a2d1610c151805	Charcoal block cat signal-runner with cyan ear insets, structural whisker rails, stepped tail, and lightning chest badge; original face fully replaced by the fixed aachat LCD.
nouns_classified_1973/B02-FAU__Fauna/noun-0528__head-orangutan.png	B02-FAU__Fauna/aachat-forge-fauna-scarlet-brow-canopy-gatherer.png	716ff790d2298330d809673f1edf0f804ccb97a2fb320480ad505fbbcf5fb84b	Scarlet stepped canopy brow, coral-orange modular body, long simian arms, dark block hands and feet, and complete source-face replacement around the fixed frontal aachat LCD.
nouns_classified_1973/B02-FAU__Fauna/noun-0529__head-panda.png	B02-FAU__Fauna/aachat-forge-fauna-ink-ear-panel-steward.png	d412dd42243ae88c94356e6638cbf7d87a982b35efafdcd16f3d3f8b36e74f5f	Compact black-and-ivory panda panel steward built from consistent coarse square modules, with paired block ears, a plain charcoal torso, generous full-body white margins, and the source face fully replaced by the fixed frontal aachat LCD.
nouns_classified_1973/B02-FAU__Fauna/noun-0532__head-cat.png	B02-FAU__Fauna/aachat-forge-fauna-midnight-whisker-medallion-prowler.png	1312645f6e233232c256366bb92a35139301105131700fb4ac6681abb2553801	Compact midnight cat sentinel preserving black ears, cream shell accents, cyan whisker modules, and a gold chest medallion, with the original face fully replaced by the fixed aachat LCD.
nouns_classified_1973/B02-FAU__Fauna/noun-0536__head-frog.png	B02-FAU__Fauna/aachat-forge-fauna-lime-pond-spark-keeper.png	ec4c6a504ed98da9e441a61caf94fa5fba62c5dc6dc983829d86cd2cf48f4d0e	Reference-mode Level 4 frog sentinel preserving the wide lime stepped crown, red-orange side hinges, deep-blue block tunic, and amber spark inlay; the original face was fully replaced by the canonical frontal LCD.
nouns_classified_1973/B02-FAU__Fauna/noun-0539__head-flamingo.png	B02-FAU__Fauna/aachat-forge-fauna-rose-plume-marsh-strider.png	458f5e8970f9026f86f192d8acd7e2f813aeb908c1ca8959c215531756f7fa2b	Reference-mode rose flamingo marsh strider with long stepped neck, compact magenta body, stilt legs, complete source face structurally replaced by the fixed aachat LCD, generous full-body white margins, and coarse square 3D modules.
nouns_classified_1973/B02-FAU__Fauna/noun-0540__head-orangutan.png	B02-FAU__Fauna/aachat-forge-fauna-vermilion-crown-canopy-climber.png	a6e5f98267241a0077781807cb706f6c6f5515c580a50ae85f2e1f44a033c35e	Vermilion stepped crown, charcoal-and-ivory LCD housing, cobalt-violet same-scale modular torso, long simian arms, complete source-face replacement, and source symbol removed.
nouns_classified_1973/B02-FAU__Fauna/noun-0550__head-flamingo.png	B02-FAU__Fauna/aachat-forge-fauna-coral-neck-lagoon-wader.png	d49756920925cc90afd8929a40ac73d34c05b979874e689ab2113cfd4c831665	Coral-pink lagoon wader with an abstract stepped neck-plume arch, rose-magenta and white structural bands, long modular stilt legs, black foot trim, and the source face fully removed and replaced by the fixed integrated aachat LCD; built from coarse square 3D modules with no Level 5 generated.
nouns_classified_1973/B02-FAU__Fauna/noun-0551__head-bigfoot-yeti.png	B02-FAU__Fauna/aachat-forge-fauna-ivory-snowcrown-apricot-porter.png	d87b1c6d38ef9fa7d54e32ed45bc789f549ed32e3cb41611d32719fdf90654dc	Compact ivory snow-crown alpine porter with an apricot module tunic, asymmetric green and pale-lavender arms, cobalt crown accent, broad block feet, and complete source-face replacement by the fixed frontal LCD in consistent coarse square 3D modules.
nouns_classified_1973/B02-FAU__Fauna/noun-0554__head-chicken.png	B02-FAU__Fauna/aachat-forge-fauna-ruby-comb-violet-roostguard.png	cf586b9f265343a61db311169dbbd5159099ba20203633695f5fcc630f994c17	Reference-mode Level 4 chicken roostguard with a warm-white modular LCD head shell, stepped ruby comb, vivid violet block torso, broad three-toed feet, generous full-body white margins, and complete source-face replacement by the fixed aachat LCD.
nouns_classified_1973/B02-FAU__Fauna/noun-0565__head-unicorn.png	B02-FAU__Fauna/aachat-forge-fauna-rose-horn-confetti-trotter.png	fdee695565889490d27494a4b1489c5cca638e05909bb1d1eb7b2cb00a81c44d	Level 4 Reference mode; pastel pink modular unicorn trotter with golden horn, mint-white-pink crest, blue-yellow block body, and source face fully replaced by the fixed frontal LCD.
nouns_classified_1973/B02-FAU__Fauna/noun-0566__head-kangaroo.png	B02-FAU__Fauna/aachat-forge-fauna-cobalt-checker-pouch-leaper.png	da68118278417f951e208599f8d43ce724ad30bc0b33dd88a6db9b988a387b4e	Reference-mode cobalt checker-pouch kangaroo with paired rust-coral ears, sturdy hind feet, a long balanced tail, and the original face fully replaced by the integrated fixed LCD.
nouns_classified_1973/B02-FAU__Fauna/noun-0571__head-frog.png	B02-FAU__Fauna/aachat-forge-fauna-lime-crown-sun-keeper.png	e3b45f3c61b47e4511bdf7d9f2c957da1a2a3f69e4580a308d0904ad6a1edff4	Lime frog-crown shell, cobalt modular tunic, small golden sun tile, sturdy blue block boots, and complete source-face replacement around the fixed aachat LCD.
nouns_classified_1973/B02-FAU__Fauna/noun-0572__head-pufferfish.png	B02-FAU__Fauna/aachat-forge-fauna-tangerine-spine-buoy-keeper.png	046f21f0daf4dc7e83ca2ac33d8930762f6cbfb03e77766e6a2896d0bbc6554e	Tangerine pufferfish buoy-keeper with radial square spines, side fins, cream and aqua block markings, and complete source-face replacement around the fixed aachat LCD.
nouns_classified_1973/B02-FAU__Fauna/noun-0577__head-dino.png	B02-FAU__Fauna/aachat-forge-fauna-verdant-plateback-trailkeeper.png	29abf6825100449918296d7eb86b7a462e28a4a4395b3f10b516f5811734abca	Broad verdant rectangular dinosaur shell rebuilt around the fixed LCD, with stepped white plateback accents, sturdy coarse-module limbs, and a low balanced tail; the original eyes and toothed mouth were fully removed.
nouns_classified_1973/B02-FAU__Fauna/noun-0580__head-scorpion.png	B02-FAU__Fauna/aachat-forge-fauna-golden-arc-pincer-keeper.png	e9d8640c02b07ceb55158a20774f7e1c92b3671369463a2f895f3890d55eda0f	Golden modular scorpion sentinel with an overhead segmented tail, jade tunic body, paired pincer gauntlets, and complete fixed LCD face replacement.
nouns_classified_1973/B02-FAU__Fauna/noun-0581__head-orca.png	B02-FAU__Fauna/aachat-forge-fauna-emerald-dorsal-harbor-envoy.png	bd8c382af3c509209a5e302f4f20601e149671dce1641f78db246425e6080401	Black-and-white orca module silhouette with dorsal fin, tail, emerald harbor uniform, and gold V-medallion; complete source face replaced by the frontal fixed aachat LCD.
nouns_classified_1973/B02-FAU__Fauna/noun-0584__head-duck.png	B02-FAU__Fauna/aachat-forge-fauna-ivory-crown-bill-steward.png	838c3fe31fea50ae8a34df8b8a23068de13f7ec4685c6898a387d5415d8e0d7c	Stepped ivory duck crown and solid warm-yellow bill brim over a charcoal steward tunic, fully rebuilt around the fixed frontal aachat LCD in coarse square modules.
nouns_classified_1973/B02-FAU__Fauna/noun-0587__head-rabbit.png	B02-FAU__Fauna/aachat-forge-fauna-cyan-ear-confetti-hopper.png	e4b9efbe4714e682e62df6f2454c5289407fd0310e6d85673c7d743413eec7cf	Tall gray rabbit ears, cyan-edged charcoal LCD head, and violet confetti-module tunic.
nouns_classified_1973/B02-FAU__Fauna/noun-0591__head-ape.png	B02-FAU__Fauna/aachat-forge-fauna-plum-crown-snow-sentinel.png	7d0b606b55e29440248c02afbec7882d60340aa4f173182e2ab42182dbf92457	Compact white ape sentinel rebuilt in coarse square modules with a stepped plum crown, amber temple accents, long block arms, and a fully integrated fixed aachat LCD replacing the source face.
nouns_classified_1973/B02-FAU__Fauna/noun-0602__head-dino.png	B02-FAU__Fauna/aachat-forge-fauna-verdigris-brickjaw-trail-stomper.png	cfe276d256bcfe2fa89bf20fd846b147e44622c9f94fec3ab154b47680938ed1	Verdigris block-built dinosaur trail stomper preserving the stepped green crown, brick-red body, structural white jaw band, and segmented tail while fully replacing the source face with the fixed aachat LCD.
nouns_classified_1973/B02-FAU__Fauna/noun-0606__head-capybara.png	B02-FAU__Fauna/aachat-forge-fauna-copper-snout-ledger-steward.png	f2371c4be8ddc1d8c5f9fbf1083f02d79b7c911e55f85016a17bff64ed47df2b	Reference-mode Level 4 copper-tan capybara ledger steward with a broad stepped snout shell, compact black modular suit, gold ledger medallion, generous full-body white margins, and complete source-face replacement by the fixed aachat LCD.
nouns_classified_1973/B02-FAU__Fauna/noun-0607__head-cat.png	B02-FAU__Fauna/aachat-forge-fauna-slate-whisker-prowler.png	2e81f0fc04f45f847686bafa0da6991cf8e7b5b74d2dd2f1e7ce8e988bef946d	Slate modular cat prowler with black ears, cyan housing rails, magenta collar clasp, and fixed cobalt LCD.
nouns_classified_1973/B02-FAU__Fauna/noun-0610__head-chameleon.png	B02-FAU__Fauna/aachat-forge-fauna-lime-swivel-crest-watcher.png	7356cdb5cf96aba2cf4c5f397d05efe410080a634be5ca5933e1d58de9afa204	Lime and emerald block-built chameleon watcher with a solid stepped crest, slate-and-coral scale torso, integrated fixed LCD, and fully visible curled modular tail.
nouns_classified_1973/B02-FAU__Fauna/noun-0632__head-duck.png	B02-FAU__Fauna/aachat-forge-fauna-sunflower-bill-greenline-keeper.png	445dfb8d954f866624b2b58a6a0250ca457fddfcc7e38ab00f478c4b7c7f480d	Reference-mode Level 4 duck keeper with a broad ivory modular shell, long sunflower-yellow bill, sparse forest-green structural bands, slender pale-gray legs, broad webbed block feet, generous full-body margins, and complete source-face replacement by the fixed aachat LCD.
nouns_classified_1973/B02-FAU__Fauna/noun-0635__head-mouse.png	B02-FAU__Fauna/aachat-forge-fauna-lime-grid-ear-scout.png	f381f24fcd592c9123125766cec0df27a96e140e538acfcb085b325bf6d6e170	Compact black and pale-gray square-eared mouse scout with paired lime grid accents; the original face is fully replaced by the integrated fixed aachat LCD.
nouns_classified_1973/B02-FAU__Fauna/noun-0637__head-oyster.png	B02-FAU__Fauna/aachat-forge-fauna-blush-oyster-shorewarden.png	29de448f26fe37c4ebca17d9b903991b752459d4db9908f234968e7182684f03	Dusty-blush stepped oyster-shell head housing, warm red-and-cream modular shorewarden body, generous full-body white margins, and complete source-face replacement by the fixed frontal aachat LCD.
nouns_classified_1973/B02-FAU__Fauna/noun-0640__head-moose.png	B02-FAU__Fauna/aachat-forge-fauna-maple-antler-panel-bearer.png	d45d92a74dcfea0a6c5220e42d207a6531f000581d446694744c37eddcb22ffc	Broad tan module antlers, chestnut block muzzle housing, brick-red tunic and plain turquoise chest inset; original face fully replaced by the fixed cobalt LCD.
nouns_classified_1973/B02-FAU__Fauna/noun-0641__head-kangaroo.png	B02-FAU__Fauna/aachat-forge-fauna-magenta-long-ear-courier.png	ba81298ea10bd9a513792565b3b5bbfe9211d874f6694f33d8018db3db18093b	Coral-magenta long-eared modular kangaroo courier with green collar accents, broad block feet, balancing tail, and a fully integrated fixed aachat LCD.
nouns_classified_1973/B02-FAU__Fauna/noun-0643__head-jellyfish.png	B02-FAU__Fauna/aachat-forge-fauna-pink-veil-lattice-keeper.png	9db2677fac8327ca64aaa5e8bd9d50a6afc60c5b593cb7f37a2eb8f8511a94a7	Reference-mode Level 4 with a stepped pink jellyfish veil, violet inner structure, black modular robe, and compact gold lattice belt; original face fully replaced by the fixed aachat LCD.
nouns_classified_1973/B02-FAU__Fauna/noun-0649__head-fox.png	B02-FAU__Fauna/aachat-forge-fauna-amber-tail-console-keeper.png	b19744b0cf22e4f832e0c70ed3f20c1b22c6c595151918d6ec78d29ede5a7a90	Amber fox-ear console keeper with a tall ivory utility body, charcoal limbs, sparse lime-violet blank console tiles, a long white-tipped modular tail, and complete source-face replacement around the fixed aachat LCD.
nouns_classified_1973/B02-FAU__Fauna/noun-0659__head-pufferfish.png	B02-FAU__Fauna/aachat-forge-fauna-sunset-quill-reefwalker.png	8a6c59a293ce8b6e68199dcb459d99da75e7b1659a8d417b96cbe9cfd3727f0f	Sunset-orange squared puffer quill crown, block side fins, purple-white diamond tunic, broad modular shoes, and complete source-face replacement around the fixed frontal aachat LCD; Level 4 only.
nouns_classified_1973/B02-FAU__Fauna/noun-0666__head-cat.png	B02-FAU__Fauna/aachat-forge-fauna-obsidian-greenwhisker-checker-prowler.png	43703e1f8a562ed5a546227b7bf6aabc6f519f9b55b5c82ddbf7d152009528fe	Reference-mode Level 4 obsidian cat prowler with stepped pointed ears, black-charcoal checker body construction, restrained lime and cyan structural accents, generous full-body white margins, and complete source-face replacement around the fixed aachat LCD.
nouns_classified_1973/B02-FAU__Fauna/noun-0668__head-rabbit.png	B02-FAU__Fauna/aachat-forge-fauna-silver-ear-tangerine-strider.png	5b92ff0ed24318da53f1ca8d1d991e866fea5dfc90a8dc4631499dba1a9f7f54	Long-eared silver-gray rabbit sentinel with cyan edge blocks, charcoal-ivory torso stripe, tangerine limbs, and a fully integrated fixed LCD.
nouns_classified_1973/B02-FAU__Fauna/noun-0669__head-horse-deepfried.png	B02-FAU__Fauna/aachat-forge-fauna-sienna-longsnout-medallion-bearer.png	77bc4800d284fe9104a6781b7bd0e34e5f321fb4d0e6f7c6b6917a05a8e9958d	Reference-mode sienna-and-amber equine bearer with squared ears, stepped rust mane, a completely blank long muzzle, rust tunic, plain golden medallion, and complete original-face replacement by the fixed aachat LCD.
nouns_classified_1973/B02-FAU__Fauna/noun-0671__head-oyster.png	B02-FAU__Fauna/aachat-forge-fauna-blush-shell-amber-steward.png	eef8c500023616cf24c797fdef6e6dea106144ee96396b73aaffde8e0510c32f	Dusty-blush stepped oyster-shell head, warm ivory LCD frame, olive modular column body with amber front inlay, slim charcoal legs, generous full-body white margins, and complete source-face replacement by the fixed frontal aachat LCD.
nouns_classified_1973/B02-FAU__Fauna/noun-0674__head-rabbit.png	B02-FAU__Fauna/aachat-forge-fauna-aqua-ear-sigil-porter.png	0fe3f05db4357b82ed2809f1d4a797aa04282b4fdc91f3c2ff53a33087657da6	Pale-aqua rabbit signal porter with tall paired charcoal module ears, cyan side rails, a restrained gold branching chest inlay, broad modular feet, and the source face fully replaced by the fixed frontal aachat LCD in consistent coarse square 3D modules.
nouns_classified_1973/B02-FAU__Fauna/noun-0676__head-mouse.png	B02-FAU__Fauna/aachat-forge-fauna-slate-ear-checker-runner.png	2fc4fc89642e0b6d67edbd9bd18d66e6da1a38233688f3c24383043f86b08596	Slate-gray modular mouse runner with tall black square ears, cobalt structural bands, a rose-cobalt checker tunic, and the source face completely replaced by the fixed aachat LCD.
nouns_classified_1973/B02-FAU__Fauna/noun-0680__head-panda.png	B02-FAU__Fauna/aachat-forge-fauna-ink-ear-violet-cub.png	aed63bd8bf58112ad0abb15d8bd6c402f47c18fe4e58dfdad17e776e81f84a02	Ink-black stepped panda ears, ivory LCD head shell, pale-cyan structural rim, vivid violet modular field tunic, and complete source-face replacement rebuilt as consistent coarse square 3D modules.
nouns_classified_1973/B02-FAU__Fauna/noun-0681__head-flamingo.png	B02-FAU__Fauna/aachat-forge-fauna-coral-hook-stilt-rover.png	b9b175c69dfb2e8be5fc22d78353f594d1361a49f42917b86fdc9214d85a7d82	Coral-pink flamingo stilt rover with a blunt hooked crown, long modular neck and legs, cobalt-blue tunic, one yellow construction tile, broad white margins, and complete source-face replacement by the fixed frontal aachat LCD.
nouns_classified_1973/B02-FAU__Fauna/noun-0682__head-panda.png	B02-FAU__Fauna/aachat-forge-fauna-ebony-ear-bamboo-steward.png	35038da4cb71eaa8b7dbc93eeb9eaee421eed83d0f2f61a391eb1bb52523605f	Reference-mode Level 4 panda steward with a broad ivory stepped LCD head shell, paired ebony modular ears, a black-and-ivory block coat, and one compact segmented bamboo staff; the source face is fully replaced by the fixed aachat LCD.
nouns_classified_1973/B02-FAU__Fauna/noun-0685__head-duck.png	B02-FAU__Fauna/aachat-forge-fauna-verdant-bill-checker-marshal.png	02f6c643b11deec1dcad820442a5f714b27ac4b8c480beb6ed34318f68a45764	Emerald duck-inspired coarse-module marshal with a multicolor checker torso and yellow wing cuffs; the original face is fully replaced by the fixed aachat LCD.
nouns_classified_1973/B02-FAU__Fauna/noun-0687__head-jellyfish.png	B02-FAU__Fauna/aachat-forge-fauna-rose-bell-current-drifter.png	a5e3e8f91758523e662fc5336d334c28c717293ef1f6fc6683ceb80405f6e752	Rose stepped jellyfish bell with purple underside, gray-purple block tentacles, and a fully integrated fixed aachat LCD.
nouns_classified_1973/B02-FAU__Fauna/noun-0692__head-capybara.png	B02-FAU__Fauna/aachat-forge-fauna-cocoa-mosaic-grazer.png	9c06e17f281c9eb3ec718ae3436900f0773a2da59e48c15ad2107e39fdd831bd	Broad cocoa capybara-like block silhouette with compact ears and CMY mosaic torso; complete source face replaced by the fixed frontal aachat LCD.
nouns_classified_1973/B02-FAU__Fauna/noun-0694__head-fox.png	B02-FAU__Fauna/aachat-forge-fauna-copper-tail-berry-keeper.png	ccaa3736e1c23bf55e9ce33b9dfc6bd4b55d9146a55757ac0118897bd09ab415	Copper-orange fox-shell ear and plume, berry-and-cream checker tunic, dark modular limbs, and complete source-face replacement around the fixed aachat LCD.
nouns_classified_1973/B02-FAU__Fauna/noun-0696__head-frog.png	B02-FAU__Fauna/aachat-forge-fauna-lime-checker-marsh-leaper.png	1b659cb055066e62a5e93bd6ced97c0d4c8ed446ef84afb6ded55ca9a8ba9af2	Lime-green frog shell with twin crown bumps and checkerboard torso, rebuilt in coarse square modules around the fixed LCD.
nouns_classified_1973/B02-FAU__Fauna/noun-0701__head-dino.png	B02-FAU__Fauna/aachat-forge-fauna-jade-tooth-grid-stomper.png	06d77e08f24c14e4368365846df1c725b10a9564347cef0294f6739f97c8961d	Compact jade grid-backed dinosaur stomper with coral structural trim, cream tooth-block accents, a stepped full tail, and complete source-face replacement by the fixed frontal LCD in consistent coarse square 3D modules.
nouns_classified_1973/B02-FAU__Fauna/noun-0703__head-raven.png	B02-FAU__Fauna/aachat-forge-fauna-magenta-bill-gear-sentinel.png	8e757e76f2c970e7fa6e34f004536fd1dcf7b633c081b4402ff81089c9e2239d	Reference-mode Level 4 preserving the stepped charcoal raven crown, long black bill, vivid magenta block body, and centered gear chest medallion while fully replacing the source face with the fixed integrated aachat LCD.
nouns_classified_1973/B02-FAU__Fauna/noun-0705__head-frog.png	B02-FAU__Fauna/aachat-forge-fauna-lime-scarlet-pond-jumper.png	f306ea43936d9a6e97248f20f28bca11871629f5a76ef55a13a90cb61e3034b2	Lime stepped frog crown, scarlet modular bib, springing block legs, and complete source-face replacement around the fixed aachat LCD.
nouns_classified_1973/B02-FAU__Fauna/noun-0708__head-crab.png	B02-FAU__Fauna/aachat-forge-fauna-apricot-sideclaw-column-rover.png	235692a53bff572a61be00ab0ade0063ca2164dfb46a3fa2683efbb10f971efc	Apricot-orange crab-shell rover with symmetric raised sideclaws, a tall ivory column body, sturdy block feet, and complete source-face replacement around the fixed aachat LCD.
nouns_classified_1973/B02-FAU__Fauna/noun-0709__head-bigfoot-yeti.png	B02-FAU__Fauna/aachat-forge-fauna-frost-brow-glacier-warden.png	f21af775566d7f9f3ae9aebefb0d16403673c60581f776d2c554e8447878389a	Broad ivory frost guardian with a stepped snow-brow shell, cobalt snow-crystal tunic, sturdy block-built limbs, and the original face fully replaced by the fixed integrated LCD.
nouns_classified_1973/B02-FAU__Fauna/noun-0714__head-mouse.png	B02-FAU__Fauna/aachat-forge-fauna-magenta-checker-ear-rover.png	d68d582925f00e2c3067fff800c3ab0e7f59a336c0ce5e0d00035e760ca7cdb6	Warm-gray square-ear rover with a deep-magenta modular body, crisp checkerboard torso band, sparse green joint accents, a fully framed segmented tail, and the source face structurally replaced by the fixed frontal aachat LCD.
nouns_classified_1973/B02-FAU__Fauna/noun-0718__head-unicorn.png	B02-FAU__Fauna/aachat-forge-fauna-pastel-prism-horn-courser.png	e15c6c7165a5301d0368a1814e3a7af9530168b186e1d0f698b0a810bf389bb0	Pastel mint unicorn courser with a stepped rainbow mane and warm-gold horn; the complete source face is replaced by the integrated fixed LCD in coarse square Level 4 modules.
nouns_classified_1973/B02-FAU__Fauna/noun-0730__head-frog.png	B02-FAU__Fauna/aachat-forge-fauna-lime-cowl-night-hopper.png	29811a33711999f191427b538265e905c7b289c53193ae20e9363dd23a705063	Stepped lime frog cowl with twin crown bumps, coral structural trim, charcoal modular tunic, and broad hopper boots; the original face is fully replaced by the fixed frontal aachat LCD.
nouns_classified_1973/B02-FAU__Fauna/noun-0732__head-raven.png	B02-FAU__Fauna/aachat-forge-fauna-obsidian-longbill-dusk-courier.png	016095bc9c6c4619ae66854d750f6e089555acc593047a6f00d0fe04bd8542d6	Reference-mode Level 4 raven courier with an obsidian stepped crest, fully external charcoal longbill, slim umber modular body, restrained amber chest chevron, generous full-body white margins, and complete source-face replacement by the fixed frontal aachat LCD.
nouns_classified_1973/B02-FAU__Fauna/noun-0733__head-bigfoot-yeti.png	B02-FAU__Fauna/aachat-forge-fauna-frost-rainbow-ridgewalker.png	ea308d986ccf0a05cd1f241d26c5b4f12ff8e04eafd72f6f3b4968e5da66301e	Broad ivory snow-crown and pale ice-blue side tufts frame a fixed frontal aachat LCD above a six-band spectrum tunic, massive block hands, and broad explorer boots; the source eyes and orange glasses are fully replaced in consistent coarse square 3D modules.
nouns_classified_1973/B02-FAU__Fauna/noun-0749__head-aardvark.png	B02-FAU__Fauna/aachat-forge-fauna-coral-longsnout-burrow-surveyor.png	8bfe45f29e6d24224973244be3c87d66ca0db171c958f58a091aa3c6af5a7e7b	Coral-eared beige burrow surveyor with green structural trim, clean module torso, a fixed integrated LCD, and a tapered block tail.
nouns_classified_1973/B02-FAU__Fauna/noun-0750__head-goat.png	B02-FAU__Fauna/aachat-forge-fauna-slate-horn-bell-climber.png	e2c524b4626dbb836fe453a775776fa87d3ca167f20099e188ad828ad7d46be2	Slate-gray horned trail climber with long lateral tan horns, ochre side plates, dark brown cloven hooves, a gold chest bell, and the fully integrated fixed aachat LCD.
nouns_classified_1973/B02-FAU__Fauna/noun-0758__head-panda.png	B02-FAU__Fauna/aachat-forge-fauna-ink-ear-bamboo-keeper.png	020a4f1654ab4f479ea1d1a5288eb98fad86270927807bf6d6735b1fc82e4696	Compact monochrome panda grove keeper with stepped black ears and a bamboo sprig; original glasses, badge, and face removed and structurally replaced by the fixed cobalt LCD.
nouns_classified_1973/B02-FAU__Fauna/noun-0764__head-moose.png	B02-FAU__Fauna/aachat-forge-fauna-cedar-antler-verdant-herald.png	8bc38d12a60a27e46fd918aa12262eea3267a51c7ca58bb1c846878718e82c4b	Reference-mode Level 4 cedar-antler verdant herald with wide warm-brown modular antlers, a deep green block tunic, centered matte-gold sun medallion, generous full-body white margins, and complete source-face replacement by the fixed aachat LCD.
nouns_classified_1973/B02-FAU__Fauna/noun-0766__head-cat.png	B02-FAU__Fauna/aachat-forge-fauna-coral-ear-tunic-scout.png	25cf136f3d6cbf40e7c7dd7cb24c7804131672686fa1d267a0a87f1189b9e775	Compact coral-ear cat scout with dark navy shell banding, cyan modular accents, vivid orange tunic tiles, broad block feet, generous full-body white margins, and complete source-face replacement by the fixed frontal aachat LCD.
nouns_classified_1973/B02-FAU__Fauna/noun-0773__head-frog.png	B02-FAU__Fauna/aachat-forge-fauna-lime-frog-column-hopper.png	dd36b4afda4957f9d480a77c9a73b8b47ca70377cf7bdb4fd54c7d40b342aa8f	Lime stepped frog-head shell with paired crown lobes, warm pale-stone column body, dark forest-green chest tile, springy block feet, and the complete original face structurally replaced by the fixed aachat LCD.
nouns_classified_1973/B02-FAU__Fauna/noun-0775__head-ducky.png	B02-FAU__Fauna/aachat-forge-fauna-golden-bill-stripe-wader.png	c54ab993e5b1d9080507445eff86461611acac9eefbee5c5ffdb7698717aaf54	Golden duck-wader with orange bill plate, coral-russet striped tunic, broad block feet, and fixed integrated cobalt LCD.
nouns_classified_1973/B02-FAU__Fauna/noun-0778__head-frog.png	B02-FAU__Fauna/aachat-forge-fauna-lime-frog-cowl-leaper.png	be4d8f1724f1188689afe0ffdffdda9763f300f16375608edc703d36256263b6	Lime frog cowl with beige tunic, mint mosaic, and broad jumping feet; source face fully replaced by fixed LCD; coarse square Level 4 modules.
nouns_classified_1973/B02-FAU__Fauna/noun-0779__head-frog.png	B02-FAU__Fauna/aachat-forge-fauna-mint-spring-apron-warden.png	1f05a8e0146fbfb37e5f758b3f93ef960532bebda8874065136cee5e48e8e108	Reference mode; mint-green stepped frog head shell with complete LCD face replacement, apricot apron tunic, ochre chest tab, and consistent coarse square 3D modules.
nouns_classified_1973/B02-FAU__Fauna/noun-0790__head-ducky.png	B02-FAU__Fauna/aachat-forge-fauna-canary-wing-violet-paddler.png	3423e4c2d3e327b810a7211173deaa393e49f1d13b323d8dc7ad611771c7e2f4	Canary-yellow duck-inspired coarse module shell with wing-shaped arms, orange webbed boots, blue frame accents, and a plain violet chest panel; original face system fully replaced by the fixed aachat LCD.
nouns_classified_1973/B02-FAU__Fauna/noun-0792__head-cat.png	B02-FAU__Fauna/aachat-forge-fauna-iceblue-ear-goldband-prowler.png	5197708b37e78a1f7e3218eda675c7da469bf9a2c9b56b39c19f1cf13f74c6b0	Pale ice-blue modular cat sentinel with black stepped ears, gold LCD housing, pale-blue whisker bars, and a black-white chest medallion; original face fully replaced by the fixed aachat LCD.
nouns_classified_1973/B02-FAU__Fauna/noun-0793__head-chicken.png	B02-FAU__Fauna/aachat-forge-fauna-cream-comb-sky-apron.png	7c12ee2a05ad931c49df6f4e927b9b819998ed072a778c120bb91e9f6ee59ce1	Cream chicken sentinel with a stepped red comb, sky-cyan apron, golden bib, integrated fixed LCD, and consistent coarse square 3D modules.
nouns_classified_1973/B02-FAU__Fauna/noun-0799__head-duck.png	B02-FAU__Fauna/aachat-forge-fauna-ivory-bill-checker-wader.png	832a1c6c6b6a13d82424aee06b400a08b2dc8562406889c0b4002b0dd1228082	Ivory duck wader preserving the broad sunflower-gold bill silhouette, emerald-and-black checker body wrap, long upright legs, and webbed feet as coarse square 3D modules; the original face is fully replaced by the fixed frontal aachat LCD; no Level 5 generated.
nouns_classified_1973/B02-FAU__Fauna/noun-0810__head-tiger.png	B02-FAU__Fauna/aachat-forge-fauna-tangerine-mosaic-stripe-prowler.png	50617ee952e4bb6dc0e0e7b971e01dce33c7f44e4dfa289c6de2949cd2759311	Orange-black striped square tiger sentinel with a saturated patchwork mosaic tunic, integrated LCD head, block paws, and a low sweeping tail.
nouns_classified_1973/B02-FAU__Fauna/noun-0812__head-beluga.png	B02-FAU__Fauna/aachat-forge-fauna-ivory-beluga-brick-diver.png	b0dffc90a57753f8846ecbcabb8034ab0266d222d9f0dae438c02f7091242560	Ivory beluga-inspired marine surveyor with a structurally integrated fixed LCD, elongated block-built whale head, and magenta brick tunic in one coarse module scale.
nouns_classified_1973/B02-FAU__Fauna/noun-0815__head-werewolf.png	B02-FAU__Fauna/aachat-forge-fauna-russet-ear-moon-prowler.png	df326555c1cf9967d485bbcc1d3fd770c89c182e0c3d860fccae73b87f60823a	Reference-mode Level 4: broad charcoal werewolf silhouette, upright russet ears, angular cheek mane, and amber brow band rebuilt as coarse square modules; original face fully replaced by the fixed frontal LCD.
nouns_classified_1973/B02-FAU__Fauna/noun-0826__head-raven.png	B02-FAU__Fauna/aachat-forge-fauna-midnight-wing-cobalt-sentinel.png	500eff45c840e91ec3e8aa8fed601a2c03cea9d221f4a051fb62687fc58b9010	Stout midnight raven sentinel rebuilt in coarse square modules with compact wing arms, cobalt structural bands, and talon-like feet; the complete source face, beak, icon, and background are removed and replaced by the fixed aachat LCD.
nouns_classified_1973/B02-FAU__Fauna/noun-0835__head-orangutan.png	B02-FAU__Fauna/aachat-forge-fauna-ember-brow-sash-climber.png	8568c14fba4e70092b01849e9e2172f8b8fe9d18d4a3f3bc0ecf5174968df5e1	Reference-mode Level 4 canopy climber with an ember-red stepped brow mantle, near-black modular body, warm sand ear panels and broad hands and feet, diagonal scarlet sash, tiny violet accent, generous full-body white margins, and complete source-face replacement by the fixed aachat LCD.
nouns_classified_1973/B02-FAU__Fauna/noun-0846__head-zebra.png	B02-FAU__Fauna/aachat-forge-fauna-ivory-stripe-ember-courier.png	d53e09d55ee8db0041a2aff81cac409a2535b0ba274c90efe5525e5c5457707a	Ivory-and-charcoal zebra courier with stepped ears and crest, restrained ember-orange structural rails, striped modular limbs and tail, and complete source-face replacement around the fixed frontal aachat LCD; Level 4 only.
nouns_classified_1973/B02-FAU__Fauna/noun-0847__head-orangutan.png	B02-FAU__Fauna/aachat-forge-fauna-ember-crown-stripe-climber.png	53817a14f69b8cd06dc8b95c1006b350c5d22aef42375ccdb586c9adb752a4d6	Reference-mode Level 4 orangutan climber with ember-red stepped crown, charcoal modular shell, cobalt torso bands, long climbing arms, and complete source-face replacement by the integrated fixed aachat LCD.
nouns_classified_1973/B02-FAU__Fauna/noun-0853__head-fox.png	B02-FAU__Fauna/aachat-forge-fauna-tangerine-white-tip-trailkeeper.png	122340e0af610583f4ac450147baafdd6b34c39f3963318a035d952c5330b224	Tangerine fox trailkeeper with paired stepped ears, restrained lime collar, compact modular body, and one large curled cream-tipped tail, rebuilt in consistent coarse square 3D modules around the fixed frontal aachat LCD with the source face fully replaced.
nouns_classified_1973/B02-FAU__Fauna/noun-0855__head-jellyfish.png	B02-FAU__Fauna/aachat-forge-fauna-bubblegum-bell-stripe-drifter.png	4951875ffaa2e83a01f6c4fe7b73728666b6c73d26f43ac5f5f0b46fc0cedcf9	Bubblegum-pink jellyfish bell, lime neck band, and coral-gold striped drifter body rebuilt in coarse square modules with a fully integrated fixed LCD.
nouns_classified_1973/B02-FAU__Fauna/noun-0856__head-tiger.png	B02-FAU__Fauna/aachat-forge-fauna-saffron-stripe-tie-prowler.png	f71f700e004573bf0b5767e2c35fa24fe455d6ba6a0beb68e5eb3e5840f45755	Orange tiger-striped block head shell with angular ears, olive tunic, cream tie motif, and complete fixed-LCD face replacement.
nouns_classified_1973/B02-FAU__Fauna/noun-0861__head-horse-deepfried.png	B02-FAU__Fauna/aachat-forge-fauna-toasted-mane-crimson-courser.png	4349b0df515cd5ab7a5ff205dd4cb964fa947e778186787503f6e14f4fdfaebd	Reference mode Level 4; toasted-gold coarse block horse courier with square ears, stepped brown mane, and crimson tabard; original face fully replaced by fixed frontal LCD.
nouns_classified_1973/B02-FAU__Fauna/noun-0867__head-chicken.png	B02-FAU__Fauna/aachat-forge-fauna-scarlet-comb-sunset-strider.png	a5cc2f1899fd479f9b97746023ddd15d4977efd3caa74ab49d9431ba418f158e	Cream-white coarse-module chicken sentinel with stepped scarlet comb, sunset plumage bands, slim russet legs, and a fully integrated fixed aachat LCD replacing the source face.
nouns_classified_1973/B02-FAU__Fauna/noun-0869__head-tiger.png	B02-FAU__Fauna/aachat-forge-fauna-orange-brow-bowtie-ranger.png	35a649b74f4f55787239a11e10c334e0a87b2cbba0511336bb8cee8f9e0a7d4f	Orange-brow tiger ranger preserving the source's squared ears, black side stripes, pale blue body panel, and bowtie motif in consistent coarse square 3D modules, with the original face fully replaced by the fixed frontal aachat LCD.
nouns_classified_1973/B02-FAU__Fauna/noun-0873__head-whale.png	B02-FAU__Fauna/aachat-forge-fauna-coral-whale-mitten-voyager.png	f529660820c5ecdb2e1df46fd64b3287d8c05f41a1181cbab6073ddce955e20f	Pale warm-gray stepped whale head shell, coral modular body, forest-green mitten accent, and complete source-face replacement around the fixed aachat LCD.
nouns_classified_1973/B02-FAU__Fauna/noun-0874__head-jellyfish.png	B02-FAU__Fauna/aachat-forge-fauna-coral-bell-citrus-drifter.png	375cdae98981534f803db4401e88d9ead60ae4bceb2a60108444c52677b17827	Coral-pink modular jelly-bell canopy with squared hanging tendrils, magenta-violet trim, compact orange block body, and a fully integrated fixed frontal aachat LCD.
nouns_classified_1973/B02-FAU__Fauna/noun-0883__head-croc-hat.png	B02-FAU__Fauna/aachat-forge-fauna-scarlet-croc-brim-steward.png	e8e1422c04addf2165929ca21cb8ef583e2ab5f1062d8dd9f6ff462d292731e0	Scarlet-coated crocodile-hat steward with a long stepped green snout, black block brim, pale side panels, and a fully integrated fixed aachat LCD.
nouns_classified_1973/B02-FAU__Fauna/noun-0886__head-bear.png	B02-FAU__Fauna/aachat-forge-fauna-walnut-greenline-grove-keeper.png	6a51c0276b3833b497b09b9f85ae624cc66e058af52383a6261e998919f607ac	Walnut-brown square-eared bear rebuilt as a green-tunic grove keeper in coarse modules; source face and red eyewear fully replaced by the fixed frontal LCD.
nouns_classified_1973/B02-FAU__Fauna/noun-0889__head-whale-alive.png	B02-FAU__Fauna/aachat-forge-fauna-azure-spout-tide-warden.png	6e760e143b34cc137362fa25132d43c002e7c9966ed897b0638c3e07f8aa64e0	Reference-mode Level 4 whale-headed tide warden; broad cobalt whale silhouette, aqua fins and spout, olive modular body, fixed LCD replacing the source face.
nouns_classified_1973/B02-FAU__Fauna/noun-0892__head-pufferfish.png	B02-FAU__Fauna/aachat-forge-fauna-tangerine-quill-checker-rover.png	9f96ac2d1a45f2180297f1f1a85eeeae8f6437ebd142ce0bcb35dd856611077d	Compact tangerine pufferfish rover with radial square quills, block side fins, a white-orange checker tunic, charcoal modular hands and soles, and complete source-face replacement around the fixed frontal aachat LCD; Level 4 only.
nouns_classified_1973/B02-FAU__Fauna/noun-0893__head-crab.png	B02-FAU__Fauna/aachat-forge-fauna-apricot-crown-claw-stiltwalker.png	e5ddcedb208482f2ad22ad2b550bdbebbee259f74059bb4852b46c91786b26ca	Reference-mode apricot crown-shell stiltwalker with pale-aqua modular body and twin side claws; source face fully replaced by fixed integrated LCD.
nouns_classified_1973/B02-FAU__Fauna/noun-0894__head-ducky.png	B02-FAU__Fauna/aachat-forge-fauna-canary-bill-link-keeper.png	7d59ac0b27c8888dcc369799c4ac70123463a86917b98b814ae771c574b3dfa2	Canary-yellow duck-attendant modules with a faceless bill crest, white tunic, golden link belt, and fully replaced fixed LCD.
nouns_classified_1973/B02-FAU__Fauna/noun-0896__head-raven.png	B02-FAU__Fauna/aachat-forge-fauna-midnight-beak-amber-keeper.png	43dfb8cead68c283c5f078ab995326052862d2675970f47c50037f94317a6b59	Reference-mode midnight raven keeper; stepped matte-black long-beak head, warm amber block tunic, pale ochre legs, original face fully replaced by the fixed cobalt-glow LCD.
nouns_classified_1973/B02-FAU__Fauna/noun-0899__head-tiger.png	B02-FAU__Fauna/aachat-forge-fauna-ochre-stripe-grove-guardian.png	c57a797148ea6a46e136459460b51aeab44d63e3e0d94adf870ea4f147f7a0f1	Compact upright tiger-inspired grove guardian with ochre-black block stripes, cream trim, an emerald tunic, and the original face fully replaced by the canonical integrated LCD.
nouns_classified_1973/B02-FAU__Fauna/noun-0902__head-mouse.png	B02-FAU__Fauna/aachat-forge-fauna-vermilion-square-ear-runner.png	28aa13621354279726e1cd4745e24bba213c16d25f0d8d70c233171ce69d6c44	Vermilion square-eared block sentinel with a gray LCD frame, stout modular torso, short legs, and a small side control extension.
nouns_classified_1973/B02-FAU__Fauna/noun-0909__head-orangutan.png	B02-FAU__Fauna/aachat-forge-fauna-ruby-hood-longarm-rover.png	2f8e6a46934fd6cfc4262abe395cc0f9a5163a3e01c3e1d345764bc510c59f01	Reference-mode Level 4 orangutan rover with ruby stepped hood, near-black modular body, long climbing arms, warm ivory joint accents, generous full-body margins, and complete source-face replacement by the integrated fixed aachat LCD.
nouns_classified_1973/B02-FAU__Fauna/noun-0915__head-werewolf.png	B02-FAU__Fauna/aachat-forge-fauna-umber-moonchain-lupine-warden.png	b7524494f71c98518b3007449a1c9bd9ec26cd9271b9c3fd57005c56f5d1debf	Dark-umber stepped lupine ears and mane frame the fixed LCD; an ice-blue modular warden tunic retains the source's crossed gold chain and geometric pendant.
nouns_classified_1973/B02-FAU__Fauna/noun-0917__head-beluga.png	B02-FAU__Fauna/aachat-forge-fauna-pearl-beluga-rust-steward.png	e49dcbea8e761c972b4fabd90ef0f6b55110f4f105e7093899636a76441f4849	Reference-mode Level 4 pearl-ivory beluga steward with a distinctive stepped rightward snout, rust-red modular tunic, charcoal cinch and placket, cyan seam accents, generous full-body white margins, and complete source-face replacement by the fixed aachat LCD.
nouns_classified_1973/B02-FAU__Fauna/noun-0920__head-orca.png	B02-FAU__Fauna/aachat-forge-fauna-obsidian-pinkfin-tide-runner.png	5b24554502ca5d5b801c93b3ce8c5a73a5a58e7c097b2cce719bab262e47daac	Reference-mode Level 4 orca tide-runner: source black/ivory silhouette and tail-fin/dorsal-crown logic retained as coarse square modules, magenta accents preserved, original face fully replaced by fixed aachat LCD.
nouns_classified_1973/B02-FAU__Fauna/noun-0921__head-oyster.png	B02-FAU__Fauna/aachat-forge-fauna-pearl-cowl-brick-walker.png	9135da3092bb5bcb357d2c21556a685e9fe499410dc2dc3f4438ff27c55b21f1	Dusty-rose stepped oyster cowl, plain brick-red modular tunic, pearl-white structural accents, generous full-body margins, and complete source-face replacement around the fixed aachat LCD.
nouns_classified_1973/B02-FAU__Fauna/noun-0922__head-raven.png	B02-FAU__Fauna/aachat-forge-fauna-charcoal-redsignal-roostwatcher.png	9381f7f6c262f8a39d93491d813312da755ec52058a3243d0f9ad2d51d92ae40	Reference-mode Level 4 raven roostwatcher with a stepped charcoal crest, inert longbill head-shell prow, cool-gray coarse-module body, paired crimson chest signals, generous white margins, and complete source-face replacement by the fixed frontal aachat LCD.
nouns_classified_1973/B02-FAU__Fauna/noun-0925__head-pufferfish.png	B02-FAU__Fauna/aachat-forge-fauna-coral-quill-grid-voyager.png	855e51686e976d98fc31470b7d9e774836c0d0c3e13d537d562fba7a8803500d	Coral-orange pufferfish voyager with a compact 1.65:1 frontal LCD, radial square quills and fins, cream lower shell, azure modular tunic, lime grid motif, broad block shoes, generous white full-body margins, and complete source-face replacement; Level 4 only.
nouns_classified_1973/B02-FAU__Fauna/noun-0928__head-capybara.png	B02-FAU__Fauna/aachat-forge-fauna-russet-river-grazer.png	baf252154c5b9d81f870a44db29b061b410da7a85838c0072eab47a861c8389e	Rust-brown capybara module form with broad low head shell, cream LCD surround, charcoal-gray chest plate, and short grounded limbs.
nouns_classified_1973/B02-FAU__Fauna/noun-0933__head-orangutan.png	B02-FAU__Fauna/aachat-forge-fauna-vermilion-crown-longarm-climber.png	79215d48b9030697b1db84a984a89d139ca926e9a92f7a1f6a8daa3401d461ee	Reference-mode Level 4 orangutan climber with a stepped vermilion crown and side mane, deep-umber coarse modular body, charcoal structural accents, long hanging arms, and the source face fully replaced by the fixed frontal aachat LCD.
nouns_classified_1973/B02-FAU__Fauna/noun-0942__head-frog.png	B02-FAU__Fauna/aachat-forge-fauna-lime-squarehead-marsh-hopper.png	3736e7793488eae73ac1f050aec1225b0d548715939f87c189ef09b3a4502758	Lime square-headed marsh frog hopper with a uniform stepped crown, dark green block torso, broad amphibian limbs, webbed feet, and a fully integrated fixed LCD replacing the complete source face.
nouns_classified_1973/B02-FAU__Fauna/noun-0943__head-frog.png	B02-FAU__Fauna/aachat-forge-fauna-lime-visor-pond-keeper.png	1bcc0ee7682aac20754b7dd100e298781cb83ec341322cd6c74715099a620925	Lime frog pond keeper with a broad stepped head shell, deep navy block tunic, cyan chest tiles, sturdy limbs, and fixed front-facing LCD.
nouns_classified_1973/B02-FAU__Fauna/noun-0945__head-orca.png	B02-FAU__Fauna/aachat-forge-fauna-midnight-dorsal-wave-scout.png	90407d1e9b35b1215dac779c182c3fa41d348717e836965a2608acbe2b0ada76	Compact upright midnight orca with a dorsal crest, lateral block fluke, monochrome patching, and a structurally integrated fixed LCD.
nouns_classified_1973/B02-FAU__Fauna/noun-0952__head-mosquito.png	B02-FAU__Fauna/aachat-forge-fauna-copper-proboscis-dusk-scout.png	fb0c72a4782f5488783c6941f680a6f870ef6283dd579df9585285342de18f0c	Copper mosquito dusk scout with a rust-red modular body, one swept antenna, a long straight proboscis, sparse magenta signal accents, and the original face fully replaced by the fixed aachat LCD.
nouns_classified_1973/B02-FAU__Fauna/noun-0955__head-ape.png	B02-FAU__Fauna/aachat-forge-fauna-plum-crown-checker-climber.png	9d801bd1973d6f8163ce99e05d6c2c18261b48e4e8d43f3782dec70ec84ab4b1	Stepped plum crown, checker torso, long climbing arms, and complete original-face replacement with the fixed aachat LCD.
nouns_classified_1973/B02-FAU__Fauna/noun-0968__head-zebra.png	B02-FAU__Fauna/aachat-forge-fauna-ivory-stripe-pillar-grazer.png	24be2a330a985c2b6c1d344b3411c87cce5182a3562469bbbc9b790d5e8c7564	Ivory-and-charcoal zebra stripes, stepped twin ears and central mane, dark pillar torso, restrained magenta trim; the source face was fully replaced by the fixed frontal aachat LCD.
nouns_classified_1973/B02-FAU__Fauna/noun-0974__head-cat.png	B02-FAU__Fauna/aachat-forge-fauna-ebony-whisker-tile-keeper.png	bc8449a1872fe474a1ac18633ca1e689c85195ace9dad7a3078b459c2a60d5b1	Ebony tile-built cat sentinel with stepped white inner ears, cyan whisker bars, and a fully integrated cobalt LCD replacing the source face.
nouns_classified_1973/B02-FAU__Fauna/noun-0976__head-orca.png	B02-FAU__Fauna/aachat-forge-fauna-obsidian-fluke-sun-warden.png	d206ea22228007f7bb717781931f1be7a484df74d6f194bdb38bb3695d4fa6fc	Reference-mode Level 4 obsidian orca module warden with a fixed cobalt LCD, connected dorsal and tail-fluke silhouette, and sun-yellow tunic.
nouns_classified_1973/B02-FAU__Fauna/noun-0977__head-duck.png	B02-FAU__Fauna/aachat-forge-fauna-whitecap-bill-azure-wader.png	ac1acfbf36454eefa7c2495cda681db17c20a3fc8480a4aeadbff7e7cfadedde	Reference-mode whitecap duck wader with a featureless golden modular bill, azure and pale-cyan block body, sturdy webbed feet, and the original face fully replaced by the canonical integrated LCD.
nouns_classified_1973/B02-FAU__Fauna/noun-0980__head-bat.png	B02-FAU__Fauna/aachat-forge-fauna-cavern-wing-sentinel.png	807d796261408dbd7ef20e0c38ed6e57b789b6a1c39e379b1b7f2d475ffd1976	Broad umber cavern-wing cowl with twin pointed ears, compact graphite modular body, restrained pale stepped chest tiles, and complete source-face replacement around the fixed aachat LCD.
nouns_classified_1973/B02-FAU__Fauna/noun-0986__head-unicorn.png	B02-FAU__Fauna/aachat-forge-fauna-ivory-rainbow-horn-cavalier.png	72167f8ffa05e156357785123bf450bd79d6d2abd3f501e595a1c5899c9d0fa0	Ivory unicorn cavalier with a warm-gold stepped horn, rainbow modular mane and tail, cobalt checker tunic, generous full-body white margins, and the complete source face replaced by the fixed frontal aachat LCD.
nouns_classified_1973/B02-FAU__Fauna/noun-0987__head-pufferfish.png	B02-FAU__Fauna/aachat-forge-fauna-tangerine-spike-reef-watcher.png	351e992fca9435370c89fa47430f2bca803ae6d4ff22b90855c3635db80b5b66	Broad tangerine stepped pufferfish LCD shell with short dorsal spines, compact side fins, warm apricot belly planes, restrained jade bands, sturdy modular limbs, abundant full-body margins, and complete source-face replacement rebuilt as consistent coarse square 3D modules around the fixed aachat LCD.
nouns_classified_1973/B02-FAU__Fauna/noun-0999__head-beluga.png	B02-FAU__Fauna/aachat-forge-fauna-ivory-beluga-signal-keeper.png	00febf89f1b44737b93d6fabe8f0c81eb3830b7cf4340f5d8566dcb4647011f8	Reference-mode ivory beluga signal keeper with broad whale crown, ochre utility suit, cream-gold trim, fixed frontal cobalt LCD, coarse square modules, and generous full-body white margins.
nouns_classified_1973/B02-FAU__Fauna/noun-1003__head-tiger.png	B02-FAU__Fauna/aachat-forge-fauna-tangerine-tiger-mosaic-guardian.png	8a9146bb74ddb5eabdedcfd7a45545e888d70dd0c63343b6fd9574b1c7a89a96	Compact upright tiger mosaic guardian preserving the orange-black-ivory stripe hierarchy and multicolor patchwork, rebuilt from coarse square 3D modules with the source face fully replaced by the fixed aachat LCD.
nouns_classified_1973/B02-FAU__Fauna/noun-1004__head-orca.png	B02-FAU__Fauna/aachat-forge-fauna-obsidian-dorsal-pod-guardian.png	fe12e2c86d6201c24b3339216fbe2a153eda8d4b47898e43ec1eb14fb41c2568	Black-and-ivory orca pod guardian with dorsal crown, rear tail fluke, sand-beige structural accents, and integrated fixed LCD.
nouns_classified_1973/B02-FAU__Fauna/noun-1014__head-capybara.png	B02-FAU__Fauna/aachat-forge-fauna-russet-reedbank-capybara-keeper.png	b252a2951a00cfcf92fe484ca1c9dfe2bdfbaac71c63f61e9962f0a3554fb745	Reference-mode Level 4 capybara keeper preserving the broad russet head shell, paired block ears, and teal work tunic; the complete source face and chest mark are removed, the fixed frontal LCD is integrated, and the full body uses coarse square 3D modules with generous white margins.
nouns_classified_1973/B02-FAU__Fauna/noun-1025__head-unicorn.png	B02-FAU__Fauna/aachat-forge-fauna-candy-prism-horn-trotter.png	0d668e2791ec8b085ac485ddbb4db7051579876bf3713e24b709934711b10d31	Candy unicorn trotter with an ivory coarse-module body, blank pink muzzle housing, rainbow mane, mint crest, stepped golden horn, broad full-body margins, and complete source-face replacement around the fixed aachat LCD.
nouns_classified_1973/B02-FAU__Fauna/noun-1028__head-orca.png	B02-FAU__Fauna/aachat-forge-fauna-obsidian-saddlefin-navigator.png	64119e865a5356339cdfe19bf0fb563acb70f5051127e0396ca07d3d7ac36c3c	Compact obsidian-and-ivory orca navigator with a stepped dorsal crown, integrated fixed aachat LCD, coarse square-module flipper limbs, ivory saddle and belly panels, small connected tail fluke, and abundant full-body white margins.
nouns_classified_1973/B02-FAU__Fauna/noun-1040__head-mouse.png	B02-FAU__Fauna/aachat-forge-fauna-ivory-square-ear-mechanist.png	e988e34c77340604799e5fa8b9db17c3b022560ef0ea0798423ad293fcef5709	Ivory square-ear mouse mechanist with black block ears, yellow modular torso, green trim, gear chest medallion, and a fully integrated aachat LCD.
nouns_classified_1973/B02-FAU__Fauna/noun-1042__head-oyster.png	B02-FAU__Fauna/aachat-forge-fauna-russet-oyster-pillar-warden.png	2f280ad3d80e966985de6ec2304a80ba4681dea0b8641978366caf62193da709	Fan-shaped blush oyster shell framing a fixed LCD, white collar rim, and russet column body in coarse square modules.
nouns_classified_1973/B02-FAU__Fauna/noun-1045__head-frog.png	B02-FAU__Fauna/aachat-forge-fauna-lime-brow-bluebelt-hopper.png	2b9125b800b05590cb0d5325d58c1512941b78cfbcffcecdb2c75435fe17eb4a	Broad stepped lime frog shell with twin crown bumps and a cobalt-blue torso, rebuilt as one coarse modular full-body form around the fixed LCD.
nouns_classified_1973/B02-FAU__Fauna/noun-1049__head-zebra.png	B02-FAU__Fauna/aachat-forge-fauna-monochrome-spectrum-zebra.png	3e11c46a9e4dc491a692eac6a4ea9fb259d3fc05ab6ce38da2eba6653c2e5ea1	Black-and-ivory zebra modules with cyan-yellow-magenta spectrum bands and a checker accent; the original face is fully replaced by the fixed integrated LCD.
nouns_classified_1973/B02-FAU__Fauna/noun-1050__head-beluga.png	B02-FAU__Fauna/aachat-forge-fauna-pearl-melon-mosaic-diver.png	f1a37ffd813307c5d43d261c7b927eff19aa5e2cb1c41c4296a8ae409d7b6ab5	Pearl-white beluga module diver with espresso suit, turquoise chest mosaic, integrated fixed LCD, and full-body safe margins on white.
nouns_classified_1973/B02-FAU__Fauna/noun-1053__head-kangaroo.png	B02-FAU__Fauna/aachat-forge-fauna-salmon-ear-pouch-bounder.png	941b54c6b4398fd5bad9d01eb043b720e0fcce22fe7515e96fa7d39971a9028f	Reference-mode Level 4 kangaroo bounder with charcoal modules, salmon inner ears, plain pale pouch, long balancing tail, and complete fixed LCD face replacement.
nouns_classified_1973/B02-FAU__Fauna/noun-1055__head-raven.png	B02-FAU__Fauna/aachat-forge-fauna-charcoal-longbeak-ember-keeper.png	706f3c9e225c782564b943881a9822774f3403c341eb0a02a4215925b334871e	Charcoal stepped raven crown and long rightward beak shell rebuilt around the fixed LCD, with an ember-orange block tunic and coherent coarse square full-body modules.
nouns_classified_1973/B02-FAU__Fauna/noun-1056__head-orangutan.png	B02-FAU__Fauna/aachat-forge-fauna-scarlet-shag-longarm-climber.png	a1593055cb882d50d2673b2aaad0c6b8c2dcac67b0d5cf2ccfd6c2fd321a3eec	Scarlet stepped shag crown, warm orange compact torso, and very long modular climbing arms frame a structurally integrated fixed LCD.
nouns_classified_1973/B02-FAU__Fauna/noun-1063__head-beluga.png	B02-FAU__Fauna/aachat-forge-fauna-ivory-beluga-olive-courier.png	d1e9f4cabd434318f6a90679c399a96b74f7c9f120612cb1c513431dc026d140	Reference-mode Level 4 ivory beluga courier with a broad stepped whale-head shell, rightward modular snout, olive utility tunic, rust and charcoal accents, generous full-body white margins, and complete source-face replacement by the fixed aachat LCD.
nouns_classified_1973/B02-FAU__Fauna/noun-1064__head-duck.png	B02-FAU__Fauna/aachat-forge-fauna-ivory-bill-noir-wader.png	a4d2bfafa888adb5ccd5447d156895ba3109b2e5e5c06b3574eb6d107692e3dd	Stepped ivory duck-derived head shell, charcoal apron torso, sunflower chest and cuff accents, broad webbed shoes, and complete source-face replacement around the fixed aachat LCD.
nouns_classified_1973/B02-FAU__Fauna/noun-1066__head-flamingo.png	B02-FAU__Fauna/aachat-forge-fauna-rose-checker-stilt-wader.png	b3ab36df6ace1aac8966cd1abf57a86b425d990a368f818e0d539aac84e26373	Reference-mode Level 4 rose-pink flamingo wader with arched modular neck, checker body, long stilt legs, and complete fixed-LCD face replacement.
nouns_classified_1973/B02-FAU__Fauna/noun-1079__head-rabbit.png	B02-FAU__Fauna/aachat-forge-fauna-scarlet-ear-sentinel.png	ac8aa76f930e7e5a9e643f4b3d1ac6688b5ccbaad1687a6d539d25ef224821df	Reference-mode Level 4 rabbit sentinel with tall modular ears, charcoal-gray block armor, restrained scarlet accents, and fixed blue-glow LCD; source face fully replaced.
nouns_classified_1973/B02-FAU__Fauna/noun-1082__head-panda.png	B02-FAU__Fauna/aachat-forge-fauna-coral-ear-lattice-keeper.png	7ca8938334ecd62dbb35125648c751ff7273b1a3d8cff96cc1975bca4e521579	Coral-and-ivory panda-inspired lattice keeper with black square ears, warm coral modular tunic, and a bold ivory geometric band; original face fully replaced by the fixed aachat LCD.
nouns_classified_1973/B02-FAU__Fauna/noun-1083__head-mouse.png	B02-FAU__Fauna/aachat-forge-fauna-coral-twin-ear-runner.png	641eae7aff59c017cdb62100dbe2ae4024c20761055ce7ad3149f26c21b79ca9	Coral twin-ear mouse-like courier with compact gray LCD housing, stacked salmon body modules, and complete removal of the source face and muzzle.
nouns_classified_1973/B02-FAU__Fauna/noun-1087__head-dino.png	B02-FAU__Fauna/aachat-forge-fauna-jade-blocksnout-ridgewalker.png	dcd4e782dd2e80774d98798edd35cb00a975c062b4c6ed3c10ee9c85e4c185a9	Jade modular dinosaur with LCD-integrated stepped head shell, mint X chest motif, dorsal ridge, and balancing tail.
nouns_classified_1973/B02-FAU__Fauna/noun-1095__head-panda.png	B02-FAU__Fauna/aachat-forge-fauna-ivory-rose-ear-keeper.png	baa19603f5c51894a6c0ac0175656d8aa47f140ed39a20a32780a139b25b1802	Slim ivory panda-inspired module guardian with stepped black ear corners, hot-pink geometric collar trim, black-and-white chest medallion, generous full-body white margins, and the source glasses and complete original face replaced by the fixed frontal aachat LCD.
nouns_classified_1973/B02-FAU__Fauna/noun-1098__head-croc-hat.png	B02-FAU__Fauna/aachat-forge-fauna-mint-longjaw-topper-steward.png	6f82b405c93d859a6228f70aa5c16e542bc8aeadf6f0b477fbe1d2ce50ec1ec1	Reference-mode Level 4 mint crocodile top-hat steward with an elongated stepped head shell, ivory modular tunic, generous full-body white margins, and complete source-face replacement by the fixed aachat LCD.
nouns_classified_1973/B02-FAU__Fauna/noun-1100__head-rabbit.png	B02-FAU__Fauna/aachat-forge-fauna-olive-ear-tie-runner.png	0b765ac5af9a2266eda59dfd07303685c93e81a89b9439c9681fb7b96fc72e93	Reference-mode rabbit runner with twin pale-gray modular ears, a black LCD head shell, muted olive tie-front tunic, white hands, navy boots, and complete source-face replacement by the fixed aachat LCD.
nouns_classified_1973/B02-FAU__Fauna/noun-1107__head-shark.png	B02-FAU__Fauna/aachat-forge-fauna-cobalt-finhead-coral-keeper.png	c4351860c1d5a37b65d5eac2a73f419efe4bf623b3c38f4310121a47e905d0ed	Broad cobalt shark-shell head with dorsal and tail fins over a coral-red column tunic, rebuilt as one coarse modular full-body form around the fixed LCD.
nouns_classified_1973/B02-FAU__Fauna/noun-1114__head-tiger.png	B02-FAU__Fauna/aachat-forge-fauna-tangerine-stripe-paw-prowler.png	aa48ea092757ea847cd2fb1a7572a6f9a0908ff3a01c2b501761d1527cab22e2	Tangerine LCD tiger prowler with squared ears, bold charcoal stripe modules, warm-ivory paw accents, broad full-body white margins, and complete source-face replacement.
nouns_classified_1973/B02-FAU__Fauna/noun-1126__head-chicken.png	B02-FAU__Fauna/aachat-forge-fauna-scarlet-comb-olive-roostkeeper.png	6e25476349cf821760f242c1f05c8050abde5f8d21b2cd3e00f0835be2c54346	Scarlet stepped comb, ivory chicken-module LCD shell, olive roostkeeper tunic, ivory-yellow block feet, and complete source-face replacement with the fixed aachat LCD.
nouns_classified_1973/B02-FAU__Fauna/noun-1127__head-goldfish.png	B02-FAU__Fauna/aachat-forge-fauna-coral-bowl-fin-keeper.png	1281db72357a4808a69cd0f3ff999eb0cf6dcaafc82e8bf5b44ba0f86d21621d	Compact pale-aqua tank-helmet guardian with a clean coral block torso, white and navy limb panels, and the complete source fish face structurally replaced by the fixed aachat LCD in coarse square 3D modules.
nouns_classified_1973/B02-FAU__Fauna/noun-1132__head-ape.png	B02-FAU__Fauna/aachat-forge-fauna-slate-coral-longarm-climber.png	fe0a6193598c3f985d6d20865acf50932f20b83018112caf9d8c771e7cae73d4	Slate-gray and coral-red long-armed modular ape climber with cobalt-blue side and wrist accents, broad stepped crown, generous white margins, and complete source-face replacement by the fixed frontal aachat LCD.
nouns_classified_1973/B02-FAU__Fauna/noun-1139__head-zebra.png	B02-FAU__Fauna/aachat-forge-fauna-striped-crown-violet-porter.png	9e48cb3de018d3004ace519a0a390537f357557bf4f6bf1a441a4add49dfeec6	Zebra-striped crown and side ears over a violet porter tunic; source face fully replaced by compact fixed aachat LCD.
nouns_classified_1973/B02-FAU__Fauna/noun-1140__head-raven.png	B02-FAU__Fauna/aachat-forge-fauna-obsidian-bill-sunstripe-scout.png	a6be924eb76a7b19246a84c4d6111a8002ebf9ef708330ebba92feda41aed088	Obsidian raven scout with stepped crown and long block bill, coral sunstripe neck bands, full structural LCD face replacement, and consistent coarse square modules.
nouns_classified_1973/B02-FAU__Fauna/noun-1141__head-capybara.png	B02-FAU__Fauna/aachat-forge-fauna-umber-snout-carrot-keeper.png	1002b755f1e3eb92da186fce5c35132003e305f03d54140c545f8e4ccccd16da	Warm umber capybara module form with integrated LCD, charcoal tunic, and carrot chest motif.
nouns_classified_1973/B02-FAU__Fauna/noun-1149__head-mouse.png	B02-FAU__Fauna/aachat-forge-fauna-tangerine-long-ear-roamer.png	be1576d3a671a416deed7f1dd9fb661768b3a53e0d800f485e9fc30818f72476	Tangerine twin-ear mouse roamer with charcoal ears, gray modular muzzle housing, vest-like torso tabs, and a fully integrated fixed aachat LCD.
nouns_classified_1973/B02-FAU__Fauna/noun-1153__head-owl.png	B02-FAU__Fauna/aachat-forge-fauna-amber-brow-emerald-sentinel.png	42a916504c0cd73004c5769fd986c690be584f17901933b1b16d7cde0004734c	Amber owl-crown sentinel with ivory face framing, yellow wing-like shoulders, an emerald tunic, restrained magenta block accents, complete LCD face replacement, and consistent coarse square modules.
nouns_classified_1973/B02-FAU__Fauna/noun-1162__head-beluga.png	B02-FAU__Fauna/aachat-forge-fauna-ivory-melon-violet-diver.png	92ed21c504832ebd5ae70c76b91e92cf411aaf9ed4cba80970b403d405dec59e	Ivory beluga module diver with stepped melon crest, violet suit, cyan seams, and a structurally integrated LCD replacing the full source face.
nouns_classified_1973/B02-FAU__Fauna/noun-1163__head-grouper.png	B02-FAU__Fauna/aachat-forge-fauna-olive-grouper-cowl-keeper.png	9e0587be2a2e258e48499f7e8d8063bef86723591795041e791d8736cf96f34a	Olive grouper cowl keeper; broad stepped fish-shell head, solid mouthless side plates, brown tail fin, forest-green modular tunic, fixed frontal LCD.
nouns_classified_1973/B02-FAU__Fauna/noun-1164__head-pufferfish.png	B02-FAU__Fauna/aachat-forge-fauna-tangerine-quill-deckhand.png	2d0769594e9617bb90ef6d438d6afe93f1fb3dd96823f411df69a663cda25360	Compact orange pufferfish deckhand; block-built quill crown and lateral fins, charcoal bib, sparse teal/yellow/magenta accents, original face fully replaced by fixed aachat LCD.
nouns_classified_1973/B02-FAU__Fauna/noun-1172__head-pufferfish.png	B02-FAU__Fauna/aachat-forge-fauna-orange-quill-bluebelt-diver.png	aaf49fd4522416c299f2fee350ce9a4b299e5c62d802139c064c99f7a5361d03	Level 4 Reference mode: orange pufferfish reef diver with a broad quilled head shell, cobalt utility suit, fixed LCD fully replacing the source glasses and face, and coarse square 3D modules.
nouns_classified_1973/B02-FAU__Fauna/noun-1173__head-zebra.png	B02-FAU__Fauna/aachat-forge-fauna-ivory-grid-mane-stomper.png	953c2fd9e375e6ee83f504f892ea89c9c8edb952c66ba3e9d9132c5f1194c9af	Monochrome zebra stomper with an ivory block head, stepped black mane and ear towers, long striped muzzle housing, modular striped limbs and tail, and complete source-face replacement by the fixed frontal aachat LCD; Level 4 only.
nouns_classified_1973/B02-FAU__Fauna/noun-1174__head-panda.png	B02-FAU__Fauna/aachat-forge-fauna-jade-blossom-ear-keeper.png	11160cf78352dce7deb446ddad3ce63725136839fd5a9a994fbd8c6b323f8473	Reference-mode square-ear keeper preserving the monochrome panda motif, jade tunic, and pink blossom patch; the fixed LCD fully replaces the source face; coarse square modules with generous full-body margins.
nouns_classified_1973/B02-FAU__Fauna/noun-1186__head-moose.png	B02-FAU__Fauna/aachat-forge-fauna-taupe-block-antler-ranger.png	3ac06cbad2f7426b570a644d023cb9f85ee9a68df7277de02584a8c6fb764867	Earthy block-built moose trail ranger with broad stepped antlers, sturdy taupe field body, and a structurally integrated fixed aachat LCD.
nouns_classified_1973/B02-FAU__Fauna/noun-1194__head-whale.png	B02-FAU__Fauna/aachat-forge-fauna-blush-magenta-ridge-voyager.png	93f1bb3665f7c9285499ef2b5ec63886e56514d7b3f155867ab47965d9abba67	Broad blush-taupe whale-head LCD shell with a charcoal dorsal ridge, cream-and-slate voyage suit, restrained magenta structural bands, generous full-body margins, and complete source-face replacement rebuilt as consistent coarse square 3D modules around the fixed aachat LCD.
nouns_classified_1973/B02-FAU__Fauna/noun-1196__head-goldfish.png	B02-FAU__Fauna/aachat-forge-fauna-azure-bowlfin-lagoon-walker.png	762be1c0b8d01cd5fc99a68dea1e78590aa6f2fcc0d21f86810cba1524bacafa	Broad cyan-and-cobalt bowlfish silhouette reinterpreted as a compact full-body modular lagoon walker; source face fully replaced by the fixed 28:17 LCD.
nouns_classified_1973/B02-FAU__Fauna/noun-1198__head-ducky.png	B02-FAU__Fauna/aachat-forge-fauna-sunny-bill-patchwork-wader.png	0160dca448abb2899b05162ff44dd963b8ef05d8a988187edfec91d0ad61986b	Sunny yellow ducky wader with a long orange bill and tail silhouette, a magenta-red-turquoise-green patchwork wrap, broad orange webbed shoes, and a fully integrated fixed aachat LCD built from coarse square 3D modules.
nouns_classified_1973/B02-FAU__Fauna/noun-1200__head-jellyfish.png	B02-FAU__Fauna/aachat-forge-fauna-orchid-bell-ribbon-drifter.png	9c705179f176be6bb480351e37afc743ba8804f36aa940aed657d0807e5d9539	Level4 Reference mode; pink-lavender stepped jellyfish bell head, block ribbon tentacles, and warm orange columnar body; source face structurally replaced by fixed frontal LCD; coarse square 3D modules.
nouns_classified_1973/B02-FAU__Fauna/noun-1209__head-chicken.png	B02-FAU__Fauna/aachat-forge-fauna-cream-ruby-lime-roostkeeper.png	7d0797dc7412aa26089108353215ed0f05b84063b046f847f61401d217fc4679	cream chicken roostkeeper with ruby block comb, amber beak, lime chest marking, and fully integrated fixed LCD
nouns_classified_1973/B02-FAU__Fauna/noun-1211__head-duck.png	B02-FAU__Fauna/aachat-forge-fauna-ivory-goldbill-blueband-wader.png	b487e7c10563dd6528a4de07cb11c1e2f8a571666f44acd90c384afcee4d20bf	Ivory duck-inspired wader with a lateral golden temple prow, scarlet head blocks, blue collar, and restrained pink-gold chest bands; the fixed aachat LCD fully replaces the original face.
nouns_classified_1973/B02-FAU__Fauna/noun-1217__head-mosquito.png	B02-FAU__Fauna/aachat-forge-fauna-russet-proboscis-dot-scout.png	48347ed9e5cb188fada0ab4332cf88b35b708236273e1fbde61d9f4115a661da	Russet mosquito scout with long block proboscis, twin antennae, white square-dot torso, and fully replaced integrated LCD face.
nouns_classified_1973/B02-FAU__Fauna/noun-1219__head-mosquito.png	B02-FAU__Fauna/aachat-forge-fauna-scarlet-needle-grid-ranger.png	1deef305bce86601ff4d92bdd2476c32d7b124397ccc211b2d5ee840acd550bf	Scarlet-orange block mosquito ranger retaining the source antenna, rightward needle proboscis, and lime-black checker body while fully replacing the original face with the fixed aachat LCD.
nouns_classified_1973/B02-FAU__Fauna/noun-1227__head-bigfoot-yeti.png	B02-FAU__Fauna/aachat-forge-fauna-frost-shag-violet-steward.png	16d8b5999cc07308622d350cc269447e3fe741d89de46f948edb92fbeb24ee51	Frost-white shaggy broad-head silhouette, pale ice-blue block tunic, vivid violet tie, greeting pose, and fully integrated fixed LCD.
nouns_classified_1973/B02-FAU__Fauna/noun-1228__head-flamingo.png	B02-FAU__Fauna/aachat-forge-fauna-rose-crookneck-stripe-wader.png	395a1b736baa5f4516e0683fe13d3c4d24828fb803e3d8b2c2739bce6fe3783e	Rose-pink flamingo crookneck crest and black-tipped bill integrated around the fixed LCD, with a cobalt-teal diagonal modular torso and long square-module wading legs.
nouns_classified_1973/B02-FAU__Fauna/noun-1234__head-jellyfish.png	B02-FAU__Fauna/aachat-forge-fauna-magenta-canopy-sunset-drifter.png	b2f6e7ec119e407e3e38df3babdf05256fbf12c9a38e218674eb3c42d8cbad27	Magenta stepped jellyfish canopy with lime accents, sunset-striped block torso, hanging modular tentacles, and the original face fully replaced by the integrated fixed LCD.
nouns_classified_1973/B02-FAU__Fauna/noun-1238__head-kangaroo.png	B02-FAU__Fauna/aachat-forge-fauna-amber-patch-hopper.png	2f64624b973c2f70109846b84d8509e85c48ee00e6c4dcf5756c110354d3c975	Amber-and-cream patchwork kangaroo hopper with tall salmon-lined ears, a structural pouch, broad modular hind feet, stepped tail, and the complete source face replaced by the fixed frontal aachat LCD in consistent coarse square 3D modules.
nouns_classified_1973/B02-FAU__Fauna/noun-1250__head-grouper.png	B02-FAU__Fauna/aachat-forge-fauna-olive-striped-snowknit-diver.png	34b2ec729c6ace9c49c4f828b05511270f266b5ccf6ae5e5660b563df4c2cb11	Olive-and-russet grouper snowknit diver with broad stepped dorsal and side fins, a red-white block-knit torso, sturdy flipper feet, generous full-body margins, consistent coarse square modules, and complete source-face replacement by the fixed frontal aachat LCD.
nouns_classified_1973/B02-FAU__Fauna/noun-1256__head-kangaroo.png	B02-FAU__Fauna/aachat-forge-fauna-violet-ear-tailbounder.png	7069b78a32b23a18acceeabe2384340b488df78cde6c98fd07bc218a435c7259	Reference-mode Level 4 modular kangaroo with a charcoal LCD head, stepped salmon ears, violet block tunic, amber chest tiles, powerful square feet, and one balancing tail.
nouns_classified_1973/B02-FAU__Fauna/noun-1258__head-orca.png	B02-FAU__Fauna/aachat-forge-fauna-ember-orca-tide-keeper.png	17542fee8c68fef06c6c01d5fd0b9bf0bd93fa97894ea73442ac23e6e159bbb2	Level4 Reference mode: black-and-white modular orca helmet with integrated fixed LCD, ember-orange tide suit, cyan module belt, dorsal fin, and tail-fin silhouette.
nouns_classified_1973/B02-FAU__Fauna/noun-1259__head-whale.png	B02-FAU__Fauna/aachat-forge-fauna-slate-baleen-console-keeper.png	6f3d99d2a302c3c783816e6a71b96e60a5381c456ee85cfbc6fb1e63334659f7	Reference-mode Level 4 slate-gray whale console keeper with stepped dorsal crown, flipper-like arms, restrained coral-red accents, and the source face fully replaced by the fixed 1.65:1 aachat LCD.
nouns_classified_1973/B02-FAU__Fauna/noun-1260__head-fox.png	B02-FAU__Fauna/aachat-forge-fauna-tangerine-mask-blocktail-rover.png	bbecc9af1870a00c9c23d2f31f45900d7d7f15338f6bd3f370b3dad8520b7f96	Reference-mode Level 4: compact orange-and-white fox tile rover with a stepped blocktail and black coat modules; original face fully replaced by the canonical front-facing aachat LCD.
nouns_classified_1973/B02-FAU__Fauna/noun-1262__head-dino.png	B02-FAU__Fauna/aachat-forge-fauna-mint-longjaw-indigo-stomper.png	51416bb9c95ade8b760630c172b61f370c0fd4fa50cdea02a0160e6c6068882d	Mint-green long-jaw dinosaur translated into a full-body indigo-bellied block-built form with dorsal ridge, balanced tail, and complete facial replacement by the fixed aachat LCD.
nouns_classified_1973/B02-FAU__Fauna/noun-1263__head-cat.png	B02-FAU__Fauna/aachat-forge-fauna-aqua-ear-signal-keeper.png	6e31780c774167af2e00fbbd43db904e734d6abc5f3a373b7c8397862a43bc71	Angular charcoal twin-ear signal keeper with pale-cyan inner-ear modules, cobalt and icy-aqua body blocks, restrained green signal accents, generous full-body margins, and complete source-face replacement around the fixed aachat LCD.
nouns_classified_1973/B02-FAU__Fauna/noun-1274__head-werewolf.png	B02-FAU__Fauna/aachat-forge-fauna-chestnut-lime-brow-roamer.png	adddf92be1eda191f27bd39cdbcd495b72030c54578150902b71d50e00c5066a	Broad stepped chestnut ears and cheek-fur housing preserve the source silhouette; russet modular clothing, tan blocks, and a restrained lime brow frame the fixed LCD in a bright full-body coarse-module form.
nouns_classified_1973/B02-FAU__Fauna/noun-1279__head-cow.png	B02-FAU__Fauna/aachat-forge-fauna-russet-horn-pinkmuzzle-grazer.png	f1ed355ced93a207df8b4907a6aba792fda9f66513ed26e5e1e50388e2309e75	Reference-mode russet cow form with squared cream-black horn caps and restrained pink collar accents; original face fully replaced by the fixed aachat LCD.
nouns_classified_1973/B02-FAU__Fauna/noun-1281__head-orca.png	B02-FAU__Fauna/aachat-forge-fauna-inkfin-magenta-medallion-voyager.png	02b69b8262b3e182a97d7804d4c8c9250a6e1739732a27315835d9ee9febed6c	Reference-mode Level 4 orca voyager with black-and-white dorsal head, magenta tunic, abstract green medallion, full LCD replacement, and consistent coarse square modules.
nouns_classified_1973/B02-FAU__Fauna/noun-1283__head-bat.png	B02-FAU__Fauna/aachat-forge-fauna-umber-wing-stripe-courier.png	2971b8cc292ce1295be1a9c48d9ae4291d84a6cf5736a3a11354dd48e5abc832	Broad stepped cocoa bat-wing head shell, fixed cobalt LCD, and jade-orange striped courier tunic in coarse square 3D modules.
nouns_classified_1973/B02-FAU__Fauna/noun-1302__head-cat.png	B02-FAU__Fauna/aachat-forge-fauna-violet-whisker-apron-prowler.png	a37cb596074c4f83a54002730c6169d8fee0f797f80b51a6410b5509c559e536	Violet block cat guardian with navy stepped ears, cyan whisker rails, and a fixed aachat LCD.
nouns_classified_1973/B02-FAU__Fauna/noun-1304__head-oyster.png	B02-FAU__Fauna/aachat-forge-fauna-rose-shell-lime-wader.png	edf3ecbe0b35bd037257dd44aa71de6fd577b4c18eca6e37a788cbd607efd30c	Dusty-rose stepped oyster-shell crown with lime inner frame, warm-ivory modular body, fixed LCD fully replacing the source face.
nouns_classified_1973/B02-FAU__Fauna/noun-1309__head-cat.png	B02-FAU__Fauna/aachat-forge-fauna-teal-cat-badge-courier.png	d4c0e0b8abf4e26ac4c805c1d53b212e473ff9d28db166e3ee1a91c6ba352537	Reference-mode teal cat courier with stepped black-aqua ears, ivory-trimmed 1.65:1 LCD, tiled teal tunic, ivory center stripe, and gold-red chest clasp; original glasses and facial marks fully replaced.
nouns_classified_1973/B02-FAU__Fauna/noun-1314__head-mouse.png	B02-FAU__Fauna/aachat-forge-fauna-charcoal-ear-checker-scout.png	b79fddb565c68fb79df3466687b85430a35d9b630d47bf2872a95dcbb365f71b	Oversized charcoal square twin ears, monochrome checker torso, slim modular limbs, and a lower-body block tail with the source face fully replaced by the fixed cobalt aachat LCD.
nouns_classified_1973/B02-FAU__Fauna/noun-1319__head-green-snake.png	B02-FAU__Fauna/aachat-forge-fauna-lime-tongue-column-serpent.png	389f487d6cfe822bbe8f12706163fb1cc8e352108c44c158bdb38cb371c50364	Upright lime-green column serpent with stepped crown, pale modular bands, restrained gold chest sigil, broad tail base, and a fixed frontal LCD fully replacing the source face.
nouns_classified_1973/B02-FAU__Fauna/noun-1328__head-crab.png	B02-FAU__Fauna/aachat-forge-fauna-tangerine-pincer-chain-strider.png	83548ad8bc688ea05ec7b27500035a4c1b878cfb1e6ea937e09ba1a4d29cdc18	Level 4 Reference mode reinterpretation retaining paired tangerine pincer arches, a dark cocoa modular body, and a diagonal pale-steel chain sash while structurally replacing the original face with the fixed aachat LCD.
nouns_classified_1973/B02-FAU__Fauna/noun-1332__head-chicken.png	B02-FAU__Fauna/aachat-forge-fauna-ruby-comb-greenline-roostguard.png	6f1443f2c82b18e9a0ee61cedc2537e7df23a8994194b25d5b9ea0a523a98e26	Reference-mode Level 4 chicken roostguard with a cream modular head shell, stepped ruby comb, turquoise-and-lime structural torso bands, broad golden three-toed feet, generous full-body white margins, and complete replacement of the source face by the fixed aachat LCD.
nouns_classified_1973/B02-FAU__Fauna/noun-1334__head-horse-deepfried.png	B02-FAU__Fauna/aachat-forge-fauna-saffron-blockmane-redstripe-courser.png	d7484cfb563f5532782dbd95b5bb30f18315ae6a8a1b60ee1ef500b1c8065162	Reference-mode Level 4 saffron horse courser with tall square ears, stepped ochre block mane, deep-red striped tunic, generous full-body white margins, and the complete original face structurally replaced by the fixed aachat LCD.
nouns_classified_1973/B02-FAU__Fauna/noun-1336__head-chameleon.png	B02-FAU__Fauna/aachat-forge-fauna-jade-crown-tail-keeper.png	05956ad9901cf37fa573a3b914b219000c669d2724f440bb00917f8592cf1135	Broad jade chameleon crown with stepped crest, chartreuse side panels, coral collar, compact block-built biped body, curled tail, and a fully integrated frontal aachat LCD.
nouns_classified_1973/B02-FAU__Fauna/noun-1337__head-orca.png	B02-FAU__Fauna/aachat-forge-fauna-charcoal-tailfin-stripe-voyager.png	9625de2fdadbf0e3392b89b0fa48c12ea55ebf48eb8457c8a400b38fa70c71e5	Charcoal orca LCD voyager with white flank patch, rear block tailfin, and slate striped modular body.
nouns_classified_1973/B02-FAU__Fauna/noun-1339__head-goldfish.png	B02-FAU__Fauna/aachat-forge-fauna-azure-gill-pinkcrest-swimmer.png	f1165a735a9d9a59bec2d00e720750655a507014f1e00654ddcab24e6400cd5a	Azure bowl-headed aquatic wanderer with layered cyan-cobalt shell, orange-gold throat accent, white modular body, and magenta ornamental chest modules; original face fully replaced by the fixed aachat LCD.
nouns_classified_1973/B02-FAU__Fauna/noun-1340__head-jellyfish.png	B02-FAU__Fauna/aachat-forge-fauna-fuchsia-jelly-column-walker.png	0208bf1daf4cce7e0f19fd0424586de6e91827fef40334a700824dcb85975e31	Reference-mode Level 4 fuchsia jelly column walker with a stepped pink bell, violet central column, orange support tentacles, slim side tentacles, and the original face fully replaced by the fixed aachat LCD.
nouns_classified_1973/B02-FAU__Fauna/noun-1342__head-otter.png	B02-FAU__Fauna/aachat-forge-fauna-lime-checker-river-swimmer.png	fc8efd4315b7cfc9bd790e63c864e22405196da339bc71db937564a15533d4cf	Level 4 Reference mode: lime-green modular otter river swimmer with a black-and-white checker tunic, brown webbed paws, and a broad tail; the source face is structurally fully replaced by the fixed frontal aachat LCD.
nouns_classified_1973/B02-FAU__Fauna/noun-1352__head-rabbit.png	B02-FAU__Fauna/aachat-forge-fauna-porcelain-ear-burrow-scout.png	4574e29e015a1b82651d04fc485e082178212d18723853258942c746fa6b4f1b	Porcelain-white block rabbit burrow scout with twin upright ears; original facial system fully replaced by the fixed cobalt-glow LCD.
nouns_classified_1973/B02-FAU__Fauna/noun-1353__head-green-snake.png	B02-FAU__Fauna/aachat-forge-fauna-lime-chart-neck-serpent.png	3b22fc8b306621f9052a2b7f4144c7b8816364ee8aa194b39bdbe9f4673938c4	Lime block serpent sentinel with a featureless curling crest, fixed aachat LCD, and dark torso with abstract cyan stepped inlay.
nouns_classified_1973/B02-FAU__Fauna/noun-1354__head-oyster.png	B02-FAU__Fauna/aachat-forge-fauna-coral-scallop-stripe-keeper.png	92bd6df07579e967756a27110f1ef4935265789c4eaa8f6e11e0aa53004598f9	Coral scalloped oyster-shell hood with sunflower LCD rim and crimson-magenta striped modular body; source face fully replaced by the fixed aachat LCD.
nouns_classified_1973/B02-FAU__Fauna/noun-1355__head-bear.png	B02-FAU__Fauna/aachat-forge-fauna-cocoa-rainbow-square-ear.png	e9b1420000fdb79cddf35e335a62b117c2fe439ef1180b9f4fdf706d664738a8	Reference-mode cocoa square-eared bear with rainbow module tunic; source face fully replaced by the fixed frontal aachat LCD.
nouns_classified_1973/B02-FAU__Fauna/noun-1356__head-raven.png	B02-FAU__Fauna/aachat-forge-fauna-obsidian-stripe-wing-scout.png	69d100c43e54587a5d652a5990c19c2a1c1445e96bff6be9458c130025651286	Reference-mode Level 4 obsidian raven scout with a swept stepped feather cowl, wing-like modular arms, orange-purple-white vertical striping, broad talon-inspired boots, and complete source-face replacement by the fixed aachat LCD.
nouns_classified_1973/B02-FAU__Fauna/noun-1357__head-dino.png	B02-FAU__Fauna/aachat-forge-fauna-mint-checker-snout-stomper.png	24532324b840e6556c24ca3d1a8cb8bf27827c7fd570804a7b37c5cfdab44ff5	Mint-green checkerboard dinosaur translated into a compact full-body coarse-module stomper with cream accents, broad feet, stepped tail, and complete replacement of the source face by the fixed frontal aachat LCD.
nouns_classified_1973/B02-FAU__Fauna/noun-1358__head-cow.png	B02-FAU__Fauna/aachat-forge-fauna-ivory-patch-bell-drover.png	e3d287cdbcb07a6d91fa689232018bf7f8b0afdbd5dea5daf1a2955f833d7812	Monochrome cow drover with an ivory-black patchwork head shell, restrained pink ear modules, a centered golden bell, a fully replaced integrated fixed LCD, and consistent coarse square 3D modules.
nouns_classified_1973/B02-FAU__Fauna/noun-1359__head-dog.png	B02-FAU__Fauna/aachat-forge-fauna-chestnut-cobalt-greenpatch-hound.png	34ac719523d65a475601ebabb3cafd7102d7cedcde9adeb78353b47015904cb7	Chestnut square-eared hound with an ivory modular body, cobalt bands, emerald greenpatch tiles, and a complete front-integrated LCD face replacement.
nouns_classified_1973/B02-FAU__Fauna/noun-1364__head-green-snake.png	B02-FAU__Fauna/aachat-forge-fauna-emerald-coil-lookout.png	181f31cef90552f529e5f2467630e44202bc7535a011b09559f6ac7c62261a32	Upright emerald serpent with a cream segmented belly and compact coiled tail, rebuilt from coarse square 3D modules around the fixed frontal LCD.
nouns_classified_1973/B02-FAU__Fauna/noun-1371__head-rabbit.png	B02-FAU__Fauna/aachat-forge-fauna-silver-blueband-burrow-scout.png	a32a25f0f5ea9edd370207616143b890d8ea998f4f23d75cf9eb38e326de013d	Silver-blue burrow scout preserves the source's tall upright ears, cobalt band, and gray torso stripes while fully replacing the original eyes and tooth-mouth with the structurally integrated fixed aachat LCD.
nouns_classified_1973/B02-FAU__Fauna/noun-1379__head-bigfoot-yeti.png	B02-FAU__Fauna/aachat-forge-fauna-ivory-icecrest-trailkeeper.png	1ba95f8b485b3013e6625466a9ad1860be1e2a6fa18ae380086f2dd4e49b820d	Reference mode Level4; preserved the source snow-creature silhouette and ivory/cyan/magenta palette; fully replaced the original face and glasses with the integrated fixed LCD; coarse square-module full-body form.
nouns_classified_1973/B02-FAU__Fauna/noun-1391__head-goldfish.png	B02-FAU__Fauna/aachat-forge-fauna-citrus-glassgill-pond-walker.png	088382f249544775f5c0b5a9b966d60a6d604e4994233256db6b94dd4a675a6b	Reference-mode Level 4 goldfish-bowl walker with a translucent cyan module-built head shell, vivid orange body and fins, and complete aachat LCD face replacement.
nouns_classified_1973/B02-FAU__Fauna/noun-1392__head-zebra.png	B02-FAU__Fauna/aachat-forge-fauna-jade-stripe-mane-runner.png	fffa864f9a49e83e5e374ed86b97423b8d20fbc140cecbac63bfceb324a1cae0	Compact black-and-ivory zebra runner with upright striped ears and stepped mane, jade square harness, and a fully integrated fixed aachat LCD.
nouns_classified_1973/B02-FAU__Fauna/noun-1399__head-capybara.png	B02-FAU__Fauna/aachat-forge-fauna-copper-blocksnout-mint-keeper.png	f35a019f138e2f2dd62b47419ad51d26d4d718cfc44953c02fca7ab689d05eaa	Warm copper-brown capybara silhouette with short square ears, pale-coral modular body, sparse mint inlays, and complete fixed-LCD face replacement.
nouns_classified_1973/B02-FAU__Fauna/noun-1402__head-raven.png	B02-FAU__Fauna/aachat-forge-fauna-obsidian-longbeak-cobalt-watcher.png	75ea68c017d52de359ea120cb39ac333eb4ade8fdb6d61b03d5fc565d22804a3	Obsidian raven field watcher with stepped crown and wing-tail architecture, orange structural trim, pale-cyan core, and complete fixed-LCD face replacement.
nouns_classified_1973/B02-FAU__Fauna/noun-1408__head-oyster.png	B02-FAU__Fauna/aachat-forge-fauna-rose-oyster-cinder-stiltwalker.png	fd138d3c4b1446722d7ac888d36ed7b8b04375c4438e33623f3f100a1b7c6286	Rose-pink scalloped oyster-shell canopy with a coral-red module body, long umber stilt legs, and a fully integrated fixed aachat LCD.
nouns_classified_1973/B02-FAU__Fauna/noun-1412__head-owl.png	B02-FAU__Fauna/aachat-forge-fauna-amber-owl-medallion-scholar.png	0c004b106c3a197858297d996a77e5777c929fc4fd8b430d6672e9bda045adfa	Amber square-headed owl scholar preserving the black robe, cobalt collar, and gold medallion while fully replacing the source face with the integrated aachat LCD.
nouns_classified_1973/B02-FAU__Fauna/noun-1420__head-mouse.png	B02-FAU__Fauna/aachat-forge-fauna-celadon-square-ear-mouse.png	ca35507a0c8d2bee24d2fab071c5812ae7b77901525db373d90525a8b30c6fdc	Porcelain-celadon square-ear mouse with black module ears, pale aqua body, lime trim, and yellow chest token; source face fully replaced by fixed aachat LCD.
nouns_classified_1973/B02-FAU__Fauna/noun-1428__head-ducky.png	B02-FAU__Fauna/aachat-forge-fauna-saffron-duckling-tube-keeper.png	000346d732cb61ea67ab84c43e52f69db2232bc9c1aca74f52668e64e4c147d9	Reference mode Level 4: golden duckling crown over olive tube body, source face fully replaced by fixed aachat LCD; coarse square 3D modules.
nouns_classified_1973/B02-FAU__Fauna/noun-1429__head-fox.png	B02-FAU__Fauna/aachat-forge-fauna-orange-white-tip-apron.png	e97e75551dbd53b37de4e2f85b58a5756eb87d28a99033903ab66aac4f434a7f	Orange fox-ear LCD module form with a raised white-tip tail, magenta shoulders, violet apron body, and sparse green tile accents.
nouns_classified_1973/B02-FAU__Fauna/noun-1435__head-mosquito.png	B02-FAU__Fauna/aachat-forge-fauna-ember-proboscis-field-scout.png	2545a4da03565b063b8115bc915f139997ddd954a781fa98a2bea79015ed06b4	Ember-red mosquito field scout with a long modular proboscis, twin arched antennae, cream tunic, lime chest insignia, fixed LCD identity, and generous full-body margins.
nouns_classified_1973/B02-FAU__Fauna/noun-1437__head-jellyfish.png	B02-FAU__Fauna/aachat-forge-fauna-rose-canopy-checker-drifter.png	5d2f1ac736d13a0de5fba15d8f7cef406c5979d61d13536ed6d41f18030b3398	Rose-lavender stepped jellyfish dome and hanging tentacle modules over a green and burnt-orange checker tunic, with the source face fully replaced by the fixed cobalt aachat LCD.
nouns_classified_1973/B02-FAU__Fauna/noun-1438__head-orca.png	B02-FAU__Fauna/aachat-forge-fauna-onyx-saddlefin-checker-diver.png	f8704062989c0530511305564a0bcfcce57d516310ab38eb1bfbd6977be07a77	Angular onyx-and-ivory orca head with integrated fixed LCD, stepped dorsal and tail fins, and a magenta-lime checker diver suit built from coarse square modules.
nouns_classified_1973/B02-FAU__Fauna/noun-1443__head-bigfoot-yeti.png	B02-FAU__Fauna/aachat-forge-fauna-frost-shag-summit-roamer.png	8fac35e58185130da34fb0df0f492fbcc8482b76e2af1eb308944da1e0a0c9db	Level 4 fauna reinterpretation: snow-white stepped yeti shag and long arms, cobalt block body with sparse lime-cyan-magenta mosaic flecks, no separate prop, and complete replacement of the source face with the fixed aachat LCD.
nouns_classified_1973/B02-FAU__Fauna/noun-1445__head-croc-hat.png	B02-FAU__Fauna/aachat-forge-fauna-verdant-snapjaw-brim-keeper.png	4dc7690c258a262dc971fd798d42207500eef5b22ed47e88360fa77c277a9d2b	Verdant crocodilian trail keeper with a block-built long snout, flat black brim hat, restrained red-white accents, and a fully replaced frontal aachat LCD.
nouns_classified_1973/B02-FAU__Fauna/noun-1446__head-frog.png	B02-FAU__Fauna/aachat-forge-fauna-verdant-brow-stump-leaper.png	83881b30309e07ba3868a8c03fb2e05a5f29e2fe3bd79f565fadd2912fc8d757	Reference-mode lime frog leaper with twin stepped crown modules and cedar-brown stump tunic; source face fully replaced by fixed frontal LCD.
nouns_classified_1973/B02-FAU__Fauna/noun-1448__head-moose.png	B02-FAU__Fauna/aachat-forge-fauna-umber-antler-bell-keeper.png	8f8dcd4b77522d3da79a44d7dd0a59f21e2173b6d13c06bfdb6fa77cc57fc6a6	Wide tan branching-antler crown, warm umber modular moose shell, gray neck column, and compact black bell-like chest core; source face fully replaced by the fixed frontal aachat LCD.
nouns_classified_1973/B02-FAU__Fauna/noun-1453__head-grouper.png	B02-FAU__Fauna/aachat-forge-fauna-ochre-grouper-grid-strider.png	0e5d844ae625455b6cae2de0a2bf4d2a1ac6ad9a2162befaf7999f30d3bdcd01	Ochre and olive grouper grid strider with a broad stepped shell, dark dorsal and tail fins, lime modular bands, fixed frontal LCD, complete source-face replacement, and generous full-body white margins.
nouns_classified_1973/B02-FAU__Fauna/noun-1461__head-rabbit.png	B02-FAU__Fauna/aachat-forge-fauna-ivory-twin-ear-charmbearer.png	62c20cbc4b9aaf693ef23f8850a200e7a6ef78c95a288a9fb1d10132cdbe8ed2	Ivory coarse-module rabbit courier with tall twin ears, cool-gray bands, cyan accents, amber chest charm, and a fully integrated fixed aachat LCD replacing the original face.
nouns_classified_1973/B02-FAU__Fauna/noun-1462__head-rabbit.png	B02-FAU__Fauna/aachat-forge-fauna-linen-violet-ear-burrower.png	56e7d660afcfac3c184020872c42da9a035fe889a6814c45bca1908aaf6dc8b7	Tall twin-ear rabbit silhouette rebuilt in warm linen and pale-gray coarse modules with violet bands; original face and glyph fully replaced by the integrated fixed LCD.
nouns_classified_1973/B02-FAU__Fauna/noun-1463__head-bigfoot.png	B02-FAU__Fauna/aachat-forge-fauna-russet-shag-coral-pillar.png	11d6d9d1e8bceff8622ec1501352960472c51861ee12547632d41b85dbca5b70	Reference-mode Level 4 russet shag-crested fauna figure with long low-slung arms, a coral-orange pillar torso, restrained turquoise inlay, and the original face fully replaced by the fixed aachat LCD.
nouns_classified_1973/B02-FAU__Fauna/noun-1465__head-orca.png	B02-FAU__Fauna/aachat-forge-fauna-charcoal-orca-magenta-envoy.png	19a2d09868d7c297a85a6bd5a010d0c86eeb39646779d3f4f5803b1ae96ece0b	Reference-mode Level 4 charcoal orca head shell with dorsal fin and swept fluke, magenta inset seam, and orange service body; source face and lettering removed and replaced by the fixed frontal LCD.
nouns_classified_1973/B02-FAU__Fauna/noun-1478__head-otter.png	B02-FAU__Fauna/aachat-forge-fauna-rose-mosaic-river-swimmer.png	843f1ab52b52c6d0297c424ad1c7165041f9a781b711e91b103fb2fe52eec712	Compact rose-and-white otter mosaic with taupe block head surround and cyan chest accent; original face structurally replaced by frontal aachat LCD.
nouns_classified_1973/B02-FAU__Fauna/noun-1482__head-flamingo.png	B02-FAU__Fauna/aachat-forge-fauna-rose-hookneck-reed-keeper.png	2c1a55a07acd014d733701d86ac47187b58c9cac5e1fbcfc850b871d6d5bf8a0	Level 4 fauna reinterpretation with a charcoal pillar body, rose hooked-neck arch integrated around the fixed LCD, and restrained lime modular accents.
nouns_classified_1973/B02-FAU__Fauna/noun-1483__head-frog.png	B02-FAU__Fauna/aachat-forge-fauna-mint-rainbow-checker-hopper.png	951e45bb390eea824465401ac68f55f94693c7155f64fb458adc371fe62c0941	Mint stepped frog-crown housing, fixed cobalt LCD, vivid rainbow and checker tunic, and broad web-inspired block feet in consistent coarse square 3D modules.
nouns_classified_1973/B02-FAU__Fauna/noun-1484__head-cow.png	B02-FAU__Fauna/aachat-forge-fauna-lavender-cowbell-grazer.png	5adfa608ae2b67d8800eca66d37c624c61ef4e74f9b4d3d030f3a9b2b946ca05	Compact lavender block-built bovine with black-and-white patched LCD head, short horns, square chest motif, sturdy feet, and integrated golden cowbell.
nouns_classified_1973/B02-FAU__Fauna/noun-1489__head-oyster.png	B02-FAU__Fauna/aachat-forge-fauna-blush-oyster-medallion-keeper.png	b37f0d488350520dec88d23eaad64343f5cef35a95e41e2c7d29e17772d8a7f2	Blush-pink scalloped oyster-shell cowl, olive block robe, and amber medallion; original face fully replaced by the fixed frontal LCD.
nouns_classified_1973/B02-FAU__Fauna/noun-1508__head-ape.png	B02-FAU__Fauna/aachat-forge-fauna-slate-crown-russet-climber.png	4afca3d65f8d54406854d39758f29e7f209e5f90a7e1c0a3276eaaea8c9173e1	Slate-crowned rust-bodied ape climber with long modular arms and complete fixed-LCD face replacement.
nouns_classified_1973/B02-FAU__Fauna/noun-1510__head-bear.png	B02-FAU__Fauna/aachat-forge-fauna-umber-checker-bear.png	df261d3aa12e26b2cbf425340c537c7e7b96ea51750f5f929fc58ef87e91eb1d	Reference-mode umber square-eared bear with amber-black checker tunic; original face fully replaced by fixed frontal LCD in coarse modular Level 4 form.
nouns_classified_1973/B02-FAU__Fauna/noun-1511__head-cow.png	B02-FAU__Fauna/aachat-forge-fauna-ivory-pink-muzzle-grazer.png	ff0b90fd0d15b99f7e51ae16d94ae819ea85309f5ca1034dd77c0f3599b3ad87	Reference-mode Level 4 cow grazer preserving the ivory, black, pink, pale-cyan, and warm chest-accent design language with a structurally integrated fixed LCD and coarse square modules.
nouns_classified_1973/B02-FAU__Fauna/noun-1520__head-dog.png	B02-FAU__Fauna/aachat-forge-fauna-chestnut-lime-stitch-hound.png	260c9abb5c0b7fb5e14e7ce9e9d1cf44c3e23a84062b13af28451b6e66cd78bf	Chestnut block hound with lime LCD housing, indigo tunic, and orange stitch motif.
nouns_classified_1973/B02-FAU__Fauna/noun-1521__head-zebra.png	B02-FAU__Fauna/aachat-forge-fauna-ivory-zigzag-magenta-envoy.png	0dd6c63b8b7bd794ec199700c048dd516df9047279dfd39e213c3d34a68dc668	Ivory-black zebra stripe shell with cyan LCD frame, magenta tunic, and restrained gold chevron ornament; original face fully replaced by fixed aachat LCD.
nouns_classified_1973/B02-FAU__Fauna/noun-1523__head-crab.png	B02-FAU__Fauna/aachat-forge-fauna-tangerine-headclaw-badge-stiltwalker.png	8191824234cc43eb34bffaa089facfe29555abbafd42864a7c099ecf7a3691a3	Bright tangerine head-claw stiltwalker with ivory edge modules and compact red-blue-green chest badge; source face fully replaced by the integrated aachat LCD.
nouns_classified_1973/B02-FAU__Fauna/noun-1524__head-otter.png	B02-FAU__Fauna/aachat-forge-fauna-magenta-cowl-ivory-riverkeeper.png	be5028f36b433a0af5186881a842662936badfb6ae384b6a30e16694dc5b7a09	Level 4 Reference mode: tall ivory modular otter riverkeeper with a rounded taupe head cowl, restrained magenta bands, compact paws, and a broad tapering tail; the source face is structurally fully replaced by the fixed frontal aachat LCD.
nouns_classified_1973/B02-FAU__Fauna/noun-1535__head-owl.png	B02-FAU__Fauna/aachat-forge-fauna-tawny-brow-sunset-sentry.png	d7c2a713c7c93ec50822b78d731ed1c6ce3f195ae1dcc49151768c15cb4a6b43	Level 4 Reference mode: compact tawny owl sentinel with cream stepped LCD crown, amber wing-arms, and sunset-red banded body; original owl face fully replaced by the fixed aachat LCD.
nouns_classified_1973/B02-FAU__Fauna/noun-1537__head-horse-deepfried.png	B02-FAU__Fauna/aachat-forge-fauna-saffron-mane-block-courser.png	9dbe78e82d806759bf18fdc4247ea09840da999a1da1b0f35b36d34f6c6558e6	Saffron-maned equine courser rebuilt as consistent coarse ochre square modules, with squared ears, stepped mane, pale chest tiles, and the source face fully replaced by the fixed aachat LCD.
nouns_classified_1973/B02-FAU__Fauna/noun-1556__head-croc-hat.png	B02-FAU__Fauna/aachat-forge-fauna-lime-snapjaw-top-hat.png	c2240093cb69ef381ba9612b0681dce0919a8f43967ae56bd4fca7db60c9dbbb	Lime snapjaw top-hat silhouette with integrated canonical LCD, black formal modular body, and restrained pink lapel accent; original face fully removed.
nouns_classified_1973/B02-FAU__Fauna/noun-1561__head-dog.png	B02-FAU__Fauna/aachat-forge-fauna-chestnut-ear-patch-pup.png	895eb0752d868fecc0783e7087c9ef4a836ac40889edce0c8ca58557e2bfc2d4	Broad chestnut floppy-ear canopy around the fully replaced integrated LCD; gray coarse-module body with an ivory chest and three abstract RGB tiles.
nouns_classified_1973/B02-FAU__Fauna/noun-1568__head-goldfish.png	B02-FAU__Fauna/aachat-forge-fauna-iceblue-bowl-stripe-swimmer.png	29597b80442178920c96c1b675a18f9f82ecb9e7eb00c7ef34ed8c4adbd3f5eb	Reference-mode Level 4 ice-blue bowl-stripe swimmer with a broad stepped fishbowl head shell, red-and-white modular body, small coral fin accents, and the complete source face structurally replaced by the fixed aachat LCD.
nouns_classified_1973/B02-FAU__Fauna/noun-1573__head-dino.png	B02-FAU__Fauna/aachat-forge-fauna-emerald-blockjaw-bonewarden.png	c44ec606fa759d48b60f49def207290f17798a369d1191e93387422444404211	Emerald modular saurian with a purple body and restrained gold bone-rib chest motif; the source face is fully replaced by the fixed aachat LCD.
nouns_classified_1973/B02-FAU__Fauna/noun-1581__head-jellyfish.png	B02-FAU__Fauna/aachat-forge-fauna-rose-bell-tendril-drifter.png	6c97eb2d1c31b679fb7d981e9dd7f8d16a4e5aebea0e9481b18d457b3d82012f	Rosy jellyfish bell canopy with violet rim and hanging block tendrils, rebuilt in coarse square modules around the fixed frontal LCD.
nouns_classified_1973/B02-FAU__Fauna/noun-1593__head-mouse.png	B02-FAU__Fauna/aachat-forge-fauna-taupe-square-ear-tailkeeper.png	a844ae9d806846adc02beaa0b12af9d6915a6cc6e3b95c0ac06faa511c634e84	Reference-mode mouse tailkeeper with oversized charcoal square ears, warm taupe coarse modules, restrained dusty-rose trim, and the original face fully replaced by the fixed aachat LCD.
nouns_classified_1973/B02-FAU__Fauna/noun-1597__head-mosquito.png	B02-FAU__Fauna/aachat-forge-fauna-copper-proboscis-marsh-tracker.png	4c5adf302e4348d914fed338572ceb6400ac91d28794b46e406322fc4c4f64ae	Copper-brown modular marsh mosquito tracker preserving the angular head shell, long proboscis, and curved antenna while replacing the source face with the fixed aachat LCD.
nouns_classified_1973/B02-FAU__Fauna/noun-1599__head-tiger.png	B02-FAU__Fauna/aachat-forge-fauna-tangerine-stripe-checker-prowler.png	bebd55396ce033e1edd6021b7b1e6e20ff9e4754ae44d3c5e01ce7113772dbd7	Orange-black tiger module shell with a red-cobalt checker torso; original face fully replaced by the integrated aachat LCD.
nouns_classified_1973/B02-FAU__Fauna/noun-1600__head-goldfish.png	B02-FAU__Fauna/aachat-forge-fauna-aqua-glassfin-walker.png	35a246dbec4a04057dd849278f4a5cb3b317f441baeb4a6387cb3429a9aa4409	Rounded aqua tank-shell head with stepped side fins, violet modular collar and body, and slender silver walker limbs; the source face is fully replaced by the fixed aachat LCD.
nouns_classified_1973/B02-FAU__Fauna/noun-1606__head-frog.png	B02-FAU__Fauna/aachat-forge-fauna-lime-brow-brick-sentinel.png	b0c480f6063c93681c0d060413a361f595a82599cb11560e1dbe95588bd536b1	Lime stepped frog cowl with paired crown bumps and cheek blocks, rust-red brick tunic with ivory trim, and a fully integrated fixed aachat LCD.
nouns_classified_1973/B02-FAU__Fauna/noun-1608__head-pufferfish.png	B02-FAU__Fauna/aachat-forge-fauna-apricot-quill-burgundy-mariner.png	a2308c722df64e79f9a9414094961af0ad1822c7f464a5b777a7559fb3984b04	Apricot pufferfish mariner with a broad stepped quill shell, square lateral fins, deep burgundy tunic, warm-cream chest accent, complete source-face replacement by the fixed frontal aachat LCD, and consistent coarse Level 4 modules.
nouns_classified_1973/B02-FAU__Fauna/noun-1610__head-zebra.png	B02-FAU__Fauna/aachat-forge-fauna-magenta-grid-stripe-grazer.png	e6932258fb355376a7f299c7875b4f5712f4560bdf61a079211169f9b8bca594	Level 4 reference reinterpretation with a zebra-striped modular shell, lime LCD housing, and magenta-yellow woven-grid tunic; the original face is fully replaced by the fixed aachat LCD.
nouns_classified_1973/B02-FAU__Fauna/noun-1614__head-whale.png	B02-FAU__Fauna/aachat-forge-fauna-blush-dorsal-coral-courier.png	4f2d0682f9b81fccb5320f0555abb6392c866b00b49dde2305f500a289ffff73	Broad blush-gray whale shell with a stepped charcoal dorsal ridge, coral-orange courier body, restrained white modular accent, generous full-body margins, and complete source-face replacement rebuilt around the fixed aachat LCD in consistent coarse square 3D modules.
nouns_classified_1973/B02-FAU__Fauna/noun-1617__head-scorpion.png	B02-FAU__Fauna/aachat-forge-fauna-ochre-crooktail-grid-patroller.png	e3fd2cb8dec50b5b510b60acb4a4109850899d28d34b72a86b29d409ece68cf5	Ochre hooked-tail scorpion patroller with a cream-and-muted-olive ring-grid torso, restrained orange pincer tips, broad all-around white margins, consistent coarse square 3D modules, and the complete source face structurally replaced by the fixed frontal aachat LCD.
nouns_classified_1973/B02-FAU__Fauna/noun-1626__head-raven.png	B02-FAU__Fauna/aachat-forge-fauna-midnight-beak-bolt-sentinel.png	668dd1f78e517546f2753c18a4a9b4fe442f810fd649057e18e32290fbdc0d2f	Charcoal square-module raven sentinel with bone torso, stepped crown and side-beak shell, lightning chest inlay, and fixed cobalt LCD.
nouns_classified_1973/B02-FAU__Fauna/noun-1636__head-bigfoot.png	B02-FAU__Fauna/aachat-forge-fauna-chestnut-shag-peak-strider.png	3a21b0694e4cd3785d42c7e7c94a17f30e4b9bea636c970a2548f3e7e1e68051	Chestnut Bigfoot trail strider with a stepped shag crest, long side tufts, ivory expedition tunic, and broad block feet.
nouns_classified_1973/B02-FAU__Fauna/noun-1639__head-bigfoot.png	B02-FAU__Fauna/aachat-forge-fauna-russet-longarm-greenstripe-roamer.png	bbf91a7e810aefd8534252b26be05d78b27b213c286a056426a5d5ebe218b735	Russet longarm bigfoot roamer with a compact white vest, green diagonal-striped lower garment, consistent coarse square modules, and the original face fully replaced by the fixed aachat LCD.
nouns_classified_1973/B02-FAU__Fauna/noun-1652__head-goat.png	B02-FAU__Fauna/aachat-forge-fauna-bronze-horn-sun-medallion.png	87492e09a33a753a870413f56d3a8156bcf27aca19237e5c75a06693a732564d	Coarse modular goat herald preserving taupe horns, brown tunic, cyan head band, and gold sun medallion around a fully integrated canonical LCD.
nouns_classified_1973/B02-FAU__Fauna/noun-1662__head-squid.png	B02-FAU__Fauna/aachat-forge-fauna-rose-mantle-tentacle-rover.png	3b72835ddbfa413687f1f59f2286715c12ca5db9d10d27fecf0fb4a749690b0c	Rose stepped squid-mantle shell, orange block torso, violet segmented tentacle arms, broad square feet, and complete source-face replacement by the fixed front-facing cobalt LCD.
nouns_classified_1973/B02-FAU__Fauna/noun-1671__head-green-snake.png	B02-FAU__Fauna/aachat-forge-fauna-lime-cobalt-neck-sentinel.png	62ee8b6cedfd347a259f870128cee740ea0351eb65ffd61ca8438c8679f96ec6	Lime-and-cobalt snake sentinel with a tall stepped S-neck terminating in the sole LCD head, compact block torso, and broad module-built feet
nouns_classified_1973/B02-FAU__Fauna/noun-1673__head-dog.png	B02-FAU__Fauna/aachat-forge-fauna-chestnut-floppy-ear-fieldkeeper.png	297010821f02779376fb4e2c793e1ea5ad3d5c289e2b30bcb9d5348b3277eadc	Chestnut floppy-ear dog sentinel with cream-integrated fixed LCD and plain leaf-green coarse-module tunic.
nouns_classified_1973/B02-FAU__Fauna/noun-1684__head-aardvark.png	B02-FAU__Fauna/aachat-forge-fauna-coral-prongear-stripe-keeper.png	716077af3f06307eed66298a6d81542b3903c277ed2df871f3ceb07e4c2d5ef1	Coral prong-eared striped aardvark keeper; fixed LCD fully replaces the source face; coarse square modules with generous full-body white margins.
nouns_classified_1973/B02-FAU__Fauna/noun-1688__head-shark.png	B02-FAU__Fauna/aachat-forge-fauna-azure-sharkhood-night-rover.png	4b5335d9a6f60aeaa06852dcb8f5b7f294b7c3c0e1b5fd46b773e6daffa4b9e7	Azure coarse-module shark hood with dorsal and forked tail fins over a navy rover body and slim white accent; original face fully replaced by the integrated fixed aachat LCD.
nouns_classified_1973/B02-FAU__Fauna/noun-1695__head-oyster.png	B02-FAU__Fauna/aachat-forge-fauna-rose-shell-checker-herald.png	a0f4c44972025538066667a09ee7637d2dd8fc92beb113a6cf829a0d49edae06	Rose scalloped oyster-shell crown and black-russet checker body rebuilt in coarse square 3D modules around a fully integrated fixed LCD, with generous full-body white margin.
nouns_classified_1973/B02-FAU__Fauna/noun-1699__head-orangutan.png	B02-FAU__Fauna/aachat-forge-fauna-scarlet-mane-lattice-keeper.png	cd37aea0ab0b27fb3d776688b6939c4eb49be8dcede80bebedf4f35f9ca84cc5	Reference mode Level 4 with scarlet stepped mane, charcoal LCD housing, cobalt edging, mint-white lattice tunic, and long block-built orangutan arms.
nouns_classified_1973/B02-FAU__Fauna/noun-1707__head-croc-hat.png	B02-FAU__Fauna/aachat-forge-fauna-jade-brim-snout-steward.png	72bdfb2bf7343864c94f08d231f47dfb0b5870575f19a040d6af639f756b9e82	Tall jade crocodile-hat steward with a long solid squared snout, black flat-brim hat with jade band, white-yellow chest boutonniere, fixed LCD face, and consistent coarse square 3D modules.
nouns_classified_1973/B02-FAU__Fauna/noun-1711__head-squid.png	B02-FAU__Fauna/aachat-forge-fauna-rose-diamond-tentacle-drifter.png	b5e72c4e3300d130993af54871d309bcb303161f143d78db38a6e1f0aefeb315	Rose-pink pointed squid mantle and violet cascading tentacles rebuilt from consistent coarse square modules around a fully replaced frontal aachat LCD.
nouns_classified_1973/B02-FAU__Fauna/noun-1729__head-dino.png	B02-FAU__Fauna/aachat-forge-fauna-emerald-squarejaw-orange-saurian.png	6c059a51f3c1edc597cab0e65e465f95df8f653a722af2449bb0bd2df8cc5cc6	Emerald square-jawed block saurian with an orange module-grid tunic, integrated fixed LCD, dorsal crown, broad feet, and stepped tail.
nouns_classified_1973/B02-FAU__Fauna/noun-1730__head-ape.png	B02-FAU__Fauna/aachat-forge-fauna-violet-crest-mint-climber.png	a893451420f4a102497df5a51b06a14b0d671317363967c8b95fc19fe607430d	Reference-mode Level 4 ape climber preserving the stepped violet crest, mint spotted body, and dusty-rose accents; original face fully replaced by the fixed aachat LCD with coarse square modules and full-body white-studio framing.
nouns_classified_1973/B02-FAU__Fauna/noun-1737__head-croc-hat.png	B02-FAU__Fauna/aachat-forge-fauna-mint-snapjaw-hat-keeper.png	e41b051d61d198582b443cd0dee02433b5462f469b3dcd443042ccdd7102f071	Reference mode Level 4: mint-green crocodilian solid snapjaw, black flat-brim hat, restrained cobalt accents, fixed LCD, and coarse square 3D modules.
nouns_classified_1973/B02-FAU__Fauna/noun-1739__head-mouse.png	B02-FAU__Fauna/aachat-forge-fauna-charcoal-ear-sunset-burrower.png	6da4d95bd9354f5f2d592344174fdfa0babd6334b018c279870921c5cf5084c6	Compact block-built mouse with charcoal twin square ears, a warm-gray LCD head, sunset-striped torso, short segmented tail, and fixed right-looking aachat eyes.
nouns_classified_1973/B02-FAU__Fauna/noun-1747__head-whale.png	B02-FAU__Fauna/aachat-forge-fauna-rose-baleen-signal-steward.png	1e29523e4e96c2e1e519340b38862e92deb301563bbe724d5f998e5c104c2afe	Level 4 rose baleen signal steward with a pale block-whale LCD head, deep-rose field coat, and restrained cyan seam accents.
nouns_classified_1973/B02-FAU__Fauna/noun-1750__head-oyster.png	B02-FAU__Fauna/aachat-forge-fauna-pearl-oyster-checker-caretaker.png	52de85ee0a3ac262bc98aa8aeab9444473f6fbb5e5bcb6234ed44b79619785d2	Broad stepped pearl-pink oyster shell LCD housing with a magenta-lime checker caretaker tunic, sturdy modular boots, and the complete source face structurally replaced by the fixed aachat LCD.
nouns_classified_1973/B02-FAU__Fauna/noun-1751__head-squid.png	B02-FAU__Fauna/aachat-forge-fauna-rose-squid-staff-keeper.png	06480820e1bf5d534275dff5ad42abe4d727919f52b2e5f33937f3473ed1b620	Rose-pink coarse-module squid mantle with violet tentacle fringe, cream wave-marked robe, and full-height staff; original face structurally replaced by the frontal aachat LCD.
nouns_classified_1973/B02-FAU__Fauna/noun-1754__head-cat.png	B02-FAU__Fauna/aachat-forge-fauna-cyan-whisker-goldchain-scout.png	dfdd662402358cf3b3be188f525f9a64b14ff7674ab28a803abc3e636a853ad9	Compact cyan feline signal scout with black modular ears, pale-blue side accents, a gold linked chest motif, and the complete source face structurally replaced by the fixed aachat LCD.
nouns_classified_1973/B02-FAU__Fauna/noun-1756__head-tiger.png	B02-FAU__Fauna/aachat-forge-fauna-vermillion-tiger-totem.png	0cd28a969e0c49e5d3f607b99ba1b09de790010a203a976661d63204cc9796a1	Vermillion tiger totem with a striped square-ear shell, fully integrated fixed LCD, jade stepped chest inlay, and coarse block-built limbs.
nouns_classified_1973/B02-FAU__Fauna/noun-1780__head-dino.png	B02-FAU__Fauna/aachat-forge-fauna-lime-jaw-violet-stomper.png	4f5dd8d25e8afd52cef7f03ee20ec9b6603368769240a5f14c0f971bc38ce57b	Lime-green stepped dinosaur shell with chartreuse bands, violet module torso, short block tail, and the original face fully replaced by the fixed aachat LCD.
nouns_classified_1973/B02-FAU__Fauna/noun-1797__head-chameleon.png	B02-FAU__Fauna/aachat-forge-fauna-jade-panorama-tail-rover.png	0164a6d0b3271bfb3cec3c7b3ca3d7d57ffe288f23c5443cb8cadb6fa40242f2	Jade and lime coarse-module chameleon rover with tan chest, orange trail accent, compact curled tail, and original face fully replaced by the fixed integrated LCD.
nouns_classified_1973/B02-FAU__Fauna/noun-1798__head-scorpion.png	B02-FAU__Fauna/aachat-forge-fauna-golden-curltail-olive-sentinel.png	e60844116d332fab1005f1e1b5ef46a03f7831298ce35857fff5f6361214aad9	Olive-and-gold block scorpion sentinel with a high curled segmented tail, restrained magenta joints, fixed LCD replacing the source face, and generous full-body margins.
nouns_classified_1973/B02-FAU__Fauna/noun-1802__head-squid.png	B02-FAU__Fauna/aachat-forge-fauna-rose-cowl-prism-bearer.png	bf4bf7ff911ac5d17e2527a21e8ee6275668694bf57924e8df6cdc34a6a0517d	Reference-mode Level 4 rose-pink pointed squid cowl with violet modular tentacle fringe, warm ivory block body, compact four-color prism badge, rose-violet orb staff, generous full-body margins, and complete source-face replacement by the fixed frontal aachat LCD.
nouns_classified_1973/B02-FAU__Fauna/noun-1803__head-green-snake.png	B02-FAU__Fauna/aachat-forge-fauna-jade-zigzag-coil-watcher.png	4d1213cee07bc2b909b922940a4f4b288ecd6d7b43b61bcdd392eeae22636638	Bright jade-green upright coiled snake watcher with a broad stepped head shell, black zigzag ventral motif, restrained red body accents, and the original face fully replaced by the fixed frontal aachat LCD.
nouns_classified_1973/B02-FAU__Fauna/noun-1805__head-mosquito.png	B02-FAU__Fauna/aachat-forge-fauna-russet-proboscis-lilac-scout.png	169e34e9c036341f78b24940a724afd5e3955e9338de152c38a182cbf3386389	Reference Level 4: rust-red modular mosquito surveyor with twin antennae, side-mounted sampling proboscis, lilac survey suit, and fixed cobalt LCD.
nouns_classified_1973/B02-FAU__Fauna/noun-1816__head-ducky.png	B02-FAU__Fauna/aachat-forge-fauna-sunlit-bill-bluecoat-steward.png	5c8efc1b2a316d3b580238f2496712ca7d0047237deee14c05897bb977a4867d	Sunlit-yellow duck-crown steward with a featureless orange shell flange, sky-blue modular coat, black tie panel, broad webbed block shoes, and the complete source face structurally replaced by the fixed aachat LCD.
nouns_classified_1973/B02-FAU__Fauna/noun-1820__head-raven.png	B02-FAU__Fauna/aachat-forge-fauna-charcoal-cap-skygrid-watcher.png	99636edbf957339259e4e9f851d147908e6d888e6455cc990e433704c22067f9	Reference-mode charcoal raven watcher with a stepped feather cap and external longbill shell, pale sky-blue and white checker tunic, complete fixed-LCD face replacement, and consistent coarse square modules.
nouns_classified_1973/B02-FAU__Fauna/noun-1825__head-beluga.png	B02-FAU__Fauna/aachat-forge-fauna-ivory-melon-green-steward.png	bc752d4c8cb81a59ab9ed5950913b5c378cb2c885436da78db15df67f06bec16	Reference-mode Level 4 ivory beluga melon shell with olive steward uniform and canonical integrated LCD; source face and orange glasses fully replaced.
nouns_classified_1973/B02-FAU__Fauna/noun-1838__head-dino.png	B02-FAU__Fauna/aachat-forge-fauna-emerald-squarejaw-ivory-stomper.png	b715f866e88c076f5de94eceb58ab1f5e778997609499b562e4fb7dcc86727be	Emerald square-jawed dinosaur stomper with a stepped crown, ivory lower-jaw armor and belly, compact limbs, and a block tail; the original face is fully replaced by the fixed aachat LCD.
nouns_classified_1973/B02-FAU__Fauna/noun-1842__head-zebra.png	B02-FAU__Fauna/aachat-forge-fauna-magenta-stripe-spectrum-grazer.png	af531b508c31f33efa35ac702e88fae19d22ec90fa7fdccb68224fc1cad2cb57	Black-and-ivory block zebra shell with a magenta modular body and fixed integrated LCD; the original face system is fully replaced.
nouns_classified_1973/B02-FAU__Fauna/noun-1846__head-mouse.png	B02-FAU__Fauna/aachat-forge-fauna-slate-ebony-ear-sprig.png	73edbbe8eaf8cc69542bf2bbc4e88fcb3a2197b5a44945a13541ccaace39ad84	Slate-gray modular mouse with oversized ebony square ears and a deep-green stepped sprig; original face fully replaced by the fixed aachat LCD.
nouns_classified_1973/B02-FAU__Fauna/noun-1848__head-duck.png	B02-FAU__Fauna/aachat-forge-fauna-magenta-longbill-marsh-walker.png	41347df6e8dc6efcd03cd6f2bad4f8aca009453f7440d6cc6a6ec62284bc1957	Reference-mode Level 4 preserving the squared white duck shell, vivid magenta upright body, black-white central stripe, and golden longbill as a lateral structural module; the original face is fully replaced by the fixed aachat LCD.
nouns_classified_1973/B02-FAU__Fauna/noun-1862__head-crab.png	B02-FAU__Fauna/aachat-forge-fauna-tangerine-crownclaw-pendant-strider.png	90d68194f54a2237366c2c4e00d3bd8afe20ce2f74c1b675230bd967b9cc8659	Symmetric tangerine crab-crown modules frame the fixed LCD above a compact rust-red body with restrained magenta accents and a small gold pendant.
nouns_classified_1973/B02-FAU__Fauna/noun-1871__head-werewolf.png	B02-FAU__Fauna/aachat-forge-fauna-russet-moonfang-roamer.png	3bd17291a437764fdc1031335d4ecb97b5cf417c1a8bca49e979981c2f5fe02c	Level4 Reference mode; square-eared russet werewolf night-roamer rebuilt in uniform coarse square 3D modules, with the original face fully replaced by the fixed frontal aachat LCD and restrained charcoal, cream, and yellow accents.
nouns_classified_1973/B02-FAU__Fauna/noun-1874__head-unicorn.png	B02-FAU__Fauna/aachat-forge-fauna-rose-confetti-horn-herald.png	4569075c7a82bd1327c61ddad2b488ee5e6cf1aef458a5677fd0eb9957deaa09	Reference-mode Level 4 rose confetti horn herald preserving the pastel horn, stepped crest, cobalt neck, and magenta mosaic torso in coarse square modules, with the source face completely replaced by the fixed frontal aachat LCD and generous full-body white margins.
nouns_classified_1973/B02-FAU__Fauna/noun-1877__head-pufferfish.png	B02-FAU__Fauna/aachat-forge-fauna-tangerine-spike-bluecoat-medallion.png	482566123d984a1d439c27e124e3f7ba81054febe07e497e9cbbd0ddcba3767d	Tangerine pufferfish lookout with block-built radial spines, cobalt blue tunic, gold medallion, and fully integrated aachat LCD.
nouns_classified_1973/B02-FAU__Fauna/noun-1879__head-cat.png	B02-FAU__Fauna/aachat-forge-fauna-midnight-cyan-ear-roamer.png	712ea007347fb79fc4dafd8c2b242a68a2955d19ac5bde96cfce0a73bde22840	Midnight-black twin-ear shell, fixed cobalt LCD, sky-blue and pale-cyan tile tunic, magenta chest tile, and compact stepped tail in coarse square 3D modules.
nouns_classified_1973/B02-FAU__Fauna/noun-1881__head-squid.png	B02-FAU__Fauna/aachat-forge-fauna-coral-mantle-olive-wayfinder.png	b12a49de3b9885f03af610eaa40128cbb410055eaf63c16752619ad3aaaac2dc	Coral-pink pointed squid mantle with purple tentacle arms, olive tunic, and yellow wayfinding chevrons; original face structurally replaced by the fixed embedded LCD.
nouns_classified_1973/B02-FAU__Fauna/noun-1892__head-duck.png	B02-FAU__Fauna/aachat-forge-fauna-snowbill-blue-grid-wader.png	afb8c462817cd52e0c7be3c64950c6ac6646bf316d1b81da854cdb3f70c4628f	Compact snow-white and royal-blue modular marsh wader; source bill became a non-facial golden collar shelf and lime chest grid, with complete LCD face replacement.
nouns_classified_1973/B02-FAU__Fauna/noun-1894__head-tiger.png	B02-FAU__Fauna/aachat-forge-fauna-ember-stripe-cobalt-guardian.png	d82fa8b89baa79181198a68d181dc06ce6ff541bd81c15ba2bf57be2d5c11435	Ember-orange tiger guardian with bold black stripe modules, white structural screen framing, cobalt tunic, circular chest medallion, and a fully integrated fixed aachat LCD replacing the source face.
nouns_classified_1973/B02-FAU__Fauna/noun-1895__head-green-snake.png	B02-FAU__Fauna/aachat-forge-fauna-jade-coil-lattice-warden.png	9e2792ed13cdd605ab077e83aae2df73d03006ac1bda04116da0191027a4545a	Jade-green upright snake sentinel with pale diamond-scale lattice, restrained red collar, compact modular arms, broad coiled base and tail, and complete source-face replacement rebuilt around the fixed frontal aachat LCD in consistent coarse square 3D modules.
nouns_classified_1973/B02-FAU__Fauna/noun-1918__head-zebra.png	B02-FAU__Fauna/aachat-forge-fauna-ivory-stripe-magenta-runner.png	2af6091fa63fc76c0e206e8ef59846bcad9b07f9aaa19d816ef440000ce5b58c	Reference-mode Level4 zebra runner with structural ivory-charcoal stripes, magenta LCD housing accents, orange chest inlays, and fixed cobalt LCD.
nouns_classified_1973/B02-FAU__Fauna/noun-1925__head-crab.png	B02-FAU__Fauna/aachat-forge-fauna-tangerine-crownclaw-olive-stiltwalker.png	a5ac5914e799763f604a8e973e63f3c34cc77efa494fd8a7e1e2542aa2111636	Broad tangerine crown-claw shell rebuilt around the fixed 1.65:1 LCD, with olive/umber striped modules, ivory stilt legs, small pincers, and generous white full-body margins.
nouns_classified_1973/B02-FAU__Fauna/noun-1927__head-dog.png	B02-FAU__Fauna/aachat-forge-fauna-chestnut-crimson-hound-handler.png	cc7e65b66299e1ffe1d6f018dfed9b8291adf752d08575cacdf3f2c98a84e81a	Chestnut square canine head shell with dropped ears, cyan brackets, and a plain crimson tunic, rebuilt around the fixed LCD in coarse modules.
nouns_classified_1973/B02-FAU__Fauna/noun-1938__head-horse-deepfried.png	B02-FAU__Fauna/aachat-forge-fauna-saffron-mane-spectrum-courser.png	1d78b4ec7e36e7f2137807cf518566555276d5f8bb0a36d61067d739807e8879	Saffron-gold block horse courier with stepped brown mane, elongated LCD head, rainbow mosaic body, and broad hoof boots.
nouns_classified_1973/B02-FAU__Fauna/noun-1955__head-mouse.png	B02-FAU__Fauna/aachat-forge-fauna-slate-orange-rim-burrower.png	721fe6a2fa2255236dc44210f43e2849361d6758462d9aa452b4ec2bb763c4ae	Pale-slate square-eared mouse shell, black module ears, orange head rim, olive-ochre striped burrower body, and a segmented tail rebuilt around the fixed frontal aachat LCD.
nouns_classified_1973/B02-FAU__Fauna/noun-1965__head-owl.png	B02-FAU__Fauna/aachat-forge-fauna-amber-owl-night-watcher.png	b352e7c0d16a7f08040f750fdf73b920b6dbd655e5adad5ffc5159a446a2bc2d	Warm tawny square-module owl with rust-brown stepped wings, ivory breast, orange talons, and a fully integrated cobalt-glow aachat LCD replacing the source face.
nouns_classified_1973/B02-FAU__Fauna/noun-1966__head-dino.png	B02-FAU__Fauna/aachat-forge-fauna-mint-squarejaw-trail-stomper.png	8ef0e75e50c612ab438f9d0d50c470092ebf823a04b5f7e04fb1dac78368ce97	Mint-green square-jawed block dinosaur with charcoal torso and stepped tail; the source face is fully replaced by the fixed frontal cobalt-glow LCD.
nouns_classified_1973/B03-FLO__Flora_&_Fungi/noun-0066__head-fir.png	B03-FLO__Flora/aachat-forge-flora-evergreen-spire-keeper.png	a595befff49397bdb94505c6c82322e84615cc977f00ec496e9b32518a67869a	Legacy Level 4 pilot completed before the 1,969-image batch.
nouns_classified_1973/B03-FLO__Flora_&_Fungi/noun-0094__head-weed.png	B03-FLO__Flora/aachat-forge-flora-emerald-weed-crown-keeper.png	230c8190ee37fb574dd364a887c5d3aacfbd30595891848a549ceacf4bfc3251	Reference mode Level 4; pale planter-bodied weed-crown keeper with emerald branching modules, red waist accent, and complete face replacement by fixed aachat LCD.
nouns_classified_1973/B03-FLO__Flora_&_Fungi/noun-0190__head-bonsai.png	B03-FLO__Flora/aachat-forge-flora-jade-bonsai-cultivator.png	9eb6ca4fadf2717aa63e9959ed72a84c93d9c2c189052d42626bdf68d7bd26a8	Three-cluster jade bonsai cultivator with a black modular robe, red collar, gold ornament, and fully replaced 1.65:1 aachat LCD head.
nouns_classified_1973/B03-FLO__Flora_&_Fungi/noun-0220__head-weed.png	B03-FLO__Flora/aachat-forge-flora-jade-branch-crown-tender.png	c044cf2000240f5863d036ab609a25bf492e48cd291e63f51a560cf9110070e0	Reference-mode Level 4 garden steward preserving the source's dark-green branching weed crown and pale-cyan body, with the original face fully replaced by one fixed frontal aachat LCD in coarse square modules.
nouns_classified_1973/B03-FLO__Flora_&_Fungi/noun-0228__head-peyote.png	B03-FLO__Flora/aachat-forge-flora-desert-button-bloom-keeper.png	7ab03038321763c44e3f7b33fc6f5eb9c0889c09ef57f30073b9a4b556220dca	Round green peyote-button crown with pink, cream, and gold modular blossoms, deep-magenta ceremonial tunic, restrained pale-gold medallion, and generous full-body white-space framing built around the fixed LCD.
nouns_classified_1973/B03-FLO__Flora_&_Fungi/noun-0236__head-rosebud.png	B03-FLO__Flora/aachat-forge-flora-crimson-bud-lantern-keeper.png	849bd4b5a6adf03883ca725c5f9900370cfbec50639d4307022cef794d9967cb	Crimson rosebud LCD head with green sepal crown, pale-cyan modular robe, and block lantern; full-body white safe margins.
nouns_classified_1973/B03-FLO__Flora_&_Fungi/noun-0273__head-saguaro.png	B03-FLO__Flora/aachat-forge-flora-saguaro-checker-keeper.png	c33cda6de7669adc56a502ad4dd5ef12b56c9492ea9fd50d26dec959223dca79	Level4 flora saguaro guardian with an olive branching crown, charcoal-white checker trunk, fixed LCD fully replacing the source face, coarse square 3D modules, and generous full-body white margins.
nouns_classified_1973/B03-FLO__Flora_&_Fungi/noun-0290__head-clover.png	B03-FLO__Flora/aachat-forge-flora-mint-trefoil-stalk-tender.png	37f34be1a24cbdc297a341490881b91c28ad6ed37119944571fedf3933f7bc55	Mint trefoil canopy and asymmetric stalk arms rebuilt as coarse square 3D modules around the canonical LCD.
nouns_classified_1973/B03-FLO__Flora_&_Fungi/noun-0300__head-bonsai.png	B03-FLO__Flora/aachat-forge-flora-verdant-bonsai-planter-keeper.png	84fec31103d7665706ba284b9b0476039fff4478263527e03a52e3cd935c2ac2	Reference mode Level 4; tiered verdant bonsai canopy, dark modular branches, red-brown planter body, mustard ornament, and complete source-face replacement by the fixed aachat LCD.
nouns_classified_1973/B03-FLO__Flora_&_Fungi/noun-0329__head-mushroom.png	B03-FLO__Flora/aachat-forge-flora-scarlet-sporecap-spectrum-keeper.png	9fa07172970d8f6e3ae3bc9740f4601fbbdad8b9f92f8d094294adbca5f004df	Scarlet white-spotted mushroom cap rebuilt around the fixed LCD, with rainbow bands and checker motifs carried through one coarse square modular full-body form.
nouns_classified_1973/B03-FLO__Flora_&_Fungi/noun-0354__head-weed.png	B03-FLO__Flora/aachat-forge-flora-jade-sprout-urn-tender.png	19cedb44a9c8344d939e19807c206206be3aafbc856f5f82365bc417d4f9bb95	Reference mode Level 4; compact terracotta urn tender with a branching jade sprout crown, mint botanical ornament, restrained blue accents, coarse square 3D modules, and complete source-face replacement by the fixed aachat LCD.
nouns_classified_1973/B03-FLO__Flora_&_Fungi/noun-0365__head-mushroom.png	B03-FLO__Flora/aachat-forge-flora-ruby-sporecap-canopy-walker.png	5b145c412302244b574503c063c9dbc74d0e2ebbf8475c5bdeb2bd145b41106f	Red-and-white mushroom canopy with pale stem housing and sky-blue body, rebuilt in coarse square 3D modules around the fixed aachat LCD.
nouns_classified_1973/B03-FLO__Flora_&_Fungi/noun-0393__head-bonsai.png	B03-FLO__Flora/aachat-forge-flora-viridian-bonsai-canopy-steward.png	1da6a381a89ab60fe42c082d0290fefef67292a5fc29bf52508001337b7559ad	Three-cluster bonsai canopy and red basin collar rebuilt as a coarse jade module steward with the original face fully replaced by the fixed frontal LCD.
nouns_classified_1973/B03-FLO__Flora_&_Fungi/noun-0422__head-weed.png	B03-FLO__Flora/aachat-forge-flora-scarlet-weed-crown-steward.png	f0fa8f185833fe269328457b93163fec466245c25ba14491672f0c907622fd5e	Scarlet planter steward with branching weed crown, pale inset stripe, and sparse amber-green accents; original face fully replaced by the fixed aachat LCD.
nouns_classified_1973/B03-FLO__Flora_&_Fungi/noun-0426__head-clover.png	B03-FLO__Flora/aachat-forge-flora-lime-clover-crown-sentinel.png	e0272e695e3fb6eaf5a4e3c28323d12e29f01a66fbc2a413948a9124667b65a7	Fresh lime and emerald clover-crown garden sentinel with twin modular leaf clusters, a source-derived dark torso medallion, and the original face fully replaced by the fixed aachat LCD.
nouns_classified_1973/B03-FLO__Flora_&_Fungi/noun-0435__head-rosebud.png	B03-FLO__Flora/aachat-forge-flora-crimson-rosebud-sprout-keeper.png	0ee54024b9b7f4e596876ecc28a170ed785a369acd236674fe4bd6f2e393d5e0	Crimson rosebud head shell with green sepals, pale sky-blue sprout tunic, coarse square Level 4 modules, and a fully integrated fixed aachat LCD replacing the source face.
nouns_classified_1973/B03-FLO__Flora_&_Fungi/noun-0466__head-mushroom.png	B03-FLO__Flora/aachat-forge-flora-scarlet-spotted-toadstool-keeper.png	c190eb60c4de2c998b0578bb4265ea43e811257bd079c98ecb69ab2ac07e5515	Reference mode Level 4; scarlet white-spotted toadstool canopy, tall stem body, cobalt branch arms, coarse square 3D modules, and complete original-face replacement by the fixed aachat LCD.
nouns_classified_1973/B03-FLO__Flora_&_Fungi/noun-0485__head-saguaro.png	B03-FLO__Flora/aachat-forge-flora-citrine-saguaro-crown-keeper.png	b29c2a426d0389234c0fa22930010ca8cbc485c4752eb6b1ea0efd706316cb58	Citrine-yellow coarse-module desert keeper with an olive saguaro crown; the source glasses and face are fully replaced by the fixed integrated aachat LCD.
nouns_classified_1973/B03-FLO__Flora_&_Fungi/noun-0543__head-clover.png	B03-FLO__Flora/aachat-forge-flora-mint-clover-crown-keeper.png	20a63d96aa30a1fe4161abdb82ca022182e17c2729a8f7a042d85ae234ca9488	Mint clover-crown keeper with a tall pale-striped block body, asymmetric leafy side growth, and a fully integrated fixed aachat LCD.
nouns_classified_1973/B03-FLO__Flora_&_Fungi/noun-0544__head-mushroom.png	B03-FLO__Flora/aachat-forge-flora-ruby-dotted-cap-warden.png	d1d8727dffc9b0a04f07cc043a75fddaffefcd39ac61666b36931caa277e720e	Reference-mode Level 4 with a broad ruby mushroom cap, white square cap spots, structurally integrated fixed LCD, compact red column body, dark crossed waist lacing, and coarse square modules.
nouns_classified_1973/B03-FLO__Flora_&_Fungi/noun-0562__head-rosebud.png	B03-FLO__Flora/aachat-forge-flora-cerise-rosebud-stem-keeper.png	506eb3598a724850a57f0fdd5045b4b403ca68d7199aac494825e7f1c95d80a0	Closed cerise rosebud crown with lime stem-and-leaf accents, cream stalk body, coarse square modules, and a fully integrated canonical LCD replacing the source face.
nouns_classified_1973/B03-FLO__Flora_&_Fungi/noun-0564__head-rosebud.png	B03-FLO__Flora/aachat-forge-flora-ruby-rosebud-stem-tender.png	2adfe2372cd8cf349f01f77028b143febf9589b5c80ac2e959febfe5c33980a1	Ruby rosebud crown structurally frames the fixed LCD, with a pale-cyan block body and raised green stem arms.
nouns_classified_1973/B03-FLO__Flora_&_Fungi/noun-0583__head-weed.png	B03-FLO__Flora/aachat-forge-flora-forest-raggedleaf-pot-keeper.png	4278a8c664d5e19601b9edacdeefbeade4e3fb36bd1f60ec096bb21f29e05448	Forest-green ragged weed crown and compact pot body rebuilt in coarse square modules around the fixed aachat LCD, with generous full-body white margins.
nouns_classified_1973/B03-FLO__Flora_&_Fungi/noun-0593__head-fir.png	B03-FLO__Flora/aachat-forge-flora-fir-bough-watchkeeper.png	87f8da3272392e3a9d99e41c18ab96e29c1c8c382b435754531f50ea2fcb5e8a	Deep green fir-canopy watchkeeper with stepped bough arms and trunk legs, rebuilt in coarse square modules around the fixed frontal LCD.
nouns_classified_1973/B03-FLO__Flora_&_Fungi/noun-0611__head-rosebud.png	B03-FLO__Flora/aachat-forge-flora-ruby-petal-crown-keeper.png	738dfdf5cf9647d640afb773249c6fe65da37fbf810fc4bc44d3bdbb6cbff350	Ruby rosebud crown built as stepped coarse square modules with green sepal arms and an ivory stem body; source face fully replaced by the fixed frontal aachat LCD.
nouns_classified_1973/B03-FLO__Flora_&_Fungi/noun-0630__head-fir.png	B03-FLO__Flora/aachat-forge-flora-emerald-fir-sky-keeper.png	25c64fae8fe5ebb110c8d0658c58f9606b3309a0fbbdf0e8eadc3de0c59a6faf	Reference-mode emerald fir canopy keeper with aqua and mint tunic and sky-blue legs; original face fully replaced by the fixed LCD; coarse square modules and generous white margins.
nouns_classified_1973/B03-FLO__Flora_&_Fungi/noun-0636__head-saguaro.png	B03-FLO__Flora/aachat-forge-flora-olive-saguaro-signal-keeper.png	f74ccf9237ef9e75b4ee8f6073e8ac22e53b98dae036cda8f56fb392fb03a156	Olive saguaro signal keeper with asymmetric cactus crown, cyan bands, violet tunic, lime signal buttons, and fully integrated fixed aachat LCD.
nouns_classified_1973/B03-FLO__Flora_&_Fungi/noun-0639__head-flower.png	B03-FLO__Flora/aachat-forge-flora-golden-sunpetal-pot-keeper.png	36ef3194909cf2774d67fb6c3f0c300685dbced6983620f11170b0f78502cf16	Reference mode Level 4 golden sunpetal pot keeper; pink petal crown and terracotta body preserved, original face and symbol removed, fixed LCD structurally integrated.
nouns_classified_1973/B03-FLO__Flora_&_Fungi/noun-0655__head-weed.png	B03-FLO__Flora/aachat-forge-flora-watermelon-weed-lattice-keeper.png	024ed0fce39f399a96d2eba46024c206485334bfdf3c4ee82ac4dd5a774a57a4	Reference-mode Level 4 garden sentinel with a branching green weed crown, watermelon-red and dark-green lattice body, cobalt LCD brackets, complete source-face replacement, coarse square 3D modules, and generous white margins.
nouns_classified_1973/B03-FLO__Flora_&_Fungi/noun-0707__head-clover.png	B03-FLO__Flora/aachat-forge-flora-emerald-clover-apron-gardener.png	25c23945201956fd3733f19110e55259174b3dbb3a9236f6156fa8cdf18c8e3d	Four-leaf clover crown, brown gardener apron, teal neck wrap, and gold utility buckles unified as coarse square 3D modules around the fully replaced fixed LCD head.
nouns_classified_1973/B03-FLO__Flora_&_Fungi/noun-0726__head-flower.png	B03-FLO__Flora/aachat-forge-flora-magenta-petal-checker-keeper.png	8fc73cb26de29e6a91e72a8968471638a0704444848ed2964b1d8215013c17d4	Hot-pink radial flower crown, yellow center accent, magenta body, and white-pink checker modules; original face fully replaced by fixed aachat LCD.
nouns_classified_1973/B03-FLO__Flora_&_Fungi/noun-0741__head-clover.png	B03-FLO__Flora/aachat-forge-flora-silver-trunk-trefoil-keeper.png	0333e677cb328cc471c5aa4bfcd0d815bf3c8ede37adc20162674c39d6a5d1af	Three-leaf mint trefoil crown and silver-gray trunk body rebuilt as coarse square 3D modules around the fixed front-facing LCD, with generous white full-body margins.
nouns_classified_1973/B03-FLO__Flora_&_Fungi/noun-0762__head-fir.png	B03-FLO__Flora/aachat-forge-flora-jade-conifer-checker-warden.png	37500099f3a804d75c588438505e5dbbd9b96e988c51b68d0324d05297bb898f	Reference mode Level 4; tiered jade conifer crown and compact ivory body with sparse black checker inlays, with the original face fully replaced by one fixed frontal aachat LCD in consistent coarse square modules.
nouns_classified_1973/B03-FLO__Flora_&_Fungi/noun-0763__head-peyote.png	B03-FLO__Flora/aachat-forge-flora-jade-peyote-crown-walker.png	b79bd2972816f9f1dff2dca5540398badc16a464f786edc00a4bd6da8dd3636f	Round jade peyote crown with stepped pink-and-gold modular buds, cobalt-violet column body, fixed LCD, and generous full-body white-space framing in consistent coarse square modules.
nouns_classified_1973/B03-FLO__Flora_&_Fungi/noun-0768__head-peyote.png	B03-FLO__Flora/aachat-forge-flora-jade-ribbed-bloom-steward.png	2f6c113b19876e04573d41fad28e0e62649f9d1b1b374297d931c8f2379f4391	Rounded jade peyote-button steward with a stepped ribbed crown, pink-yellow bloom, olive tunic, and cyan clasp; original face fully replaced by the integrated fixed LCD.
nouns_classified_1973/B03-FLO__Flora_&_Fungi/noun-0864__head-weed.png	B03-FLO__Flora/aachat-forge-flora-jade-sprout-vessel-tender.png	7394d6055b2efb714c30f76a0ae0d5d97c3aa9aa66a933a8ebacf6c8497f7b94	Jade stepped weed crown, matte-white planter body, pale-cyan chevron tiles, modular full-body limbs, and complete source-face replacement with the fixed aachat LCD.
nouns_classified_1973/B03-FLO__Flora_&_Fungi/noun-0951__head-fir.png	B03-FLO__Flora/aachat-forge-flora-pinecrown-greenwood-warden.png	6459a593a0167a1655ff4066044c9bb2fc681e5117153c5f0c34911e662c4a01	Broad stepped fir canopy, layered evergreen palette, compact trunk body, and branch-like arms rebuilt as coarse square modules around the fixed LCD.
nouns_classified_1973/B03-FLO__Flora_&_Fungi/noun-0956__head-fir.png	B03-FLO__Flora/aachat-forge-flora-emerald-fir-orange-walker.png	bfb0eaff2c1e0f1418d6d96eb544999f77702eada1d13ce399807a0ca56a6f81	Emerald stepped fir-canopy walker with an orange block tunic, pale trunk-like legs, green modular hands and shoes, and complete source-face replacement around the fixed frontal aachat LCD.
nouns_classified_1973/B03-FLO__Flora_&_Fungi/noun-0970__head-peyote.png	B03-FLO__Flora/aachat-forge-flora-jade-peyote-blossom-tender.png	008e768fe97fea3b8a11d2f793a649cf029919b9ba4e643efc6e14987825b15d	Jade peyote blossom tender with a round stepped cactus crown, integrated cobalt LCD, terracotta planter torso, compact block limbs, and broad white safety margins.
nouns_classified_1973/B03-FLO__Flora_&_Fungi/noun-0983__head-bonsai.png	B03-FLO__Flora/aachat-forge-flora-jade-bonsai-checker-tender.png	fe93446a0a640d4995bc7779a19fd3a06f82607e6a376a172609dc21c222ab4a	Reference-mode Level 4 with a three-lobed jade bonsai canopy, structural fixed-LCD face replacement, white planter rim, black-pink bands, cyan-pink checker planter body, and consistent coarse square 3D modules.
nouns_classified_1973/B03-FLO__Flora_&_Fungi/noun-0991__head-weed.png	B03-FLO__Flora/aachat-forge-flora-verdant-sawleaf-grid-sentinel.png	2a46213c75240a20ead5ad76196c56f30ecbf657d9df7c0295378880d670f6f1	Cool-gray planter sentinel with chartreuse module panel and stepped deep-green sawleaf crown; complete source face structurally replaced by the fixed frontal aachat LCD.
nouns_classified_1973/B03-FLO__Flora_&_Fungi/noun-0997__head-mushroom.png	B03-FLO__Flora/aachat-forge-flora-scarlet-speckled-cap-walker.png	ba9d697cc48eecdc6b28e15ec68101df3beb72bad452e0e2ecb0272e11bd191e	Scarlet white-speckled mushroom cap with a pale stem housing, compact charcoal modular body, and the original face fully rebuilt as the fixed aachat LCD.
nouns_classified_1973/B03-FLO__Flora_&_Fungi/noun-1027__head-peyote.png	B03-FLO__Flora/aachat-forge-flora-mint-peyote-halo-tender.png	5e5455df099da12cdbe2773d29097e789e561e3b906f36ff6bc867531608341e	Round mint-green peyote crown with alternating pink and yellow bud halo over a warm-brown modular column body; the source face is fully replaced by the fixed frontal aachat LCD.
nouns_classified_1973/B03-FLO__Flora_&_Fungi/noun-1039__head-peyote.png	B03-FLO__Flora/aachat-forge-flora-jade-rainbow-bloom-keeper.png	f593f0ee3270d353f353882cb92fea7e79074b58a090091aff17bae26ffc8446	Reference-mode Level 4 jade peyote guardian with pale spine fringe, pink crown bud, rainbow-banded torso, fixed integrated LCD, and consistent coarse square 3D modules.
nouns_classified_1973/B03-FLO__Flora_&_Fungi/noun-1047__head-mushroom.png	B03-FLO__Flora/aachat-forge-flora-ruby-starcap-bluecoat-steward.png	9361f75bbc8e1ca8dbeb010d8f63fa73138f52f4fa9ff7be419e9d1340bb03fe	Red star-spotted mushroom canopy and powder-blue coat rebuilt in coarse square modules around the fixed LCD.
nouns_classified_1973/B03-FLO__Flora_&_Fungi/noun-1054__head-weed.png	B03-FLO__Flora/aachat-forge-flora-chartreuse-sprig-apron-steward.png	a7fde3c1856613ebe0321d61f9e37d97e52adc7b1fe9b308f146df8f5f3da7c3	Jagged chartreuse sprig canopy, sunflower-yellow apron body, and tiny orange-cyan fastener rebuilt as coarse square 3D modules around the fixed aachat LCD.
nouns_classified_1973/B03-FLO__Flora_&_Fungi/noun-1074__head-rosebud.png	B03-FLO__Flora/aachat-forge-flora-crimson-bud-calyx-steward.png	18e5129d402c07c726f9b002c51a3d136609aeb801cd0746a5995d27266191fb	Closed crimson rosebud crown with vivid green calyx wings and an ivory stem body, rebuilt as one coarse modular Level 4 form around the fixed LCD.
nouns_classified_1973/B03-FLO__Flora_&_Fungi/noun-1086__head-weed.png	B03-FLO__Flora/aachat-forge-flora-terracotta-weed-sprout-walker.png	38da1b04b7354e4c1efd9847f3c5896666305f9bf1ea770e4d2c767ce662d8db	Reference-mode Level 4; jagged green weed crown and plain terracotta planter body rebuilt as one-scale coarse square 3D modules around the fixed LCD.
nouns_classified_1973/B03-FLO__Flora_&_Fungi/noun-1116__head-bonsai.png	B03-FLO__Flora/aachat-forge-flora-striped-bonsai-grove-tender.png	67049df2bde38e5f92033b7551eeef534e995c860bf8e9a6b15b2527efc7546b	Tiered jade bonsai canopy and pale trunk framing a fixed LCD above a crimson-white striped planter-tunic body, built from coarse square modules.
nouns_classified_1973/B03-FLO__Flora_&_Fungi/noun-1142__head-weed.png	B03-FLO__Flora/aachat-forge-flora-spring-green-sawleaf-tender.png	26a08a4e79115ee7fb6a5cf0d5208c0c8db4a77133efe8033b91eedcf7637bd1	Spring-green block-built weed tender preserving the upright stalk, pale stem stripe, and radial sawleaf crown while fully replacing the source face with the fixed integrated aachat LCD.
nouns_classified_1973/B03-FLO__Flora_&_Fungi/noun-1178__head-weed.png	B03-FLO__Flora/aachat-forge-flora-verdant-leaf-crown-nightkeeper.png	6e180b7f38792f244efba032ed782f3d3f5be5411653165ccdeb3b59a9faae4c	Reference mode Level 4; a radial serrated verdant leaf crown and compact charcoal hooded body rebuilt in consistent coarse square modules, with the original yellow-framed face fully replaced by one fixed frontal aachat LCD.
nouns_classified_1973/B03-FLO__Flora_&_Fungi/noun-1214__head-rosebud.png	B03-FLO__Flora/aachat-forge-flora-raspberry-rosebud-stalk-guardian.png	db349a9c1001fc37f7db2651f44007d5f2b611c45534d91dc01e5b892e2b860e	Reference-mode Level 4 raspberry rosebud stalk guardian: preserved the closed crimson-magenta bud crown, mint stalk body, uplifted leafy arms, and sparse raspberry torso accents as coarse square 3D modules while fully replacing the source glasses and face with the fixed integrated aachat LCD.
nouns_classified_1973/B03-FLO__Flora_&_Fungi/noun-1237__head-mushroom.png	B03-FLO__Flora/aachat-forge-flora-scarlet-starcap-ember-warden.png	afbff0bf995269928964db4beb2d4fc2934671ff72481057708da737bf334ea4	Scarlet white-spotted mushroom cap, violet gill collar, and ember-orange block guardian body with the original face fully replaced by the fixed aachat LCD.
nouns_classified_1973/B03-FLO__Flora_&_Fungi/noun-1266__head-mushroom.png	B03-FLO__Flora/aachat-forge-flora-scarlet-sporecap-stem-keeper.png	a120030b969a9f90bf4222d8e433d913585c796a45279d83c03e13ad1de1a183	Broad scarlet cream-spotted mushroom cap over integrated frontal LCD, ivory stem architecture, rust-brown block body, and consistent coarse square modules.
nouns_classified_1973/B03-FLO__Flora_&_Fungi/noun-1269__head-bonsai.png	B03-FLO__Flora/aachat-forge-flora-jade-bonsai-lattice-keeper.png	e50e86e48b8a3a8dd385a95d220ac88685bb77a293bcb324e39becc70ee7c3ef	Three-cluster jade bonsai canopy with crimson-white bands and a green lattice body; original face fully replaced by the integrated fixed aachat LCD.
nouns_classified_1973/B03-FLO__Flora_&_Fungi/noun-1275__head-bonsai.png	B03-FLO__Flora/aachat-forge-flora-emerald-cloud-ribbon-tender.png	54303b70b0209c8658bc1a632cac36b6849c7b13ff44ff20c3468b20bd6e2bad	Three stepped bonsai canopy pads and the ribbon-banded planter silhouette are retained; the original face is fully replaced by an integrated fixed aachat LCD in coarse square 3D modules.
nouns_classified_1973/B03-FLO__Flora_&_Fungi/noun-1285__head-fir.png	B03-FLO__Flora/aachat-forge-flora-verdant-fir-crown-keeper.png	f59628064642be44b3b09df37cb9152e87c1cc41696ae1b17a0b2bf038e5c6f0	Tiered evergreen canopy keeper with a compact bark-brown trunk body; the original red glasses, eyes, and numbered badge are fully removed and replaced by the integrated fixed aachat LCD.
nouns_classified_1973/B03-FLO__Flora_&_Fungi/noun-1315__head-bonsai.png	B03-FLO__Flora/aachat-forge-flora-jade-triple-bough-planter.png	772cf54fa309c31ad9d526f9467521fd48d7a1c12f427b0d77d47817996c76f6	Reference-mode Level 4 bonsai guardian preserving the source's three-pad jade canopy, crimson planter rim, violet planter body, and compact top-heavy silhouette with a fully integrated fixed aachat LCD and coarse square 3D modules.
nouns_classified_1973/B03-FLO__Flora_&_Fungi/noun-1320__head-bonsai.png	B03-FLO__Flora/aachat-forge-flora-jade-cloudtree-redband-steward.png	8922a4c5dd3144eba7c124c5b8650a2f60238cb40321ffbaaed56482eca823e3	Jade cloud-pruned bonsai canopy, warm-white trunk body, and crimson waist band rebuilt as a coarse modular Level 4 steward with the source face fully replaced by the fixed aachat LCD.
nouns_classified_1973/B03-FLO__Flora_&_Fungi/noun-1321__head-flower.png	B03-FLO__Flora/aachat-forge-flora-blush-corolla-stem-keeper.png	40b0f5c20285d1ff22b021f31d4f4bf3720a4f9ec64f48b773207f0ad9f65de0	Level 4 blush corolla stem keeper with pale-pink modular petals, magenta crown and center, mint stem limbs, plum core accent, and fully replaced fixed aachat LCD.
nouns_classified_1973/B03-FLO__Flora_&_Fungi/noun-1369__head-weed.png	B03-FLO__Flora/aachat-forge-flora-leafy-roof-cabin-keeper.png	eb6f4019cb328a72cf6d9386ae009c5892b1fe44682df4b87bb7c0cad1c7b484	Emerald weed-house silhouette with a five-leaf crown and branch arms, rebuilt from coarse square modules around a fully integrated fixed aachat LCD.
nouns_classified_1973/B03-FLO__Flora_&_Fungi/noun-1390__head-mushroom.png	B03-FLO__Flora/aachat-forge-flora-crimson-spotted-cap-stemkeeper.png	051f24a2555b973bbc64a67a26b2869d638d17544ea1a72f5cd531642847ec1b	Crimson white-spotted mushroom-cap stemkeeper with warm-ivory stalk body, fresh-green LCD frame, and coarse square Level 4 modules.
nouns_classified_1973/B03-FLO__Flora_&_Fungi/noun-1396__head-saguaro.png	B03-FLO__Flora/aachat-forge-flora-chartreuse-saguaro-checker-sentinel.png	ccffc20a77eb7428feee16915f0222f16cd9113a2a408538a0a83c6d6beede30	Chartreuse branching saguaro head architecture with exact integrated cobalt LCD, magenta-green checker tunic, and coarse square-module full-body sentinel.
nouns_classified_1973/B03-FLO__Flora_&_Fungi/noun-1488__head-weed.png	B03-FLO__Flora/aachat-forge-flora-jagged-weed-mantle-keeper.png	ebf9a123ab86dda9146eab486bc26868db39c15c650b8dedeb803f3afb644c45	Jagged five-leaf weed crown and deep-green modular mantle preserve the source silhouette; pale stem legs and warm stem clasps support the motif, while the original face is fully replaced by the fixed compact frontal aachat LCD with generous full-body white margins.
nouns_classified_1973/B03-FLO__Flora_&_Fungi/noun-1579__head-rosebud.png	B03-FLO__Flora/aachat-forge-flora-scarlet-calyx-ivory-steward.png	bc8bc3b42843c51ce1516c9beca4f169d990ef5c3e7a56c735d548622e19099e	Scarlet rosebud head shell with green calyx arms and a warm-ivory stalk body, rebuilt in coarse square modules around the fixed aachat LCD.
nouns_classified_1973/B03-FLO__Flora_&_Fungi/noun-1586__head-weed.png	B03-FLO__Flora/aachat-forge-flora-terracotta-wildsprig-pot-warden.png	74bfdc97aa98fcdd79337224cd83bc402202ecd99b0b547ee49d40e69f4db5e8	Terracotta pot warden with a stepped wildsprig crown, teal rim, and fully integrated fixed aachat LCD.
nouns_classified_1973/B03-FLO__Flora_&_Fungi/noun-1616__head-weed.png	B03-FLO__Flora/aachat-forge-flora-emerald-weedcrown-apothecary.png	df8574b77ba0fa308da8ab57ca2884714138df75d6c917640a0fa1ab7160b171	Emerald jagged weed-crown apothecary in a white clinic coat with a gold sprouting-vine insignia and restrained warm-red trim; the original glasses and face were structurally replaced by the fixed aachat LCD.
nouns_classified_1973/B03-FLO__Flora_&_Fungi/noun-1664__head-fir.png	B03-FLO__Flora/aachat-forge-flora-mint-fir-tier-warden.png	c30fecff146750356c82673d0d92e796b758cebfa330d3aacafb112f7c27f188	Mint fir tier warden preserving the broad stepped evergreen crown, mint trunk body, pale needle markers, and short branch arms in coarse square modules, with a compact fixed aachat LCD fully replacing the source face.
nouns_classified_1973/B03-FLO__Flora_&_Fungi/noun-1681__head-mushroom.png	B03-FLO__Flora/aachat-forge-flora-scarlet-snowcap-nightcoat-keeper.png	f924bd42d761d39abc399834e11c2eca47d4b2ad904b629ed32e0b6f6203cc6c	Scarlet white-spotted mushroom crown structurally surrounds the fixed LCD above a dark nightcoat with scarlet tie and cobalt hand and ankle accents, all built from coarse square 3D modules.
nouns_classified_1973/B03-FLO__Flora_&_Fungi/noun-1709__head-bonsai.png	B03-FLO__Flora/aachat-forge-flora-emerald-canopy-rubyband-warden.png	ffad0be771580051dbad46ee51f14f474dbe8c27676abd50451630d945954a6b	Three-lobed emerald bonsai canopy integrated above a fixed frontal LCD, with a charcoal trunk body and restrained ruby-magenta module bands.
nouns_classified_1973/B03-FLO__Flora_&_Fungi/noun-1734__head-fir.png	B03-FLO__Flora/aachat-forge-flora-lime-fir-canopy-sentinel.png	55f478815a1ef70495e3bfd98af2a85b571147063f8794a5fde9a01576aea7fe	Broad stepped fir-canopy sentinel in deep and lime green coarse modules, with small orange cuff and belt accents and the fixed frontal cobalt-glow LCD.
nouns_classified_1973/B03-FLO__Flora_&_Fungi/noun-1783__head-flower.png	B03-FLO__Flora/aachat-forge-flora-pink-corolla-checker-keeper.png	4b54bead4ea154b63e8dba33405b33b725f1722dd483bf626d2e56bf0b55906f	Pink corolla crown and yellow core frame an integrated LCD above cobalt-emerald checker modules.
nouns_classified_1973/B03-FLO__Flora_&_Fungi/noun-1810__head-weed.png	B03-FLO__Flora/aachat-forge-flora-jade-weed-violet-steward.png	8446913c4b98c079fd9c7aa87bd0b28b6b80567d89e44fd97be3384b8bfd5e20	Reference-mode Level 4 preserving the jagged green head-weed crown, green brim, and compact violet box-tunic while structurally replacing the complete original face with the fixed frontal aachat LCD in coarse square 3D modules.
nouns_classified_1973/B03-FLO__Flora_&_Fungi/noun-1819__head-fir.png	B03-FLO__Flora/aachat-forge-flora-emerald-fir-knit-warden.png	9647ad06648e93df55e03ef53bebcd7ab32d31cc22d226c0028874e577efc3af	Reference-mode emerald fir-knit warden preserving the broad layered evergreen canopy and red-white geometric knit torso; original face fully replaced by the fixed integrated aachat LCD in coarse square 3D modules.
nouns_classified_1973/B03-FLO__Flora_&_Fungi/noun-1826__head-weed.png	B03-FLO__Flora/aachat-forge-flora-emerald-weed-necktie-steward.png	86ff87baa76ebe167527cf694b613fe42754a662ce0fc6e92591328d26ffba08	Emerald weed steward retaining the jagged radiating leaf crown and golden knotted necktie, rebuilt as a full-body coarse-module Level 4 form with the original face fully replaced by the fixed aachat LCD.
nouns_classified_1973/B03-FLO__Flora_&_Fungi/noun-1913__head-saguaro.png	B03-FLO__Flora/aachat-forge-flora-cobalt-saguaro-column-warden.png	96fe2088a25b4525fc5a3df1b0ffbc7f2eff0ad4a5209929342dcd77eac47bd2	Reference-mode Level 4 saguaro column warden with olive cactus crown, ivory coarse modular body, cobalt LCD accents, and complete source-face replacement.
nouns_classified_1973/B03-FLO__Flora_&_Fungi/noun-1923__head-fir.png	B03-FLO__Flora/aachat-forge-flora-evergreen-canopy-patchwork-steward.png	9088ddcff9098887bb61e599ce35de0c640c7900fd348e489f95d2aa13cd37de	Broad evergreen fir canopy rebuilt from coarse square modules around the fixed LCD, paired with a compact multicolor patchwork steward body.
nouns_classified_1973/B03-FLO__Flora_&_Fungi/noun-1929__head-weed.png	B03-FLO__Flora/aachat-forge-flora-violet-weed-sigil-keeper.png	35420c4700685e07f8228615a45822829e4cbdef596f2c30ecabdbde6e690cd4	Violet modular garden keeper with a compact jagged weed crown, planter-tunic torso, stepped white leaf inlay, and fully integrated fixed aachat LCD.
nouns_classified_1973/B03-FLO__Flora_&_Fungi/noun-1931__head-peyote.png	B03-FLO__Flora/aachat-forge-flora-emerald-button-crown-steward.png	e86158f35c95efc612eded73d3c3d307c30d4f363dea50d1f7da5c49667dfbd3	Round emerald peyote crown with pale stepped spines and pink flower tips over a warm-orange-and-ivory stalk body; original red face fully replaced by recessed fixed LCD.
nouns_classified_1973/B04-CUL__Culinary/noun-0002__head-pineapple.png	B04-CUL__Culinary/aachat-forge-culinary-golden-pineapple-lattice-keeper.png	8d981fa92697d6f92972052e00a32aacdccb345f4eb32d9d3370b88703507d7d	Reference-mode Level 4 golden pineapple lattice keeper; spiky green leaf crown, faceted yellow rind shell, charcoal column body, and lime square markings preserved as coarse square modules, with the original face fully replaced by the fixed integrated aachat LCD and generous white margins.
nouns_classified_1973/B04-CUL__Culinary/noun-0004__head-wine.png	B04-CUL__Culinary/aachat-forge-culinary-burgundy-bottle-stripe-steward.png	ab7860ba943ea5ff5fb0b66230ac84fc62275c62b086e72795a3f20ceda34411	Broad pale-gray bottle-cap head shell, burgundy LCD frame, indigo-violet bottle torso, and slim ivory stripe built from consistent coarse square 3D modules with the source face fully replaced by the fixed aachat LCD.
nouns_classified_1973/B04-CUL__Culinary/noun-0008__head-taco-classic.png	B04-CUL__Culinary/aachat-forge-culinary-amber-taco-necklace-bearer.png	ba2ba8ab5b6a9fb5bf6904a09ebbc317062a4f3a2b46e7ed5ee72ed12f919005	Amber taco-shell necklace bearer with fresh-green garnish, a terracotta block body, integrated fixed LCD, and consistent coarse square Level 4 modules.
nouns_classified_1973/B04-CUL__Culinary/noun-0012__head-beer.png	B04-CUL__Culinary/aachat-forge-culinary-amber-foam-tankard-bearer.png	1e2ad2be4be24ee014025488f0a3d07707ad5ba0222b368ef942423d8f4a4594	Amber beer-tankard bearer with a chunky ivory foam crown, layered amber vessel body, structural side handle, and complete fixed-LCD face replacement in coarse square 3D modules.
nouns_classified_1973/B04-CUL__Culinary/noun-0017__head-pumpkin.png	B04-CUL__Culinary/aachat-forge-culinary-tangerine-pumpkin-stem-keeper.png	7a4544f04759c3c796c011691807abee229925bb0603f4a6384a372a48712481	Tangerine pumpkin shell with olive stem, green-red harvest body, and a fully integrated fixed LCD in coarse square Level 4 modules.
nouns_classified_1973/B04-CUL__Culinary/noun-0019__head-cookie.png	B04-CUL__Culinary/aachat-forge-culinary-cocoa-chip-neckcloth-keeper.png	07b3e3a5f5968f2d9d936cd64364b2a8d39cfb5d7468e8116a4bf30305ee7325	Broad cocoa-chip cookie-disc head structurally built around the fixed frontal aachat LCD, with a cobalt block tunic, emerald neckcloth modules, and compact matching boots in one coarse square-module scale.
nouns_classified_1973/B04-CUL__Culinary/noun-0020__head-ketchup.png	B04-CUL__Culinary/aachat-forge-culinary-scarlet-ketchup-pump-steward.png	f5ed139acf0b5c365f8d435a5d02da8f15b73c13c9aedbc44db2f7755f643cc3	Scarlet stepped ketchup-pump steward with integrated frontal LCD, cream-green band accents, dark-brown block limbs, and generous full-body white margins.
nouns_classified_1973/B04-CUL__Culinary/noun-0028__head-garlic.png	B04-CUL__Culinary/aachat-forge-culinary-ivory-clove-checker-steward.png	3a64eb8c3aa5da02ba435809c0c20a27d8f459678c3bf8b17263eb3c5a5ce002	Reference-mode Level 4 ivory clove checker steward; broad cream garlic crown with twin sprout tips, restrained red LCD shell trim, bold black-and-white checker collar, and rust-brown column body preserved as coarse square 3D modules, with the source face fully replaced by the fixed integrated aachat LCD and generous white margins.
nouns_classified_1973/B04-CUL__Culinary/noun-0029__head-nigiri.png	B04-CUL__Culinary/aachat-forge-culinary-salmon-rice-apron-steward.png	24e88fac8a31937248c5a46e6a80bc9a4a48d063a7b8516f6734340b173cfc50	Salmon nigiri motif rebuilt in coarse square modules with a broad coral topping, rice-shell LCD head, plain vermilion apron body, and fixed right-offset LCD eyes.
nouns_classified_1973/B04-CUL__Culinary/noun-0031__head-icepop-b.png	B04-CUL__Culinary/aachat-forge-culinary-lime-berry-drip-vendor.png	551e8aff08c729fdcfa4c3f90c7a788311cca48f4792cf5dc1f04f9a5b22efca	Two-tone lime and raspberry ice-pop vendor rebuilt in coarse square modules with the source face and glasses fully replaced by the fixed aachat LCD.
nouns_classified_1973/B04-CUL__Culinary/noun-0034__head-blueberry.png	B04-CUL__Culinary/aachat-forge-culinary-cobalt-blueberry-orb-keeper.png	251df50629fb0d16f6d6b0ed8f42ca8e6109b523b419f0ec97852da224b4c92b	Cyan-cobalt blueberry orb shell with navy crown and magenta tunic; original face fully replaced by the integrated fixed aachat LCD.
nouns_classified_1973/B04-CUL__Culinary/noun-0039__head-mug.png	B04-CUL__Culinary/aachat-forge-culinary-ivory-mug-mosaic-steward.png	59d8d4c61365b135097d17416bf0376adf835f69a0224993749adbd500e62d69	Ivory block-built mug head with one side handle and a slim gold rim, paired with a red-blue-green enamel mosaic body; the original face is fully replaced by the fixed near-1.65:1 aachat LCD.
nouns_classified_1973/B04-CUL__Culinary/noun-0046__head-pop.png	B04-CUL__Culinary/aachat-forge-culinary-sunburst-kernel-box-vendor.png	532a5fb64769cd07466a16e72124f332052ba51eea2be439df8f9c5e529791d9	Reference-mode Level 4 with red-orange sunburst snack-box head, narrow ivory vendor body, turquoise-green front modules, and complete fixed-LCD face replacement.
nouns_classified_1973/B04-CUL__Culinary/noun-0049__head-garlic.png	B04-CUL__Culinary/aachat-forge-culinary-ivory-bulb-braid-steward.png	f42122078b49661210acf9b0f5e0b079eeae7338c0f196f35b502a2e974efd29	Ivory garlic-bulb pantry steward with a russet modular robe and gold braided chest cord; the source face is fully replaced by an integrated aachat LCD.
nouns_classified_1973/B04-CUL__Culinary/noun-0055__head-pizza.png	B04-CUL__Culinary/aachat-forge-culinary-golden-wedge-apron-keeper.png	fa06ecf3096dd0c8dd90a4a4f92294ad399d3ceac1c5b034fee55d2b4a26f7ea	Golden triangular pizza-wedge shell with red topping modules, magenta-plum apron body, fixed frontal LCD, and consistent coarse square construction.
nouns_classified_1973/B04-CUL__Culinary/noun-0057__head-pie.png	B04-CUL__Culinary/aachat-forge-culinary-berry-crust-orange-bearer.png	646b8c59a62fada87677700ae5be6d1af5448fec7290999fdc1cfa3baaedd696	Broad stepped berry-topped pie-crust LCD head with warm orange lattice tunic, compact block limbs, and consistent coarse square modules.
nouns_classified_1973/B04-CUL__Culinary/noun-0058__head-noodles.png	B04-CUL__Culinary/aachat-forge-culinary-scarlet-noodle-bowl-bearer.png	4384176d458791c0b29dc23fec83249e481895e3184fd8a4307686919d4e9569	Reference-mode Level 4 noodle-bowl bearer with scarlet-rim LCD housing, blocky noodle garnish and chopsticks, checker-apron palette, coarse square modules, and generous full-body white margin.
nouns_classified_1973/B04-CUL__Culinary/noun-0061__head-pickle.png	B04-CUL__Culinary/aachat-forge-culinary-emerald-brine-knot-steward.png	6a0fb6281b8632e0d5ccda5e0f6bba8920ce3713312c1d2c8567d0b38976fbbb	Asymmetrical emerald pickle shell with pale brine bumps, fixed cobalt LCD, dark-magenta steward tunic, and raised green knot motif in coarse square 3D modules.
nouns_classified_1973/B04-CUL__Culinary/noun-0072__head-garlic.png	B04-CUL__Culinary/aachat-forge-culinary-ivory-garlic-patchwork-keeper.png	ef5e8154cc25bb709f01f83430118cd8e308099ef88c1a43d8b00c3c074d627c	Ivory garlic-bulb shell with lime LCD frame and vivid patchwork module suit; original face fully replaced by the fixed aachat LCD.
nouns_classified_1973/B04-CUL__Culinary/noun-0075__head-coffeebean.png	B04-CUL__Culinary/aachat-forge-culinary-umber-bean-tie-steward.png	03040fbfa5a225e41fd6261afa06b37bd1cbef4d599b22fb618c9d40ebe963ac	Rounded split coffee-bean module shell, charcoal formal body, compact gold tie, and restrained magenta accents with the original face fully replaced by the fixed aachat LCD.
nouns_classified_1973/B04-CUL__Culinary/noun-0084__head-hotdog.png	B04-CUL__Culinary/aachat-forge-culinary-scarlet-mustard-bun-steward.png	81a71fa248591a9fb64db0fc723cd3c2c27a6dc3a5362954f82dae3252e42a1c	Reference-mode Level 4 hot-dog steward with a toasted bun shell, scarlet sausage and mustard accents, charcoal service uniform, generous white margins, and complete source-face replacement by the fixed aachat LCD.
nouns_classified_1973/B04-CUL__Culinary/noun-0088__head-porkbao.png	B04-CUL__Culinary/aachat-forge-culinary-ivory-steam-bun-steward.png	c18422bff409fd0eee5bc73d6d806f05bb2d93bee866f7c93b28fe1d5d1a4de3	Ivory steamed-bun steward with three block steam vents, brick-red tunic, full-body coarse square modules, and the source face structurally replaced by the fixed aachat LCD.
nouns_classified_1973/B04-CUL__Culinary/noun-0101__head-burger-dollarmenu.png	B04-CUL__Culinary/aachat-forge-culinary-sesame-stack-stripe-steward.png	9e1dfd535d80edc2e90cbe8f57c036af90e6e0aee8f79d9b530fe1d52c56b77b	Warm sesame-bun burger stack with dark filling bands, magenta accents, and an orange-brown striped steward body, rebuilt as consistent coarse square 3D modules around the fixed aachat LCD.
nouns_classified_1973/B04-CUL__Culinary/noun-0108__head-cookie.png	B04-CUL__Culinary/aachat-forge-culinary-cocoa-biscuit-aqua-steward.png	c9d8bb3fedace1ebe8b39f77a217a4b1c50d8842bf0288fd88d95da8de0689f8	Round cocoa-cookie LCD shell with dark chip inlays, warm-orange modular tunic, aqua neckcloth, and complete source-face replacement.
nouns_classified_1973/B04-CUL__Culinary/noun-0110__head-noodles.png	B04-CUL__Culinary/aachat-forge-culinary-porcelain-noodle-garnish-keeper.png	985a761ba73a10716cd455253a69faf9ce1154d594d846ad7d7a71235862e94f	Porcelain noodle-bowl steward with a scarlet rim, blocky green garnish, tan noodles, and upright chopsticks; the source face was fully rebuilt as the integrated fixed aachat LCD.
nouns_classified_1973/B04-CUL__Culinary/noun-0120__head-cannedham.png	B04-CUL__Culinary/aachat-forge-culinary-salmon-ham-key-steward.png	2af2de8c3f32b3462fc10a259796c6597eb2b52298db1cd55a41436b4772a79d	Reference-mode canned-ham steward preserving the salmon-peach tin silhouette, cobalt-violet rim, and stepped brass key; the source face is structurally replaced by the fixed aachat LCD in coarse square Level 4 modules.
nouns_classified_1973/B04-CUL__Culinary/noun-0125__head-potato.png	B04-CUL__Culinary/aachat-forge-culinary-olive-tuber-crimson-steward.png	7f4ba8cbce03e0e76050c8a41706f54d80c22d26040d4ce0bb817ec1af648751	Olive-brown block-built tuber steward with a crimson tunic, complete fixed LCD face replacement, and generous full-body white-space framing.
nouns_classified_1973/B04-CUL__Culinary/noun-0127__head-wine.png	B04-CUL__Culinary/aachat-forge-culinary-claret-crate-lime-steward.png	16086a883aa6cb50e5cd58e9b01fa797c785c349a4ff5d83a13c3bebd21d8df9	Claret crate-like head shell, tall lime label-panel torso, restrained magenta module accent, and complete source-face replacement around the fixed frontal aachat LCD in consistent coarse square 3D modules; no Level 5 generated.
nouns_classified_1973/B04-CUL__Culinary/noun-0140__head-milk.png	B04-CUL__Culinary/aachat-forge-culinary-ivory-milk-carton-keeper.png	3edf08fd1a0cb5595803cf6245ecc933a21229b7b82fbdd30cbfdaafc6dcd9c3	White-and-royal-blue peaked milk-carton head rebuilt around the fixed LCD; narrow green body retains the descending yellow module motif and red folded-spout accent.
nouns_classified_1973/B04-CUL__Culinary/noun-0142__head-cannedham.png	B04-CUL__Culinary/aachat-forge-culinary-olive-tin-ham-porter.png	7c6287eba69f7a95e8ffdf0b1c323b2e2cfd2eb8190ecf2973191658c1b02b41	Olive canned-ham porter with silver rim, pink ham crown, striped band, fixed cobalt LCD, and coarse square 3D modules.
nouns_classified_1973/B04-CUL__Culinary/noun-0148__head-porkbao.png	B04-CUL__Culinary/aachat-forge-culinary-ivory-porkbao-stripe-steward.png	ac283f20f60306c20668bbcac4b326f2f70fa01b7347cf361c90149306fc5b3a	Ivory folded pork-bao steward with a warm-red LCD rim, red and charcoal bands, and consistent coarse square modules.
nouns_classified_1973/B04-CUL__Culinary/noun-0150__head-taco-classic.png	B04-CUL__Culinary/aachat-forge-culinary-saffron-shell-bowtie-steward.png	dd1318ea70ca3aeffda6217304f6781a113717a6f7692aba5ff25be142a783ce	Saffron taco-shell steward with fresh green filling accents, orange block tunic, cobalt bow tie, structurally integrated fixed LCD, and consistent coarse square Level 4 modules.
nouns_classified_1973/B04-CUL__Culinary/noun-0152__head-cookie.png	B04-CUL__Culinary/aachat-forge-culinary-cocoa-wafer-sprinkle-steward.png	39ff0849d8e86742991225c5a5d44591a456b1b5557ccb518bb6d7142d81f7c3	Rounded cocoa-cookie LCD housing with sparse dark chips, tall golden wafer torso, and vivid magenta candy buttons in one coarse square-module build.
nouns_classified_1973/B04-CUL__Culinary/noun-0155__head-ketchup.png	B04-CUL__Culinary/aachat-forge-culinary-crimson-squeeze-tower-keeper.png	9af3894e6822aba24571209c708e40d4210fc1755f57b06a7751523ac5c05370	Crimson modular squeeze-tower keeper with stepped nozzle crown, cream collar band, integrated frontal LCD, dark block gloves and boots, and generous white full-body margins.
nouns_classified_1973/B04-CUL__Culinary/noun-0161__head-onion.png	B04-CUL__Culinary/aachat-forge-culinary-copper-onion-apron-steward.png	c259ac1ab0f89e2fe0c70ec37090f5f65fa9789401a5fbea27509fc37155416e	Copper-red onion bulb steward with a charcoal apron, blue-green module emblem, complete LCD face replacement, and coarse square 3D construction.
nouns_classified_1973/B04-CUL__Culinary/noun-0178__head-hotdog.png	B04-CUL__Culinary/aachat-forge-culinary-mustard-frank-shirt-steward.png	071e35d7c1b64696ff00c522cafb71f81e0030fd26a78597090099590202a0c6	Reference-mode hotdog steward with a vertical bun-and-sausage head, block mustard zigzag, white-and-blue shirt, fixed integrated LCD, and generous full-body margins.
nouns_classified_1973/B04-CUL__Culinary/noun-0179__head-beer.png	B04-CUL__Culinary/aachat-forge-culinary-golden-foam-mug-porter.png	94b4850784bd65a86b5d24c98b67d7842e8f7dfe8aedae66a9643a3f0aec3bbb	Golden foam mug porter preserves the ivory froth crown, amber mug silhouette, pale body, and small beverage medallion while structurally replacing the complete original face with the fixed aachat LCD.
nouns_classified_1973/B04-CUL__Culinary/noun-0194__head-cake.png	B04-CUL__Culinary/aachat-forge-culinary-rose-candle-layer-keeper.png	97c2682f1923361e2d75519c6b6fb64f4e284be4b7efe75fb6e60ec3c72c8c72	Rose-frosted layered celebration-cake keeper with three block candles, a fully integrated fixed aachat LCD, and a violet-magenta coarse modular body.
nouns_classified_1973/B04-CUL__Culinary/noun-0207__head-watermelon.png	B04-CUL__Culinary/aachat-forge-culinary-scarlet-rind-wedge-keeper.png	263819f69f35c5cdce32e9e8ec4c808bb77b5ec56b786f58471a4bc9a8554260	Triangular scarlet watermelon-wedge shell with stepped green rind and seed modules, an exact integrated cobalt LCD, and a charcoal mosaic outfit built from coarse square 3D modules.
nouns_classified_1973/B04-CUL__Culinary/noun-0218__head-onion.png	B04-CUL__Culinary/aachat-forge-culinary-copper-onion-sprout-keeper.png	7152a43030b3ef1556c6723be5c3f820c45b9ff9ede5637e8d8628f357075ce3	Copper-red block onion bulb with three sprout shoots, dark-brown long-limbed body, cobalt waist panel, and fully integrated fixed LCD.
nouns_classified_1973/B04-CUL__Culinary/noun-0219__head-macaroni.png	B04-CUL__Culinary/aachat-forge-culinary-saffron-macaroni-tie-steward.png	032e3dca9f99cd38ee65a33ebe40d09b2b8b7caba7d88b5854a3b6e71083dd73	Saffron hollow-ended macaroni head shell, emerald modular steward uniform, and compact gold tie medallion rebuilt in one coarse square-module scale around the fixed frontal aachat LCD with generous full-body white margins.
nouns_classified_1973/B04-CUL__Culinary/noun-0221__head-cheese.png	B04-CUL__Culinary/aachat-forge-culinary-saffron-cheese-crown-steward.png	2a802dfb61a774c30e430e14544d87fec7e00294d02fdf69db4208ad845ba247	Saffron Swiss-cheese crown with stepped voids, deep burgundy block tunic, red collar rail, magenta legs, and the source glasses and face fully replaced by the fixed frontal aachat LCD.
nouns_classified_1973/B04-CUL__Culinary/noun-0223__head-pineapple.png	B04-CUL__Culinary/aachat-forge-culinary-saffron-leaf-crown-porter.png	2bf844647e59afdeac240eb1a821e5aa311d6bc689a419dbfba3f779fc25e358	Reference-mode Level 4 saffron leaf crown porter; golden pineapple shell, angular green leaf crown, charcoal column torso, ivory arms, and chest pineapple medallion preserved as coarse square 3D modules, with the original face fully replaced by the fixed integrated aachat LCD and generous white full-body margins.
nouns_classified_1973/B04-CUL__Culinary/noun-0224__head-beer.png	B04-CUL__Culinary/aachat-forge-culinary-amber-brew-checker-steward.png	b2060a91608e0e13025d2744e6bb95196ab59f4bcc05f04836f609146efaf980	Amber brew checker steward preserves the tall amber vessel silhouette, stepped ivory foam crown, and colorful checker costume while structurally replacing the complete original face with the fixed aachat LCD in coarse square 3D modules.
nouns_classified_1973/B04-CUL__Culinary/noun-0229__head-egg.png	B04-CUL__Culinary/aachat-forge-culinary-ivory-egg-cog-steward.png	30f3207e953693b841b5525ddbc59567e8d702884768c63c16b3ed2b13c046a7	Reference-mode ivory egg-shell steward with cobalt-purple coarse module uniform, integrated black cog medallion, fixed right-offset-pupil LCD, and generous full-body margins.
nouns_classified_1973/B04-CUL__Culinary/noun-0234__head-egg.png	B04-CUL__Culinary/aachat-forge-culinary-ivory-egg-apron-steward.png	9acec186f0d562a70fb10e0a60b79ccc44759e62974e7fef3471245c5b8ede1a	Ivory stepped egg-shell head rebuilt around the fixed LCD, with a lemon-yellow block apron and restrained cyan culinary construction accents.
nouns_classified_1973/B04-CUL__Culinary/noun-0238__head-porkbao.png	B04-CUL__Culinary/aachat-forge-culinary-ivory-pleated-bun-porter.png	db1b6a67321ede8c15fc97e643730dc0e665c880328b5988b3195ffc3679293f	Ivory pleated pork-bao module head with fully integrated fixed LCD, bright orange block tunic-body, compact full-body stance, and no prop.
nouns_classified_1973/B04-CUL__Culinary/noun-0245__head-mug.png	B04-CUL__Culinary/aachat-forge-culinary-ivory-handle-rose-server.png	9de7eb4fc19c0ade229d5e89438f82984c8358425a6cc90163940380c361013c	Level 4 Reference mode: ivory ceramic mug head with integrated right-side handle, rose-pink server body, fixed LCD fully replacing the source face, and consistent coarse square 3D modules.
nouns_classified_1973/B04-CUL__Culinary/noun-0258__head-pineapple.png	B04-CUL__Culinary/aachat-forge-culinary-citrine-pineapple-tuxedo-steward.png	def5d6aad35451e89550218f3759239e8e7fe219f867834992346349215f6df6	Citrine pineapple tuxedo steward with golden stepped rind, chunky green crown, slim formal body, and the source face fully replaced by the fixed aachat LCD.
nouns_classified_1973/B04-CUL__Culinary/noun-0259__head-hotdog.png	B04-CUL__Culinary/aachat-forge-culinary-ruby-chevron-bun-attendant.png	aede1b7cf0ec7ffa809363283ba83ec0aebaef6b82029cdc5d1e478e3fd61ff5	Ruby hot-dog attendant with a warm bun shell, scarlet sausage column, yellow mustard chevrons, cobalt accents, complete fixed-LCD face replacement, coarse square 3D modules, and generous full-body white margins.
nouns_classified_1973/B04-CUL__Culinary/noun-0260__head-watermelon.png	B04-CUL__Culinary/aachat-forge-culinary-ruby-rind-sky-steward.png	bbe8348536790f90b94f17180764c6c684653c3d6c25b89335d389628e408e97	Scarlet watermelon-slice crown with sparse upper seed tiles, mint rind framing, sky-blue steward uniform, restrained yellow accents, generous full-body white margins, and the complete source face structurally replaced by the fixed frontal aachat LCD in consistent coarse square 3D modules.
nouns_classified_1973/B04-CUL__Culinary/noun-0278__head-cannedham.png	B04-CUL__Culinary/aachat-forge-culinary-violet-ham-lid-keeper.png	e05cfbea20f2a6f4dd1a830347489a65332bf426e1bf811a5ceb0c1d27ffbae5	Violet canned-ham lid keeper with silver tin housing, raised olive lid, pink ham crown, cobalt trim, golden chest badge, fixed LCD, and coarse square 3D modules.
nouns_classified_1973/B04-CUL__Culinary/noun-0279__head-pizza.png	B04-CUL__Culinary/aachat-forge-culinary-tomato-slice-apron-keeper.png	8289611adee5de75af1a0da633d59a2b11f74d482e45e6266464905832782803	Reference-mode pizza-wedge crown with tomato-red apron body, teal trim, fixed aachat LCD, and coarse square module construction.
nouns_classified_1973/B04-CUL__Culinary/noun-0284__head-porkbao.png	B04-CUL__Culinary/aachat-forge-culinary-ivory-bao-olive-sash.png	a9251416ec375ea08650924dc3423016aebd4811e253979d826ecea123f2cc50	Ivory pleated bao head with vermilion LCD seam, olive modular tunic, and pale diagonal sash.
nouns_classified_1973/B04-CUL__Culinary/noun-0285__head-blueberry.png	B04-CUL__Culinary/aachat-forge-culinary-cobalt-berry-bud-porter.png	be6f84be06e52daf260f6d442cd1c69637e7cd0eb6663bb5eaecd1c8c3d6d74d	Pale-blue coarse-module blueberry shell with cobalt crown bud, integrated fixed LCD, and fresh-green leaf-collar porter body.
nouns_classified_1973/B04-CUL__Culinary/noun-0287__head-steak.png	B04-CUL__Culinary/aachat-forge-culinary-scarlet-steak-tie-steward.png	b8445ecf3302870770a761c27c25f3a4bcfd7a16022b9a786aeec1151c4c1164	Scarlet steak-cut head with cream fat rim, pale-cyan block suit, and golden tie; original face fully replaced by the fixed aachat LCD.
nouns_classified_1973/B04-CUL__Culinary/noun-0289__head-icepop-b.png	B04-CUL__Culinary/aachat-forge-culinary-lime-berry-icepop-bearer.png	2ddfb62052c966f768fcfe743be20c65945fd4931f2de32e865dd30a5da7af36	Lime-and-berry split ice-pop head shell with a pale cream cap and tan side stick, magenta-black and cyan-black checker body, coarse square modules, and complete source-face replacement around the fixed aachat LCD.
nouns_classified_1973/B04-CUL__Culinary/noun-0292__head-pizza.png	B04-CUL__Culinary/aachat-forge-culinary-sunlit-slice-apron-steward.png	8479f1c6331cc287285b9ccb0fefe0f17a4d431b52390c09c5cac4641015ae81	Warm golden pizza-slice head with red and green toppings, cobalt apron body, and fully integrated fixed LCD in coarse square modules.
nouns_classified_1973/B04-CUL__Culinary/noun-0294__head-icepop-b.png	B04-CUL__Culinary/aachat-forge-culinary-mint-raspberry-icepop-keeper.png	3bbe5069e777e5b0907b7385d526de8f8a96a18bec3fe5993181a8d4e81f20ce	Mint-green block ice-pop keeper with an asymmetric raspberry melt cap, cream crown band, sparse confetti mosaic, and short wooden stick; the fixed aachat LCD fully replaces the source face.
nouns_classified_1973/B04-CUL__Culinary/noun-0312__head-taco-classic.png	B04-CUL__Culinary/aachat-forge-culinary-saffron-taco-shell-porter.png	7be50ded06f87d83ffec26577a3339adc19f4000694db6e6bb5adf46b080ff43	Reference-mode taco porter with amber shell crown, green and red filling modules, purple tunic, dark diagonal sash, and the original face fully replaced by the fixed frontal aachat LCD.
nouns_classified_1973/B04-CUL__Culinary/noun-0314__head-pineapple.png	B04-CUL__Culinary/aachat-forge-culinary-sunlit-pineapple-mosaic-keeper.png	d931df8813b16320b1f1a7ac5987e88f9cc5c196df2c83dc8fb8179e3fc63def	Reference-mode pineapple crown and multicolor mosaic keeper; complete source face replaced by fixed front-facing aachat LCD; coarse square Level 4 modules with generous full-body white margin.
nouns_classified_1973/B04-CUL__Culinary/noun-0325__head-onion.png	B04-CUL__Culinary/aachat-forge-culinary-copper-onion-apron-keeper.png	cdd063b4a19a61dbde2a6f90cc9099b97726826e67f33dc54cd889582f2061a5	Warm copper-orange onion bulb and crown sprout, ivory tiled apron body, canonical blue-glow LCD.
nouns_classified_1973/B04-CUL__Culinary/noun-0340__head-coffeebean.png	B04-CUL__Culinary/aachat-forge-culinary-roasted-bean-stripe-porter.png	72ba009b5ee3c5b2de22c25f8b074f9d4ad8a493d600f0c2579a3bf422ce4702	Split roasted-coffee-bean shell with central seam, structurally integrated fixed LCD, and a slender magenta-lime striped coarse-module body.
nouns_classified_1973/B04-CUL__Culinary/noun-0343__head-chilli.png	B04-CUL__Culinary/aachat-forge-culinary-scarlet-chilli-stem-strider.png	7436f4c03e131e1618a0cbc90e3730c8a49537b494bdad282baa7dd1fdc238a9	Scarlet chilli sprout strider with green stem limbs, a purple core accent, and the fixed LCD structurally integrated into a coarse block-built pepper head.
nouns_classified_1973/B04-CUL__Culinary/noun-0349__head-taco-classic.png	B04-CUL__Culinary/aachat-forge-culinary-golden-taco-crown-server.png	b905dcd1d744562c5bc3f6c7cb528c5b5c5ae554bf7e3f1ace4350009c0b6d20	Golden coarse-module taco-shell crown with stepped lettuce, tomato, and cheese blocks; cream-and-purple compact body; original face fully replaced by the fixed front-facing aachat LCD.
nouns_classified_1973/B04-CUL__Culinary/noun-0353__head-watermelon.png	B04-CUL__Culinary/aachat-forge-culinary-scarlet-watermelon-rind-porter.png	3aa1874e0b4793cb6347c1d216451dbb7493d282f14cd2684e13fa33bbdb29f8	Level 4 Reference mode; stepped scarlet watermelon-wedge head with emerald rind and seed modules, fixed integrated LCD, compact cocoa block torso, and rind-green shoes.
nouns_classified_1973/B04-CUL__Culinary/noun-0357__head-beer.png	B04-CUL__Culinary/aachat-forge-culinary-amber-foam-bowtie-steward.png	7eff3bcafe2a4ff3b31a53f07e7316828d34efc178388eb82dd3243da66676a4	Square amber beer-vessel head with stepped ivory foam crown, burgundy module tunic, cyan bowtie, and fully integrated fixed LCD.
nouns_classified_1973/B04-CUL__Culinary/noun-0392__head-burger-dollarmenu.png	B04-CUL__Culinary/aachat-forge-culinary-sesame-bun-coral-counterkeeper.png	00680ec2ae461ef82527dfd6c30e50165d871d31bdd2ffc7ef5b8f62a80296a1	Round sesame-bun burger head rebuilt around the fixed frontal LCD; golden bun, cocoa patty, chartreuse lettuce, and coral counter uniform use one coarse square-module language.
nouns_classified_1973/B04-CUL__Culinary/noun-0409__head-nigiri.png	B04-CUL__Culinary/aachat-forge-culinary-coral-nigiri-robe-steward.png	1037233219ae42c3557d11c88ebcb5c1837bc214879441225ec5ebf35e8d02e2	Level4 Reference mode: broad salmon-coral nigiri cap and stepped rice-block LCD head, crimson modular robe, ivory limbs, and gold neck accent; original glasses and face fully replaced.
nouns_classified_1973/B04-CUL__Culinary/noun-0415__head-taco-classic.png	B04-CUL__Culinary/aachat-forge-culinary-maize-garnish-shell-keeper.png	ef85926f1477a1d265001a7ecf5b7b29b4f9a1e3634bc034530755001d64cbc5	Maize-gold taco-shell crown keeper with fresh green and red garnish, pale icy-cyan block tunic, structurally integrated fixed LCD, complete source-face replacement, and consistent coarse square Level 4 modules.
nouns_classified_1973/B04-CUL__Culinary/noun-0417__head-onion.png	B04-CUL__Culinary/aachat-forge-culinary-russet-bulb-lattice-porter.png	d2223e58ab116e98f2e455c176983979579786c0f9aba869944ca1c2a578393f	Russet onion-bulb LCD head with a green-black lattice porter body and generous full-body white margins.
nouns_classified_1973/B04-CUL__Culinary/noun-0425__head-banana.png	B04-CUL__Culinary/aachat-forge-culinary-sunlit-banana-checker-steward.png	a12fc4a5d54b5887868c16cc778170bb620b8543e4a7097e890536183271aae5	Sunny peeled-banana crown with raised peel arms, black stem, checkerboard torso, sturdy modular shoes, and complete source-face replacement by the fixed aachat LCD in consistent coarse square 3D modules.
nouns_classified_1973/B04-CUL__Culinary/noun-0447__head-pickle.png	B04-CUL__Culinary/aachat-forge-culinary-emerald-brine-dapple-steward.png	1854bd04530f4b879734194e63090b053e65b0116af2b203003fa5f2382e7540	Tall emerald pickle steward with pale brine dapples and chest grid; the original face is structurally replaced by the fixed cobalt-glow LCD, with coarse square modules throughout.
nouns_classified_1973/B04-CUL__Culinary/noun-0450__head-pie.png	B04-CUL__Culinary/aachat-forge-culinary-russet-pie-crown-bearer.png	a0a9fa55a0ef42cdbcdce60b982dc5f4d230b115cbfb45e00d405d6a1348c3bf	Broad baked-crust LCD arch with russet side crusts, berry-red crown vent, and a teal-orange-cobalt mosaic module body.
nouns_classified_1973/B04-CUL__Culinary/noun-0459__head-doughnut.png	B04-CUL__Culinary/aachat-forge-culinary-fuchsia-sprinkle-ring-bearer.png	aa63f13f1f9cb107b051c5d683b63f68dcce6dd9d771cd0422d81095fb8cfc96	Reference-mode Level 4: fuchsia sprinkled doughnut ring structurally houses the fixed LCD; deep-purple body with turquoise stepped lacing, built from coarse square 3D modules.
nouns_classified_1973/B04-CUL__Culinary/noun-0477__head-potato.png	B04-CUL__Culinary/aachat-forge-culinary-russet-bloom-tunic-keeper.png	c535d2535eae7b458b157be75f148102440834ab8436c1cd41a22bb11eb5aed3	Russet potato bloom keeper with irregular sprout-topped head, coral tunic, pink blossom badge, integrated fixed LCD, and consistent coarse square 3D modules.
nouns_classified_1973/B04-CUL__Culinary/noun-0481__head-pumpkin.png	B04-CUL__Culinary/aachat-forge-culinary-scarlet-gourd-stripe-walker.png	5e72534d99de9c3f19e56dc46d7bcbcfc349b784fdcbd2eda0cc9118d58dcc54	Scarlet-orange stepped pumpkin shell with olive stem, green harness accents, warm striped torso, dark-brown boots, and a fully integrated fixed LCD in coarse square Level 4 modules.
nouns_classified_1973/B04-CUL__Culinary/noun-0483__head-cookie.png	B04-CUL__Culinary/aachat-forge-culinary-cocoa-chip-pendant-keeper.png	d2f953b401d440641fd1e16102d3e07662fa05cf65b62c6ac95efb2ffc772872	Round cocoa-chip cookie housing, cobalt modular suit, gold neck band, and blank red square pendant; source face fully replaced by the canonical LCD.
nouns_classified_1973/B04-CUL__Culinary/noun-0490__head-beer.png	B04-CUL__Culinary/aachat-forge-culinary-amber-froth-chevron-keeper.png	e1cb2471acb7ec1f4e303cd7a68bd3866324bca74f8053a5b67b8af7c98ad29e	Amber froth chevron keeper preserves the tall amber beverage-vessel silhouette, stepped ivory foam crown, crimson tunic, and golden geometric trim while structurally replacing the complete original face and green glasses with the fixed aachat LCD in coarse same-scale square 3D modules.
nouns_classified_1973/B04-CUL__Culinary/noun-0493__head-bubblegum.png	B04-CUL__Culinary/aachat-forge-culinary-magenta-gum-apron-steward.png	210654b152c6a2d4c8edde5e327c5f38968beb36a3e37f3fea5e4dcc9ec184ba	Magenta bubblegum shell, lilac bands, yellow apron, and green clover accent rebuilt as one coarse square-module steward with the original face fully replaced by the fixed aachat LCD.
nouns_classified_1973/B04-CUL__Culinary/noun-0512__head-noodles.png	B04-CUL__Culinary/aachat-forge-culinary-ivory-rim-noodle-steward.png	b10d20571ace2d709d02f9f487bf866d06e88497bad4fb976c02665794a2232d	Reference-mode Level 4: ivory red-rim noodle-bowl head with golden noodles, green garnish, raised chopsticks, black-and-ivory diamond steward body, and a fully integrated front-facing aachat LCD.
nouns_classified_1973/B04-CUL__Culinary/noun-0514__head-bubblegum.png	B04-CUL__Culinary/aachat-forge-culinary-magenta-bubblegum-cross-steward.png	737cec7cba19554f1ac5cf5e8767282755bc1b412535297a40b766a9c124aae1	Reference-mode Level 4 with a stepped magenta bubblegum shell, slim purple modular body, white cross candy patch, and mint chest accents; the source face was fully replaced by the fixed aachat LCD.
nouns_classified_1973/B04-CUL__Culinary/noun-0522__head-mustard.png	B04-CUL__Culinary/aachat-forge-culinary-golden-mustard-spout-steward.png	97ed1f01e1d47829d9167b453f67623363e37961b18507094ec604b0d0b8670b	Golden mustard squeeze-bottle steward with stepped spout, brick-red service body, consistent coarse square modules, and the original face fully replaced by the fixed aachat LCD.
nouns_classified_1973/B04-CUL__Culinary/noun-0533__head-doughnut.png	B04-CUL__Culinary/aachat-forge-culinary-pink-sprinkle-hoop-porter.png	5384bb3bfd11cd25948ca14f800c816e3feb99e2f2409b5ec6bb03c6b465083b	Pink sprinkle doughnut hoop rebuilt as the LCD head housing over a compact cobalt block body.
nouns_classified_1973/B04-CUL__Culinary/noun-0541__head-cake.png	B04-CUL__Culinary/aachat-forge-culinary-pink-candle-cake-walker.png	240ecab252d8e06abf4460a2beaeb96bded27089d792ed17eb478c39e0aee072	Pink-and-white candle cake walker with checker frosting trim, charcoal block body, and complete fixed-LCD face replacement.
nouns_classified_1973/B04-CUL__Culinary/noun-0548__head-banana.png	B04-CUL__Culinary/aachat-forge-culinary-saffron-peel-bluecoat-steward.png	cbfbfe5805fb36c2a86859e846edf89564d76f2fe6b14fe67b7425474a69f8cd	Saffron banana-peel crescent, cobalt-blue vest, yellow medallion, and fully integrated fixed LCD in coarse square modules.
nouns_classified_1973/B04-CUL__Culinary/noun-0552__head-burger-dollarmenu.png	B04-CUL__Culinary/aachat-forge-culinary-toasted-patty-column-porter.png	483706a459e231250a8c3cc3760fd7b97a490f1aa51799b8f94944767bac859a	Toasted sesame-bun head shell, cocoa patty band, ochre column porter body, and fixed cobalt LCD built in coarse square Level 4 modules with full-body white margin.
nouns_classified_1973/B04-CUL__Culinary/noun-0553__head-chips.png	B04-CUL__Culinary/aachat-forge-culinary-saffron-chip-packet-steward.png	80e8e3240f5de7506ec44d2150df4edd7e4ba1df18f69569240e71e5e49400e7	White folded chip-packet steward with a saffron crisp crown, mint apron body, cobalt-orange edge accents, and a structurally integrated fixed LCD.
nouns_classified_1973/B04-CUL__Culinary/noun-0575__head-pineapple.png	B04-CUL__Culinary/aachat-forge-culinary-amber-pineapple-checker-porter.png	83f3bb255e9407316cfce9c4e6ba1caeb9c5ea86e1d77abff021dd5e90ab90c1	Amber pineapple silhouette with green crown and magenta/cyan checker garments rebuilt as coarse square modules; source face and glasses fully replaced by the fixed front-facing aachat LCD, with generous full-body white margins.
nouns_classified_1973/B04-CUL__Culinary/noun-0576__head-noodles.png	B04-CUL__Culinary/aachat-forge-culinary-ivory-ramen-brim-steward.png	43afeb4be73cf38400c9fd2d653086fddc5e53f8b879fbf9d4603c69dd88e926	Level 4 reference reinterpretation preserving the ivory noodle-bowl silhouette, red-green brim bands, golden chest starburst, noodle crest, and twin chopsticks; original face fully replaced by the fixed integrated aachat LCD.
nouns_classified_1973/B04-CUL__Culinary/noun-0579__head-beet.png	B04-CUL__Culinary/aachat-forge-culinary-magenta-beet-bowtie-steward.png	b567f19e4dacc9d7eb86a4b2b1d35f74d5d8600321efb095ccae8cc0eace79e0	Deep magenta block-built beet head with paired green leaf shoots, mint torso, black bow tie, and a fully replaced front-facing aachat LCD.
nouns_classified_1973/B04-CUL__Culinary/noun-0603__head-sandwich.png	B04-CUL__Culinary/aachat-forge-culinary-sesame-sandwich-pickle-steward.png	764263693d69e0f91cff1b2036ab08107ce4aa16fd64d713596df70d5914266a	Reference-mode sesame sandwich steward with toasted modular bun, lettuce-cheese-tomato layers, pickle-toothpick crest, coral-red tunic, and complete fixed LCD face replacement.
nouns_classified_1973/B04-CUL__Culinary/noun-0604__head-egg.png	B04-CUL__Culinary/aachat-forge-culinary-ivory-shell-yolk-steward.png	656d1bc6aa347dec0f26e223b2f9cf5f2b2a9a87a19e7c47f5579acebbf79ad7	Ivory modular eggshell dome, violet apron body, and saffron yolk medallion; the source face and yellow glasses are fully replaced by the fixed aachat LCD.
nouns_classified_1973/B04-CUL__Culinary/noun-0616__head-pineapple.png	B04-CUL__Culinary/aachat-forge-culinary-golden-frond-tile-porter.png	4d6db909d857122e7ec3e9ca9166e0aebbd6dc488024b66daf47bd11d073be6b	Golden pineapple tile porter with emerald leaf crown, ivory patterned apron-body, fixed front LCD, and consistent coarse square modules.
nouns_classified_1973/B04-CUL__Culinary/noun-0626__head-icepop-b.png	B04-CUL__Culinary/aachat-forge-culinary-lime-berry-drip-porter.png	6509c6352d8345fc05a6b80e3bba76022a803b1651a8dc63574aa3335ab4706f	Lime-and-raspberry split ice-pop porter with a pale custard band, block-built drip crest, and yellow frozen-treat emblem; original face fully replaced by the fixed aachat LCD.
nouns_classified_1973/B04-CUL__Culinary/noun-0628__head-spaghetti.png	B04-CUL__Culinary/aachat-forge-culinary-tomato-noodle-patchwork-keeper.png	38a7d5218cd8e96480fed37aa7a3ad579433077ec4133787911883f2a9c3e7d2	Dark chunky tomato-sauce cap, stepped red-orange spaghetti tassels, and a compact multicolor patchwork apron body rebuilt as one-scale coarse square 3D modules around the fixed aachat LCD.
nouns_classified_1973/B04-CUL__Culinary/noun-0646__head-nigiri.png	B04-CUL__Culinary/aachat-forge-culinary-salmon-slab-rice-curator.png	a056f62c621f0eaa44099d10f6896478fb8af0b6a17c2ebd275b45972662dfa2	Salmon nigiri curator rebuilt in consistent coarse square 3D modules with a broad striped salmon crown, rice-white service-robe architecture, sparse slate blocks, a restrained lime belt accent, and the source face fully replaced by the fixed frontal aachat LCD.
nouns_classified_1973/B04-CUL__Culinary/noun-0656__head-garlic.png	B04-CUL__Culinary/aachat-forge-culinary-ivory-garlic-ember-porter.png	aca8c97af2e84b08bf4574e40ade585e3bf0ad58cd9a85fa7c5f0c88de4c992b	Ivory garlic-bulb porter with stepped clove crown, orange work smock, restrained green sprout and collar; fixed LCD fully replaces the source face.
nouns_classified_1973/B04-CUL__Culinary/noun-0661__head-icepop-b.png	B04-CUL__Culinary/aachat-forge-culinary-split-berry-pop-porter.png	ec77f3b73839071609e6d1e783b6ca6da049d2631ed735188488123aef6332b1	Split mint and raspberry ice-pop porter with a cream cap, one stacked-module wooden serving staff, and the source face fully replaced by the fixed aachat LCD.
nouns_classified_1973/B04-CUL__Culinary/noun-0670__head-pumpkin.png	B04-CUL__Culinary/aachat-forge-culinary-vermilion-harvest-crossstrap-bearer.png	bca11baa0df33fb79daa6d7e324cf5b7844dafd4bb10c59612da3e91ec044910	Vermilion pumpkin-shell module bearer with olive block tunic, gold cross-straps and buckle, and the fixed frontal aachat LCD.
nouns_classified_1973/B04-CUL__Culinary/noun-0672__head-egg.png	B04-CUL__Culinary/aachat-forge-culinary-sunny-yolk-cobalt-checker.png	092deb599e829b22c9ecb31c7bbf2614f8e7a13038c65c7d37032fc9d8894d00	Stepped ivory fried-egg shell with yolk-gold side accents, fixed cobalt LCD, and a cobalt-periwinkle checker body built from coarse square Level 4 modules.
nouns_classified_1973/B04-CUL__Culinary/noun-0675__head-pizza.png	B04-CUL__Culinary/aachat-forge-culinary-saffron-pizza-crown-steward.png	46e34f7e613a5d74d85bd1150fe0293a57a2e168b936d65435377e91596b2df5	Reference-mode pizza-crown steward preserving the tall spotted cream tunic and saffron-red slice silhouette; source face fully replaced by the fixed frontal LCD; coarse same-scale square 3D modules with generous white margins.
nouns_classified_1973/B04-CUL__Culinary/noun-0689__head-doughnut.png	B04-CUL__Culinary/aachat-forge-culinary-fuchsia-glaze-spectrum-porter.png	3991dfad4e268ad24d90915587d61d7ebf2d65d464d9487d2e394142f15c1ffa	Thick fuchsia frosted ring head with sparse cyan-yellow block sprinkles, fixed integrated LCD, and a compact rainbow-striped module-built body.
nouns_classified_1973/B04-CUL__Culinary/noun-0693__head-bubblegum.png	B04-CUL__Culinary/aachat-forge-culinary-fuchsia-gum-patch-porter.png	6e06aec5129f19a93a5678888017c46251f4d7e09b77a73084a24ab2de0c06b2	Reference-mode Level 4 with a stepped fuchsia bubblegum shell, white crown gum patch, slim warm-gray modular body, and muted-lilac accents; the source face was fully replaced by the fixed aachat LCD.
nouns_classified_1973/B04-CUL__Culinary/noun-0700__head-potato.png	B04-CUL__Culinary/aachat-forge-culinary-russet-tuber-mosaic-tender.png	35f13e11652249380d2c6b1aec24bf3b59d344b08c0e69ef5c47321275a2b0dd	Russet potato-headed mosaic tender rebuilt in one coarse square module scale with a fixed aachat LCD.
nouns_classified_1973/B04-CUL__Culinary/noun-0704__head-peanut.png	B04-CUL__Culinary/aachat-forge-culinary-toasted-pod-bluecoat-steward.png	48a14dc9bddc1c6c2c16d76fd3a4e57643a78db9cbccce4369acda3cccdd0348	Asymmetrical two-lobed toasted peanut-shell head built around the fixed LCD, with a royal-blue modular steward tunic and sturdy block limbs.
nouns_classified_1973/B04-CUL__Culinary/noun-0717__head-bubblegum.png	B04-CUL__Culinary/aachat-forge-culinary-magenta-bubblegum-tie-bearer.png	b6be26338887eb159f6dfcfbd7e67e2e48777f86c402a54e233c6d1b943b1fe8	Oversized stepped magenta bubblegum head rebuilt around the fixed LCD, with a compact charcoal modular body and a single golden diagonal tie accent.
nouns_classified_1973/B04-CUL__Culinary/noun-0719__head-garlic.png	B04-CUL__Culinary/aachat-forge-culinary-ivory-clove-necktie-steward.png	01add55b8b4264239ec2d0568c8541aad17a79eeca337eb0e329a00682c33dfd	Ivory garlic-crown shell, vivid green modular jacket, white shirt and black necktie; source face fully replaced by the fixed front-facing aachat LCD.
nouns_classified_1973/B04-CUL__Culinary/noun-0720__head-chocolate.png	B04-CUL__Culinary/aachat-forge-culinary-cocoa-slab-wrapper-steward.png	0344c3625d104e3e97c21ffa7d28e37802041f596a24370de27eec439d070733	Reference-mode cocoa-bar steward with a stepped scored dark-cocoa crown, white wrapper body with pale-gray tiles, red collar, and green structural accents; the original face is fully replaced by the fixed frontal aachat LCD.
nouns_classified_1973/B04-CUL__Culinary/noun-0721__head-pop.png	B04-CUL__Culinary/aachat-forge-culinary-scarlet-kernel-tile-porter.png	53bd2d69214ae3837d6f302b6e6bc49c11760360f2c527fe07aa8924004b1444	Scarlet-and-saffron kernel-tiled square warmer head, emerald apron body, and teal accents; original face structurally replaced by the fixed frontal aachat LCD.
nouns_classified_1973/B04-CUL__Culinary/noun-0727__head-cherry.png	B04-CUL__Culinary/aachat-forge-culinary-scarlet-cherry-bow-steward.png	73cc526fd28be4c7329415c81d59bef741a4b24b5b0c25b640a59cb1837fade2	Scarlet cherry-head steward with green block stem and leaf, warm orange uniform, yellow bow tie, fully rebuilt around the fixed aachat LCD in consistent coarse square 3D modules.
nouns_classified_1973/B04-CUL__Culinary/noun-0735__head-pickle.png	B04-CUL__Culinary/aachat-forge-culinary-lime-hook-pickle-porter.png	b7dddf4ef6818fc5d0160240ea1e5fa0a7f66b6787fcc36785df43e2f37f3f8f	Hooked lime pickle crest, olive speckles, and teal segmented body; fixed LCD fully replaces the source face.
nouns_classified_1973/B04-CUL__Culinary/noun-0736__head-ketchup.png	B04-CUL__Culinary/aachat-forge-culinary-scarlet-squeeze-cap-porter.png	6c946e9e3cf2ad3b4fd62fe0b2374e1a33cf8f291f1bbf16525b318c05401a4c	Scarlet stepped squeeze-bottle porter with pointed dispenser cap, integrated frontal LCD, black rim accents, pale block legs, and generous full-body white margins.
nouns_classified_1973/B04-CUL__Culinary/noun-0739__head-mug.png	B04-CUL__Culinary/aachat-forge-culinary-porcelain-handle-ribbon-bearer.png	c6cf797f955bfbb725ae997d75df91402e1301ced7db399cef95c9d7fb5bb448	White porcelain mug-headed Level 4 attendant with a structural left handle, cobalt ribbon bands, and sparse magenta-yellow tile accents; original face and printed number fully replaced by the fixed aachat LCD.
nouns_classified_1973/B04-CUL__Culinary/noun-0748__head-cherry.png	B04-CUL__Culinary/aachat-forge-culinary-ruby-cherry-leaf-keeper.png	523448f189bd339bba1545108f3165c4d2d032cfd717db6f1612527dae2e0778	Ruby cherry head with green stem-and-leaf crown, pale-gray apron body, matching coarse square modules, and a fully integrated fixed aachat LCD.
nouns_classified_1973/B04-CUL__Culinary/noun-0755__head-cheese.png	B04-CUL__Culinary/aachat-forge-culinary-golden-terrine-apron-steward.png	febe5e5e480488b856a4ca8704e9e9a5f92bcd53c54eb5996ceacd29614d50c3	Golden perforated terrine-wedge LCD steward with charcoal apron body and consistent coarse square modules.
nouns_classified_1973/B04-CUL__Culinary/noun-0756__head-potato.png	B04-CUL__Culinary/aachat-forge-culinary-russet-spud-redcoat-keeper.png	fb9ac7e5e5285f49671855b75023da3e1d85ed68b86daca96f1330e30996b5fc	Reference-mode russet potato redcoat rebuilt in coarse square modules with the original face fully replaced by the fixed aachat LCD.
nouns_classified_1973/B04-CUL__Culinary/noun-0760__head-doughnut.png	B04-CUL__Culinary/aachat-forge-culinary-rose-glaze-crown-baker.png	d81246bc1f35043dc2759e7d299fb3bcca83f4d2935882bc8230a6dee92191f3	Rose-pink frosted doughnut crown structurally houses the fixed LCD above a warm-orange baker tunic with cream icing drips and sparse chunky sprinkles, all built in one coarse square-module scale.
nouns_classified_1973/B04-CUL__Culinary/noun-0771__head-mug.png	B04-CUL__Culinary/aachat-forge-culinary-porcelain-handle-olive-brewer.png	4184b22f37083eb8eef9cf8dd1a182ddc492fe02470b70009271978ccf9b5a73	Oversized ivory porcelain mug head with left handle and blocky steam, olive-and-ivory striped body, warm ochre accents, and complete fixed-LCD face replacement in coarse square 3D modules.
nouns_classified_1973/B04-CUL__Culinary/noun-0784__head-chips.png	B04-CUL__Culinary/aachat-forge-culinary-indigo-chip-crown-keeper.png	59a86c74a5d62dccaabf381024fefc01fdb744a5d656abca10d4d7d5ea4f1fe9	Cream block-built chip-packet keeper with an indigo jagged chip crown, black mosaic packet torso, and complete fixed-LCD face replacement.
nouns_classified_1973/B04-CUL__Culinary/noun-0785__head-milk.png	B04-CUL__Culinary/aachat-forge-culinary-cobalt-milk-carton-strider.png	57bdf6e489ffe0e94ccaf47ee8868d874310ec15dc8dfe59e1f55ab14158dc04	Cobalt milk-carton silhouette with white folded top and red spout, red waist band, dark brown block legs, fixed frontal aachat LCD, and coarse same-scale square 3D modules.
nouns_classified_1973/B04-CUL__Culinary/noun-0786__head-mustard.png	B04-CUL__Culinary/aachat-forge-culinary-sunlit-squeeze-cap-steward.png	1b21367de00412d50c5462599500c39d5dd3064faab048f9e81e5e2064830d3d	Reference-mode Level 4 mustard squeeze-bottle steward with a stepped nozzle crown, sunny yellow coarse square modules, black band accents, ivory geometric apron motif, fixed frontal aachat LCD, and generous white full-body margins.
nouns_classified_1973/B04-CUL__Culinary/noun-0795__head-pickle.png	B04-CUL__Culinary/aachat-forge-culinary-lime-pickle-checker-keeper.png	b3776e68c94f2892ac9cea4528e70c894a892bb61e6804c4387d8c4ae41d3440	Asymmetrical lime pickle shell with pale brine studs, fixed cobalt LCD, white-and-mint checker tunic, and coarse square 3D modules throughout.
nouns_classified_1973/B04-CUL__Culinary/noun-0797__head-cheese.png	B04-CUL__Culinary/aachat-forge-culinary-marbled-mosaic-sentinel.png	23d12b7f65c833ed238a67c2b979a5d2544c53f81cfcb6b559cc805261d082ff	Golden-orange marbled wedge crown over a pale block body, with small green accents, complete source-face replacement by the fixed front-facing aachat LCD, and consistent coarse square Level 4 modules.
nouns_classified_1973/B04-CUL__Culinary/noun-0802__head-burger-dollarmenu.png	B04-CUL__Culinary/aachat-forge-culinary-sesame-bun-patty-porter.png	6cc943f340165c74bffde52672d7382d87bc9ec15678ffd1ef521666147c1af4	Broad sesame-bun LCD head with stacked patty, cheese, and lettuce bands over a tall cream wrapper-block body.
nouns_classified_1973/B04-CUL__Culinary/noun-0804__head-ketchup.png	B04-CUL__Culinary/aachat-forge-culinary-scarlet-nozzle-chevron-steward.png	76f540fa0fd8327a2c1100841234d4b93f8a7d63db6b96bceeed1096d47fbd5d	Tiered scarlet ketchup-nozzle steward with a warm orange bottle body and maize chevron, rebuilt in coarse square modules with the source face fully replaced by the fixed aachat LCD.
nouns_classified_1973/B04-CUL__Culinary/noun-0805__head-cake.png	B04-CUL__Culinary/aachat-forge-culinary-rose-triple-candle-torte.png	df02d094578d066b4b6ce818f3c123348792b032f7e6798630b9b668915a9697	Three-candle pink torte head with red-blue checker body; original face fully replaced by the canonical frontal LCD in coarse Level 4 modules.
nouns_classified_1973/B04-CUL__Culinary/noun-0813__head-cotton-candy.png	B04-CUL__Culinary/aachat-forge-culinary-blush-sugar-cloud-bearer.png	4db6b074e0af6b2baa09ed4463402d404040c2f46d04fc80e2da0d040296964f	Blush spun-sugar cloud head with crown stick, olive block tunic, gold collar, and a fully integrated fixed aachat LCD.
nouns_classified_1973/B04-CUL__Culinary/noun-0824__head-pickle.png	B04-CUL__Culinary/aachat-forge-culinary-jade-brine-bump-tender.png	d36526e8beb82ed27c5c2bf8a99bc7ec1609577af4ede14c963b0d97c78c8204	Reference-mode Level 4 jade pickle tender with stepped brined-green coarse square modules, chartreuse bumps, and the original face fully replaced by the fixed aachat LCD.
nouns_classified_1973/B04-CUL__Culinary/noun-0834__head-pineapple.png	B04-CUL__Culinary/aachat-forge-culinary-citrine-frond-nightcoat-keeper.png	e1bcc2b26b539f0abb712e38c6b7f115355e7a56ec4391f9ff7538e7a73102d8	Citrine pineapple shell and stepped green frond crown over a charcoal modular nightcoat with restrained multicolor square accents; source face fully replaced by fixed LCD.
nouns_classified_1973/B04-CUL__Culinary/noun-0842__head-cherry.png	B04-CUL__Culinary/aachat-forge-culinary-ruby-cherry-stem-keeper.png	d77bbb1435ca3b5e37a8d61e38cd0b367735554964a19e0d4825fb8ef59e2d2e	Ruby cherry-crown keeper preserving the green stem and leaf plus red-green checker garment; fixed front LCD fully replaces the source face; coarse Level 4 modules with generous full-body white margins.
nouns_classified_1973/B04-CUL__Culinary/noun-0848__head-mug.png	B04-CUL__Culinary/aachat-forge-culinary-porcelain-handle-knit-bearer.png	9a07ab1f8c110cfed4882c01c979ab16ec5d7c68b22eb47eb8108fde8893bf72	Ivory porcelain mug head with block handle and steam curl, emerald geometric knit tunic, and magenta accents; source face fully replaced by the integrated canonical LCD.
nouns_classified_1973/B04-CUL__Culinary/noun-0850__head-blueberry.png	B04-CUL__Culinary/aachat-forge-culinary-cobalt-berry-ladder-keeper.png	1d42eacfde7255f5a259c4f0085e2cbc72fdbd9696b3a0f1b73ac159d7a3807e	Cobalt blueberry orb head with indigo stem-cap and a narrow brown ladder-striped modular body; the original glasses and face were fully replaced by the integrated fixed aachat LCD.
nouns_classified_1973/B04-CUL__Culinary/noun-0851__head-pumpkin.png	B04-CUL__Culinary/aachat-forge-culinary-scarlet-pumpkin-checker-porter.png	5c3191722bfaac32e1fe9c9e0a34d6f4c55b251a45c5265fd5fe07eaf9e7e8e4	Scarlet modular pumpkin head with green stem, integrated fixed LCD, cobalt-magenta checker tunic, and no prop.
nouns_classified_1973/B04-CUL__Culinary/noun-0859__head-cotton-candy.png	B04-CUL__Culinary/aachat-forge-culinary-rose-cloud-checker-tender.png	53faa6c1f5f7fa6051412cc67f6f2d02859cd37f25de9e3ddea6557645d1b3a7	Level4 reference reinterpretation of a pink cotton-candy cloud head, white pointed ruff, and red-white checker body with a fully integrated fixed aachat LCD and coarse square-module construction.
nouns_classified_1973/B04-CUL__Culinary/noun-0866__head-sandwich.png	B04-CUL__Culinary/aachat-forge-culinary-wheat-stack-checker-porter.png	352af281f7bd71467779dcfbafeef3187f7b1cc8e88aa480785c529dfa832766	Wide toasted bread-and-filling LCD head, red-green crest, vivid pink-lime checker porter body, and complete source-face replacement rebuilt in consistent coarse square 3D modules.
nouns_classified_1973/B04-CUL__Culinary/noun-0876__head-pickle.png	B04-CUL__Culinary/aachat-forge-culinary-jade-gherkin-crook-porter.png	efb12120df1df70c65eee8bf633254f5f43b01eb38fd21ed7f7b5393ba3bb78e	Reference-mode Level 4: jade checker-block pickle porter with a curved bumpy gherkin head-shell, fixed cobalt LCD, and coarse square 3D modules.
nouns_classified_1973/B04-CUL__Culinary/noun-0877__head-mug.png	B04-CUL__Culinary/aachat-forge-culinary-porcelain-handle-bowtie-steward.png	fe6c264749a09ce7edf09e304df295f94c14e9f331b4d7390828e01bf630fa26	White porcelain mug-head steward with left block handle, charcoal formal suit, crimson bow tie, and fully replaced fixed aachat LCD.
nouns_classified_1973/B04-CUL__Culinary/noun-0878__head-pineapple.png	B04-CUL__Culinary/aachat-forge-culinary-sunlit-pineapple-ember-porter.png	7d08fb425fb051caa410ad87583fbb2d38a6028a147327a6d46c5e01127baca9	Reference-mode pineapple porter with a stepped green frond crest, golden modular fruit-shell LCD housing, burnt-orange gridded tunic, sturdy block boots, generous white full-body margins, and complete source-face replacement by the fixed aachat LCD.
nouns_classified_1973/B04-CUL__Culinary/noun-0882__head-ketchup.png	B04-CUL__Culinary/aachat-forge-culinary-vermilion-spout-patch-steward.png	05709d6a0da113e7495dabefa8ce524c1844433ca0d31741007dcff9624ee95f	Vermilion ketchup-dispenser steward with a stepped squeeze spout, broad bottle silhouette, fixed cobalt LCD, and sparse green herb-patch modules.
nouns_classified_1973/B04-CUL__Culinary/noun-0884__head-bubblegum.png	B04-CUL__Culinary/aachat-forge-culinary-fuchsia-gumball-zigzag-keeper.png	6949e6d3e16e2e26ad5cd562434d6e1d27731b158814fc943171bd3bb4f533ba	Rounded fuchsia gumball module head with fully integrated fixed LCD, coral block body, and black zigzag sash.
nouns_classified_1973/B04-CUL__Culinary/noun-0887__head-steak.png	B04-CUL__Culinary/aachat-forge-culinary-scarlet-steak-apron-steward.png	8b866832d90c28d5d81f7c4ca68cb2092223ba16bdcb0b655509b10ad617c9c0	Scarlet marbled steak-slab server with ivory T-bone seam, green-striped apron body, and integrated fixed LCD in coarse square 3D modules.
nouns_classified_1973/B04-CUL__Culinary/noun-0890__head-bubblegum.png	B04-CUL__Culinary/aachat-forge-culinary-rose-gumball-zigzag-keeper.png	b3cfdeb102e8e3ea42eb01e96fada34400c9be13e34580a2e353aa204b328d21	Rose-magenta stepped gumball head, peach wrapper body, and black zigzag sash; original face fully replaced by the fixed aachat LCD.
nouns_classified_1973/B04-CUL__Culinary/noun-0900__head-potato.png	B04-CUL__Culinary/aachat-forge-culinary-russet-spud-coral-porter.png	d6128fbd15938a2323f9da38a4522c2e973d34cd458bd6d1d4c805881fb4158e	Russet potato head shell with coral tunic, blush limbs, and restrained magenta trim, rebuilt as coarse square 3D modules around the fixed LCD.
nouns_classified_1973/B04-CUL__Culinary/noun-0913__head-banana.png	B04-CUL__Culinary/aachat-forge-culinary-golden-peel-nightcoat-porter.png	bae53a3e6526f8504b91d153b667e2633b2eaa181b0878c881127c81ce263382	Golden banana-peel crown and side flares frame the fixed frontal aachat LCD above a midnight-navy porter tunic; the source sunglasses and complete original face system are fully replaced, with the whole full-body character built from coarse square 3D modules; no Level 5 generated.
nouns_classified_1973/B04-CUL__Culinary/noun-0924__head-cake.png	B04-CUL__Culinary/aachat-forge-culinary-blush-candle-tier-attendant.png	b51785ac7f75de5f025b87eb7d017f8151061fee89c2a5667348fa3ea4c91c29	Blush-pink modular candle-tier attendant with three flame crowns, biscuit body, checker trim, and a fully integrated fixed aachat LCD.
nouns_classified_1973/B04-CUL__Culinary/noun-0930__head-cotton-candy.png	B04-CUL__Culinary/aachat-forge-culinary-rose-floss-mint-attendant.png	2cae0e016901e53501597cd0a6adee223b06bcd2f34bff0671fc47d893c8e690	Reference-mode Level 4 with a stepped rose spun-sugar cloud head, mint-to-sky-blue block body, white crown stick, and complete source-face replacement by the fixed integrated aachat LCD.
nouns_classified_1973/B04-CUL__Culinary/noun-0934__head-macaroni.png	B04-CUL__Culinary/aachat-forge-culinary-golden-elbow-arch-steward.png	66547a9d4360153de9ce12aa5442bb5d44254b291bc8802c388c4e9aade689c6	Saffron macaroni-elbow arch head with twin hollow end caps, ivory modular body, and fully integrated fixed cobalt-glow LCD.
nouns_classified_1973/B04-CUL__Culinary/noun-0947__head-doughnut.png	B04-CUL__Culinary/aachat-forge-culinary-rose-frost-ring-steward.png	ad422d8df8626a820795d131f96e3c80582d0ec2850c49b8f7fb0534ff742da8	Rose-pink sprinkled doughnut-ring steward with a navy modular uniform and canonical LCD fully replacing the original face and glasses.
nouns_classified_1973/B04-CUL__Culinary/noun-0954__head-doughnut.png	B04-CUL__Culinary/aachat-forge-culinary-magenta-glaze-ring-courier.png	44d1e2e381956e924986d940e868db53660c5dd6ca5609edf9bf1a2c270b4fe2	Hot-magenta sprinkled doughnut head shell structurally framing the fixed LCD, with a cobalt-violet striped block body and dark modular legs.
nouns_classified_1973/B04-CUL__Culinary/noun-0958__head-cookie.png	B04-CUL__Culinary/aachat-forge-culinary-cocoa-biscuit-knit-steward.png	441ddaf943dced5d001f56cbe6f9de50fda7450576841c5c9a39a83c41a70114	Warm cocoa cookie shell with a magenta geometric-knit tunic, rebuilt as one-scale coarse square modules around the fixed integrated LCD.
nouns_classified_1973/B04-CUL__Culinary/noun-0962__head-taco-classic.png	B04-CUL__Culinary/aachat-forge-culinary-ochre-salsa-crown-strider.png	6b38457f0fa46e04de0e321dead5555d7b1b74adf84ca62e99d0449511521780	Ochre taco-shell crown with green lettuce and red salsa accents, warm-brown block body, and the original face structurally replaced by the fixed blue-glow LCD.
nouns_classified_1973/B04-CUL__Culinary/noun-0963__head-mustard.png	B04-CUL__Culinary/aachat-forge-culinary-saffron-squeeze-blueband-tender.png	8b81fc7e21c6559d2738a3301b808a8a9589166b32e0caa8d86cceafb2e1f365	Mustard-yellow squeeze-bottle silhouette with stepped orange nozzle, black collar bands, blue-white chest trim, and a structurally integrated fixed aachat LCD.
nouns_classified_1973/B04-CUL__Culinary/noun-0967__head-cheese.png	B04-CUL__Culinary/aachat-forge-culinary-saffron-terrine-crown-sentinel.png	a0136fbfa9139806a95e8b228505fb76df7d0543424987a4daf011bfcdea692b	Reference-mode Level 4 saffron pressed-terrine crown sentinel with a structurally integrated fixed LCD, matte-black block uniform, restrained crimson trim, consistent coarse square modules, and generous full-body white-background margins.
nouns_classified_1973/B04-CUL__Culinary/noun-0969__head-chocolate.png	B04-CUL__Culinary/aachat-forge-culinary-cacao-brick-crown-keeper.png	2d5a2a00bb6ecbb01668f11219d41c78d40157847d09b6f246755a03ff2d728c	Reference-mode Level 4 cacao-brick crown keeper with a stepped bitten chocolate-slab crown, charcoal modular tunic, restrained ice-blue and rose structural bands, generous pure-white full-body framing, and complete source-face replacement around the fixed 1.65:1 aachat LCD.
nouns_classified_1973/B04-CUL__Culinary/noun-0971__head-watermelon.png	B04-CUL__Culinary/aachat-forge-culinary-scarlet-melon-sunburst-steward.png	dd0fd6f7eb129ce04591867546515bb2b77d8d1ba38a8c11846b7a9c55e5de7a	Level 4 Reference mode: tilted scarlet watermelon-wedge head shell with emerald rind and seed modules, emerald tunic with a golden sunburst inlay, and complete source-face replacement by one fixed frontal aachat LCD in consistent coarse square 3D modules.
nouns_classified_1973/B04-CUL__Culinary/noun-0982__head-doughnut.png	B04-CUL__Culinary/aachat-forge-culinary-rose-sprinkle-orbit-steward.png	41fdf6bf7d205f7fec6d0af699d6259724941af9267d3490c5235ee2c616f6c9	Rose-pink sprinkled doughnut head structurally framing the fixed LCD, with a charcoal steward uniform, red bow tie, and restrained multicolor utility accents in coarse square modules.
nouns_classified_1973/B04-CUL__Culinary/noun-0995__head-chilli.png	B04-CUL__Culinary/aachat-forge-culinary-scarlet-pepper-stem-warden.png	cbafcd1ecf1415fed7b287e53ec34f327fd64b2f0eb9232d115a3c4cb810ccef	Scarlet pepper stem warden preserving the source's curved red chilli head, green swept stem, and narrow charcoal body while fully replacing the original face with the fixed LCD in coarse square 3D modules.
nouns_classified_1973/B04-CUL__Culinary/noun-1008__head-taco-classic.png	B04-CUL__Culinary/aachat-forge-culinary-ochre-taco-lettuce-strider.png	2506e0fe61459f41e380d401fc442ab22ddb6c20c2938aa84ba2425a40639236	Reference-mode ochre taco-shell strider with mint block body, lettuce-tomato crown, full LCD face replacement, and broad white margins.
nouns_classified_1973/B04-CUL__Culinary/noun-1013__head-cheese.png	B04-CUL__Culinary/aachat-forge-culinary-golden-terrine-mosaic-steward.png	31faf39906736db0ace2112df639bdf06315862dc5c183d464d8be238516cf64	Golden triangular terrine wedge with cream mosaic pores, stepped drips, slender gray block legs, and a structurally integrated frontal LCD.
nouns_classified_1973/B04-CUL__Culinary/noun-1018__head-pickle.png	B04-CUL__Culinary/aachat-forge-culinary-emerald-brine-crescent-keeper.png	514808f6899f93e030f0e0e779697a5a76958109798c3bb607cad6a10c6dde11	Reference-mode emerald brine crescent keeper with hooked pickle head, cobalt tunic, gold clasp, complete fixed-LCD face replacement, coarse square Level 4 modules, and generous white margins.
nouns_classified_1973/B04-CUL__Culinary/noun-1030__head-spaghetti.png	B04-CUL__Culinary/aachat-forge-culinary-tomato-noodle-crown-bearer.png	3ff4ffc730dc664519f3c989a544aff6f645c092a2674bcafd65f3f465be7e7e	Reference-mode Level 4 tomato-spaghetti crown bearer with a broad brown modular noodle crown, restrained red and green garnish, orange box-form body, complete source-face replacement by the fixed frontal aachat LCD, consistent coarse square 3D modules, and generous full-body white margins.
nouns_classified_1973/B04-CUL__Culinary/noun-1035__head-cherry.png	B04-CUL__Culinary/aachat-forge-culinary-crimson-cherry-sprig-tender.png	c1717744bf530dce0868944312d37b776c58b7779c09a7bb92091ea3e6d54bba	Crimson cherry head with green leaf sprig, warm-brown tender overalls, fixed aachat LCD, and coarse square 3D modules.
nouns_classified_1973/B04-CUL__Culinary/noun-1038__head-taco-classic.png	B04-CUL__Culinary/aachat-forge-culinary-golden-taco-shell-bearer.png	8b3faa6ab0c40df60fb028f001c527566d501292dea4e78c2aa54eb0eb0304d5	Reference-mode Level 4: golden hard-shell taco crown with green lettuce and red salsa modules, olive-brown block tunic, complete fixed-LCD face replacement, and generous full-body white-space framing.
nouns_classified_1973/B04-CUL__Culinary/noun-1059__head-wine.png	B04-CUL__Culinary/aachat-forge-culinary-burgundy-cask-vest-steward.png	3baf484406bc9447bd431e3edb0571e4819b4994e540d22ef0380610d2a2fdd6	Burgundy wine-cask steward with broad rounded modular head, cream-gold LCD trim, ivory vest panel, and fixed cobalt-glow aachat LCD replacing the complete source face.
nouns_classified_1973/B04-CUL__Culinary/noun-1071__head-beer.png	B04-CUL__Culinary/aachat-forge-culinary-amber-froth-tuxedo-steward.png	d843e0ea59b846830a353a6c88a53aed5774eb755bc290c76a04d3bec17e09c9	Amber beer-vessel steward with stepped cream foam crown, integrated frontal LCD, black modular tuxedo, and gold bow-tie accents.
nouns_classified_1973/B04-CUL__Culinary/noun-1073__head-cannedham.png	B04-CUL__Culinary/aachat-forge-culinary-salmon-tin-key-bearer.png	4c04946d078aebf180ca26adb5b75dcd75d207832afa6fe8c846d9db72be604e	Salmon canned-ham tin bearer with a stepped wind-up key, cobalt-white modular body, and checker waist; source face fully replaced by the fixed aachat LCD.
nouns_classified_1973/B04-CUL__Culinary/noun-1075__head-pizza.png	B04-CUL__Culinary/aachat-forge-culinary-pepperoni-wedge-apron-bearer.png	c1eabd6240c8342b90a964149e4bd17a16d849967c631e89b77716082efe37e0	Reference-mode Level4: triangular pizza-slice crust-and-cheese LCD shell, red pepperoni tile accents, and orange apron body in coarse square 3D modules; original face fully replaced.
nouns_classified_1973/B04-CUL__Culinary/noun-1080__head-chocolate.png	B04-CUL__Culinary/aachat-forge-culinary-cocoa-tablet-patchwork-steward.png	da4a404272712cf1fd16493f871b64549ff1d8c59acad9f79b73db4072cab889	Reference-mode cocoa-tablet patchwork steward with a stepped scored dark-cocoa crown, magenta-red modular uniform, and orange-yellow-green patchwork accents; the original face is fully replaced by the fixed frontal aachat LCD.
nouns_classified_1973/B04-CUL__Culinary/noun-1084__head-chips.png	B04-CUL__Culinary/aachat-forge-culinary-cobalt-crisp-crown-porter.png	21395f9bd99cdb2829cb82c8d8ab900495e4b3f7b10ddefa489088a6e41cbf62	Cobalt-edged folded chip-packet crown over a compact white snack porter, with fixed LCD, teal panel accent, and orange packet tabs.
nouns_classified_1973/B04-CUL__Culinary/noun-1088__head-egg.png	B04-CUL__Culinary/aachat-forge-culinary-ivory-yolk-crown-curator.png	55fa058d62b3250a54978f28b4adad010560221798be1abaf3cb0d667e023c9d	Ivory egg-shell crown and pale-aqua apron attendant; source face and glasses fully replaced by the fixed frontal LCD, with yolk-gold medallion and restrained magenta seams retained.
nouns_classified_1973/B04-CUL__Culinary/noun-1093__head-beet.png	B04-CUL__Culinary/aachat-forge-culinary-crimson-root-checker-tender.png	8bcbe34e3200520ea06eb2aee58c6efa5921c22f2f0aa5037fc9885e65519216	Crimson beet-root tender with paired magenta-green leaf sprouts, a cobalt-scarlet checker tunic, consistent coarse square modules, and the complete source face structurally replaced by the fixed aachat LCD.
nouns_classified_1973/B04-CUL__Culinary/noun-1096__head-ketchup.png	B04-CUL__Culinary/aachat-forge-culinary-vermilion-squeeze-spire-attendant.png	271ee01e1a709a78105c8f713ef18e550f006b10a9f201b972d6c5081c22f741	Reference-mode Level 4 preserving the stepped vermilion squeeze-bottle crown, magenta bottle torso, and yellow chevron motif; the fixed LCD fully replaces the source face in coarse square 3D modules.
nouns_classified_1973/B04-CUL__Culinary/noun-1102__head-potato.png	B04-CUL__Culinary/aachat-forge-culinary-russet-potato-patchwork-keeper.png	d6c5d07fa71554ab33504397f7792e9e846ad15a9f35f41d5932890a170bc4ac	Russet potato shell with a structurally integrated fixed LCD, vivid orange patchwork tunic, and consistent coarse square modules.
nouns_classified_1973/B04-CUL__Culinary/noun-1103__head-mustard.png	B04-CUL__Culinary/aachat-forge-culinary-saffron-dispenser-bowtie-steward.png	55ddd79cc7f192a57a1f21c61c3c147b66b7adf01d9cd0829033e9203619384b	Reference-mode Level 4 mustard-dispenser steward with a stepped saffron nozzle crown, fixed LCD, black bow-tied uniform, and coarse square 3D modules.
nouns_classified_1973/B04-CUL__Culinary/noun-1105__head-mug.png	B04-CUL__Culinary/aachat-forge-culinary-porcelain-steam-handle-sentinel.png	01691b89a1420a05609466aebc87dd092565b322cae77a85f0be48c0484d64b6	White porcelain mug sentinel with left block handle, sculpted steam, deep navy tunic, and vermilion accents; fixed aachat LCD fully replaces the source face.
nouns_classified_1973/B04-CUL__Culinary/noun-1108__head-pickle.png	B04-CUL__Culinary/aachat-forge-culinary-verdant-pickle-sprout-keeper.png	e4b459af95b2c4108ed60364c24e3a6fe1b6155815e4a6b964d2f52a0e9d077f	Tall scalloped pickle-sprout keeper with dark-green stepped edging, yellow brine studs, restrained cobalt drips, and a fully integrated frontal aachat LCD.
nouns_classified_1973/B04-CUL__Culinary/noun-1110__head-pickle.png	B04-CUL__Culinary/aachat-forge-culinary-verdant-pickle-crown-porter.png	25587b0b4c471ed558267c569a94f65158d26511156ec58eeb1ca1f9e21cdf20	Verdant pickle crown porter with an asymmetrical bumpy modular head, compact olive body, cream trim, fixed compact LCD, and generous full-body white margins.
nouns_classified_1973/B04-CUL__Culinary/noun-1111__head-cake.png	B04-CUL__Culinary/aachat-forge-culinary-pink-candle-checker-porter.png	a889882a33d7a6f0c10fe56aed244766d3744b2ffe7a31d18321bc9670c6fc71	Pink-and-white three-candle checker cake porter with a cobalt-to-cyan modular body, generous full-body white margins, and the original face completely replaced by the fixed frontal aachat LCD.
nouns_classified_1973/B04-CUL__Culinary/noun-1113__head-steak.png	B04-CUL__Culinary/aachat-forge-culinary-seared-steak-band-steward.png	9846d69d0a063c0cc4cd763c6e9e74b61304c25fe62861827b0fe2d8c90f7858	Reference-mode Level 4 steak-headed steward with ivory fat rim and T-bone cap framing a fully replaced fixed LCD, warm yellow-orange banded torso, burgundy limbs, and coarse square 3D modules.
nouns_classified_1973/B04-CUL__Culinary/noun-1121__head-pickle.png	B04-CUL__Culinary/aachat-forge-culinary-jade-gherkin-magenta-steward.png	5c0d2cfdb7714aaae054218807c3c2e710d758854d6545a3681b1f41b0a0d96c	Crooked jade pickle shell with dark-green bumps, orange integrated LCD rail, mint side bands, a magenta square motif, and consistent coarse modules.
nouns_classified_1973/B04-CUL__Culinary/noun-1144__head-burger-dollarmenu.png	B04-CUL__Culinary/aachat-forge-culinary-golden-slider-orange-bearer.png	e28c206fdcc71ae2a3cb1f623b231fe26bac8cd550de7ba4455ea306a5238ab8	Golden sesame-slider head rebuilt structurally around the fixed LCD; tall orange block body retained without the source face or glyph.
nouns_classified_1973/B04-CUL__Culinary/noun-1155__head-egg.png	B04-CUL__Culinary/aachat-forge-culinary-ivory-shell-lime-pocket.png	18d506afd88cf13c6392170ec12b78fe9fe12ce3d032a50102eb391ee469c5b9	Ivory stepped egg-shell head structurally integrates the fixed frontal LCD above a vivid lime modular tunic with one charcoal chest pocket, preserving the source motif in a bright coarse-module full-body form.
nouns_classified_1973/B04-CUL__Culinary/noun-1199__head-spaghetti.png	B04-CUL__Culinary/aachat-forge-culinary-chestnut-spaghetti-crown-bearer.png	6b6bd88a1032dd4b23a7e5c0163a34717de9b5fdb0abb812791bd89ee6763af5	Reference-mode Level 4 preserving the chestnut spaghetti crown, tomato-red and herb-green accents, pale side pieces, violet garment, and warm-yellow trim as one coarse square-module 3D culinary figure with the original face fully replaced by the fixed aachat LCD.
nouns_classified_1973/B04-CUL__Culinary/noun-1206__head-pineapple.png	B04-CUL__Culinary/aachat-forge-culinary-citrine-frond-checker-porter.png	5c09c439ba5e4da887937f9e256c5f4f9b9c94b84049b3f033a4692d5475dfb4	Citrine pineapple porter with stepped emerald fronds, embedded fixed LCD, and scarlet-black checker modular uniform.
nouns_classified_1973/B04-CUL__Culinary/noun-1208__head-shrimp-tempura.png	B04-CUL__Culinary/aachat-forge-culinary-saffron-prawn-crown-porter.png	8ca607a188d8b3b3e9b9479b4d9672bedc967b8a7466b033173d6d63708f5d34	Level4 Reference mode; saffron shrimp-tempura crown with vermilion tail crest and deep-red block suit; original face structurally replaced by fixed front-facing LCD; generous full-body white margins.
nouns_classified_1973/B04-CUL__Culinary/noun-1213__head-noodles.png	B04-CUL__Culinary/aachat-forge-culinary-porcelain-noodle-sprout-courier.png	df280a2438838fff258eba2591b7c048f697dfd638587560eb6c993c2c3bc606	Reference-mode Level 4 porcelain noodle-bowl courier with red rim, blocky pale noodles, green sprout garnish, twin chopsticks, cobalt patch tunic, fixed integrated aachat LCD, coarse square modules, and generous full-body white margin.
nouns_classified_1973/B04-CUL__Culinary/noun-1220__head-pizza.png	B04-CUL__Culinary/aachat-forge-culinary-golden-slice-badge-keeper.png	f1df199f0c90efaa718e860aa34f974208ebc2fe8bada661a3c04927046e0312	Reference-mode Level4: triangular golden pizza-slice LCD head, scarlet topping blocks, charcoal badge-keeper body with golden pizza medallion; original face fully replaced.
nouns_classified_1973/B04-CUL__Culinary/noun-1223__head-cannedham.png	B04-CUL__Culinary/aachat-forge-culinary-salmon-keyed-ham-walker.png	bbeb643159063fad840133889f59ed9d9cfbf5658d08573f7378c42946a34235	Salmon canned-ham tin walker with cobalt-violet wrapper band, orange striped legs, terraced brass opening-key ridge, coarse square Level 4 modules, and complete source-face replacement by the fixed aachat LCD.
nouns_classified_1973/B04-CUL__Culinary/noun-1233__head-hotdog.png	B04-CUL__Culinary/aachat-forge-culinary-emerald-frank-apron-porter.png	40c0000aaa8e2107e35f1770169c43179f6a0e7e6193b3ac4bf0e678e665ac9f	Reference-mode Level 4 hot-dog porter with a red frank and tan bun LCD housing, mustard tile accents, emerald service apron, coarse square 3D modules, and generous full-body white margins; the source face was completely replaced by the fixed aachat LCD.
nouns_classified_1973/B04-CUL__Culinary/noun-1235__head-cherry.png	B04-CUL__Culinary/aachat-forge-culinary-scarlet-cherry-mint-strider.png	ab720d5108f782537517c21937abc9d55bcbf9b79cbaf457c94dbce2a100e3a3	Scarlet cherry-shell strider with a single block leaf, long mint-and-ivory striped legs, orange module feet, and a structurally integrated fixed LCD.
nouns_classified_1973/B04-CUL__Culinary/noun-1236__head-cotton-candy.png	B04-CUL__Culinary/aachat-forge-culinary-rose-spun-sugar-diamond.png	a922a3566582715151232ac88a1cd0fdefe6f521d78863a57932ebf7b047924a	Rose spun-sugar halo and top stick rebuilt as coarse square modules, with the source red-white diamond body language retained and the original face fully replaced by the fixed aachat LCD.
nouns_classified_1973/B04-CUL__Culinary/noun-1243__head-cheese.png	B04-CUL__Culinary/aachat-forge-culinary-saffron-wedge-stripe-strider.png	a4c66c725361fdc6f99d0e46853f060452ce91c32c30efc905ab9bfcea832830	Saffron perforated wedge silhouette with orange ivory stripes, long olive legs, and a fully integrated fixed LCD face in coarse square 3D modules.
nouns_classified_1973/B04-CUL__Culinary/noun-1247__head-pizza.png	B04-CUL__Culinary/aachat-forge-culinary-saffron-pizza-stripe-sentinel.png	c883e76f211c7f41198ee24dc19d0d13593042f2a9d490b5f499cabf8499ecf5	Level 4 reference reinterpretation preserving the saffron pizza-slice silhouette and black-orange-white striped limbs in coarse square 3D modules with the original face fully replaced by the fixed aachat LCD.
nouns_classified_1973/B04-CUL__Culinary/noun-1261__head-mug.png	B04-CUL__Culinary/aachat-forge-culinary-porcelain-steamloop-caretaker.png	f4967124d89b4d53139f7c8df8b269bb68043dc51db6945e25edf9b94e4682c1	White porcelain mug-shell caretaker with a block-built handle and curling steam, warm beige modular body, and the original glasses face fully replaced by the fixed cobalt-glow LCD.
nouns_classified_1973/B04-CUL__Culinary/noun-1270__head-noodles.png	B04-CUL__Culinary/aachat-forge-culinary-crimson-noodle-crown-porter.png	1fe7716a3150ffd32e5dad44e9f10b11797077e24ad68399cdfe680c10b4b26b	Reference-mode Level 4 noodle-bowl porter with crimson-and-porcelain coarse square modules, block-built noodle crown, green garnish, twin chopsticks, and fully integrated canonical LCD.
nouns_classified_1973/B04-CUL__Culinary/noun-1273__head-egg.png	B04-CUL__Culinary/aachat-forge-culinary-ivory-prism-shell-wanderer.png	a293ce8244265dcd663137eb711032e1932c350323632dba10e27d8108bad730	Stepped ivory egg-shell LCD dome with a compact rainbow-striped modular tunic and white block limbs.
nouns_classified_1973/B04-CUL__Culinary/noun-1282__head-ketchup.png	B04-CUL__Culinary/aachat-forge-culinary-scarlet-spout-citrus-tender.png	50c1c4cfa23dd44690cea160a251af931c6bf51a4cd58b524e76abf652abd9d1	Scarlet stepped ketchup-dispenser head with a fully integrated aachat LCD, green block tunic, and yellow citrus medallion.
nouns_classified_1973/B04-CUL__Culinary/noun-1291__head-taco-classic.png	B04-CUL__Culinary/aachat-forge-culinary-maize-lattice-taco-porter.png	4cceb3ad1685a48a153c2deac4ed416e24879c77c01e3c30aa88ead35f5e4e94	Golden maize taco-shell crown with lettuce and tomato modules, brick-red wrapper tunic, and fully integrated canonical LCD; regenerated once for wider full-body margins.
nouns_classified_1973/B04-CUL__Culinary/noun-1296__head-ketchup.png	B04-CUL__Culinary/aachat-forge-culinary-crimson-ketchup-brim-porter.png	a5a3c97d149eb7ba89b83065c97a6f560414f8478d6d7d0aae5553ca0458db4c	Crimson block-built ketchup porter with stepped squeeze-cap brim, pink trim, plum stripes, and a complete fixed-LCD face replacement.
nouns_classified_1973/B04-CUL__Culinary/noun-1306__head-ketchup.png	B04-CUL__Culinary/aachat-forge-culinary-ruby-nozzle-green-drop.png	5bfc957cf68788f14bfa4fa8765bd484006917728c95a2bd25b2f09f419db521	Reference-mode Level 4 ketchup-bottle attendant with a ruby stepped squeeze nozzle, deep-green modular bottle body, white drip motif, and the complete source face structurally replaced by the fixed aachat LCD.
nouns_classified_1973/B04-CUL__Culinary/noun-1307__head-mustard.png	B04-CUL__Culinary/aachat-forge-culinary-mustard-brim-column-keeper.png	2e39c1aa69b414c0ef412b076b8e543d88772ad9fa795a036e566974a85cf162	Mustard-yellow stepped brim and cap over a pale-gray column body; fixed aachat LCD fully replaces the source face in coarse square-module Level 4 construction.
nouns_classified_1973/B04-CUL__Culinary/noun-1312__head-ketchup.png	B04-CUL__Culinary/aachat-forge-culinary-vermilion-squeeze-spire-warden.png	c08e0c62d5c5a2a17fd4a7830e059442a0d29a28e4e72523ed0178d90bde56d0	Level 4 ketchup-dispenser warden with a vermilion bottle body, stepped nozzle spire, cream collar band, yellow chevron accent, fixed aachat LCD replacing the full source face, and consistent coarse square 3D modules.
nouns_classified_1973/B04-CUL__Culinary/noun-1325__head-garlic.png	B04-CUL__Culinary/aachat-forge-culinary-pearl-sprout-apron-tender.png	29a829d528e4cce37cfdb91916621a6327d513df5c1cf42a3a80fac5aba4ee4a	Pearl-white stepped garlic-bulb crown with two pale sprouts, fixed cobalt aachat LCD, warm oatmeal apron-tunic, restrained golden tile accents, and complete source-face replacement in coarse square Level 4 modules.
nouns_classified_1973/B04-CUL__Culinary/noun-1326__head-pie.png	B04-CUL__Culinary/aachat-forge-culinary-berry-lattice-cap-baker.png	33307f99e52fab42a5370d2b6144dbf55187ca7828b451baf62cdf1a40ac64cd	Broad berry-lattice pie cap, turquoise pleated collar, and warm orange cream baker apron translated into one-scale coarse square modules around the fully replaced 1.65:1 aachat LCD.
nouns_classified_1973/B04-CUL__Culinary/noun-1327__head-porkbao.png	B04-CUL__Culinary/aachat-forge-culinary-ivory-porkbao-pillar-keeper.png	3ba811d54e1e3491f6e2eaf714fdfa70f58d72572c6b1404b8757b706bcced02	Ivory pleated pork-bao crown with warm-yellow collar and pale-gray pillar body; source face fully replaced by the fixed cobalt LCD; coarse square modules throughout.
nouns_classified_1973/B04-CUL__Culinary/noun-1330__head-noodles.png	B04-CUL__Culinary/aachat-forge-culinary-ruby-broth-bowl-carrier.png	069c96cc34d374ce6ff95e227fb5869f37a485e8024bf1946f8b4634b8d82b73	Reference-mode noodle-bowl carrier with a broad porcelain-and-ruby rim, modular golden noodles, green scallions, paired chopsticks, an olive apron body, and complete source-face replacement by the fixed aachat LCD.
nouns_classified_1973/B04-CUL__Culinary/noun-1331__head-mustard.png	B04-CUL__Culinary/aachat-forge-culinary-saffron-mustard-spire-steward.png	e19593ad3946b7474669e5580e9b4809702ca4d36a523830e168dc2d9a18541f	Saffron mustard-dispenser steward with stepped squeeze-spire head, black formal coat, one gold chain medallion, fully replaced fixed LCD face, and broad white safety margins.
nouns_classified_1973/B04-CUL__Culinary/noun-1341__head-porkbao.png	B04-CUL__Culinary/aachat-forge-culinary-ivory-pleat-bluebelt-porter.png	438b0ca15aa683e94b615a0f164613f94893ba14ed22c2678d245e06115491ad	Ivory pork-bao silhouette with stepped wheat-gold pleats and a cobalt belt, rebuilt from consistent coarse square modules around the fixed integrated LCD.
nouns_classified_1973/B04-CUL__Culinary/noun-1361__head-macaroni.png	B04-CUL__Culinary/aachat-forge-culinary-golden-elbow-aqua-sash.png	ad15fb0dee27d6e291c327527101e42987322564c702b59d17c4923c5d370181	Golden upturned elbow-macaroni head structurally houses the fixed LCD; a chestnut coarse-module body retains the aqua-white diagonal sash.
nouns_classified_1973/B04-CUL__Culinary/noun-1362__head-cannedham.png	B04-CUL__Culinary/aachat-forge-culinary-rose-windup-ham-porter.png	527b4718b548bcc7cda78a4845363f8ae3ddb0455dfb25789173016269a0d78a	Rose wind-up canned-ham porter with a cobalt integrated LCD, checker-apron body, compact golden crank, and generous full-body white-space framing.
nouns_classified_1973/B04-CUL__Culinary/noun-1366__head-beer.png	B04-CUL__Culinary/aachat-forge-culinary-amber-foam-violet-brewer.png	68664ae495460ced56d68ea0eb0a54e4439323a9c286b07336399546372557ea	Amber beer-vessel head with stepped ivory foam crown and violet modular body; original face and glasses fully replaced by the fixed frontal LCD.
nouns_classified_1973/B04-CUL__Culinary/noun-1375__head-egg.png	B04-CUL__Culinary/aachat-forge-culinary-ivory-eggcap-twinband-keeper.png	89921a65d94b8c28b8b46e594c741c9846dc4decf0739dec596a5b4f232388a1	Stepped ivory eggcap keeper with emerald-cobalt twin bands; source eyes, glasses, and mouth fully replaced by the fixed frontal LCD.
nouns_classified_1973/B04-CUL__Culinary/noun-1381__head-cookie.png	B04-CUL__Culinary/aachat-forge-culinary-cocoa-cookie-bowtie-keeper.png	679de564261559741f70f372649a1915573c0eff947c814968d12407301df37d	Round cocoa cookie shell with sparse chocolate-chip modules, cream block body, sunny yellow bow tie, and fully integrated fixed LCD.
nouns_classified_1973/B04-CUL__Culinary/noun-1382__head-cotton-candy.png	B04-CUL__Culinary/aachat-forge-culinary-coral-floss-cloud-tender.png	c64a82f1b914280101d3cc28dd330bbf185f022bd0e5845258d1edaf78680071	Rose-pink stepped cotton-candy cloud head with integrated 28U×17U LCD, blank coral dispenser torso, cream module limbs, empty hands, and white top spindle.
nouns_classified_1973/B04-CUL__Culinary/noun-1386__head-egg.png	B04-CUL__Culinary/aachat-forge-culinary-ivory-eggshell-checker-keeper.png	0a0bbd40b747b078169cb0429702fb3bb059c65ed03190c4b128e73d835c1550	Ivory cracked-eggshell cafe keeper with black-white checker chest band, deep-green apron body, and fully integrated fixed LCD in coarse square 3D modules.
nouns_classified_1973/B04-CUL__Culinary/noun-1388__head-mustard.png	B04-CUL__Culinary/aachat-forge-culinary-amber-nozzle-drip-tender.png	585f847c9265765c85e8a38c273e59a561cfbc050ef837584405844ed7d7479f	Reference-mode Level 4 mustard-dispenser tender with a stepped amber nozzle crown, charcoal dripping smock, fixed frontal aachat LCD, consistent coarse square 3D modules, and generous full-body white margins; the source face was completely replaced.
nouns_classified_1973/B04-CUL__Culinary/noun-1393__head-sandwich.png	B04-CUL__Culinary/aachat-forge-culinary-toasted-sesame-jersey-bearer.png	0918d5834a1a945677ef7a34c4ae2b2d93bc677ec16d4855b2d2af3fad20d433	Reference-mode toasted sesame sandwich bearer with tomato, cheese, lettuce, green jersey banding, full structural LCD face replacement, and coarse square 3D modules.
nouns_classified_1973/B04-CUL__Culinary/noun-1394__head-shrimp-tempura.png	B04-CUL__Culinary/aachat-forge-culinary-golden-prawn-halo-steward.png	deebce0f1dffb572f44f77083fa7bfc21604d20691af57f15a31ea60f546c34d	Golden block-tempura halo and curled shrimp crest over a charcoal modular tunic; the source face is fully replaced by the fixed aachat LCD.
nouns_classified_1973/B04-CUL__Culinary/noun-1401__head-shrimp-tempura.png	B04-CUL__Culinary/aachat-forge-culinary-golden-shrimp-tail-page.png	673751324384d77b7be014f4dc920ecaba25c75477220303647988cd527dc7b8	Golden shrimp-tempura page with a breaded halo head, orange tail crest, multicolor patchwork tunic, fixed aachat LCD, and coarse square Level 4 modules.
nouns_classified_1973/B04-CUL__Culinary/noun-1407__head-bubblegum.png	B04-CUL__Culinary/aachat-forge-culinary-fuchsia-gumball-cross-bearer.png	02fa13f0014faf398557bd414e817e4b7db964b3c4eed8043dd4bdadedf52cb1	Fuchsia stepped gumball helmet with a white cross crest, turquoise side tabs, orange block suit, and a fully integrated frontal aachat LCD.
nouns_classified_1973/B04-CUL__Culinary/noun-1410__head-doughnut.png	B04-CUL__Culinary/aachat-forge-culinary-berry-glaze-hoop-courier.png	d1562ec10a7595b6db30398e6f48d14f2e41f1b90c860d0811d44af7433e062a	Bright pink frosted doughnut ring with sparse square sprinkles, turquoise accents, and brown-white striped courier body; source face fully replaced by the integrated fixed LCD.
nouns_classified_1973/B04-CUL__Culinary/noun-1422__head-egg.png	B04-CUL__Culinary/aachat-forge-culinary-speckled-egg-orange-walker.png	a1cc6ff6a837ebf78f36d2500060aa40560b366db3daeb1a3d986bbbab444406	Ivory speckled eggshell crown, white upright body, and warm orange modular accents rebuilt as coarse square 3D modules around the fixed LCD.
nouns_classified_1973/B04-CUL__Culinary/noun-1433__head-garlic.png	B04-CUL__Culinary/aachat-forge-culinary-ivory-garlic-checker-keeper.png	6831583839b2183aa06c8b28b64055c8a9bb1315b40c9dcd0377960492dc5e27	Ivory segmented garlic-bulb keeper with a crimson-integrated LCD frame and a black-and-rose checkerboard column tunic, built in coarse square modules.
nouns_classified_1973/B04-CUL__Culinary/noun-1434__head-cotton-candy.png	B04-CUL__Culinary/aachat-forge-culinary-blush-floss-spindle-tender.png	fb6dc64d2a34009d3ec76cdad5dc5c3f172b244b37e7d2b6f3275315f9e27c00	Blush spun-sugar cloud head with red dispenser torso and white spindle axle; original face fully replaced by the fixed cobalt LCD; uniform coarse square modules and generous full-body white clearance.
nouns_classified_1973/B04-CUL__Culinary/noun-1449__head-cherry.png	B04-CUL__Culinary/aachat-forge-culinary-cherry-checker-orchard-keeper.png	8d1f7978286a423efb36cf34aec062d0c77a1e2ed4d77ab1ccfe65fe30194c3d	Reference-mode Level 4 cherry-fruit head with green leaf crown and black-purple-white-cyan checker body; fixed 1.68:1 LCD, coarse square 3D modules, generous white margins; no Level 5.
nouns_classified_1973/B04-CUL__Culinary/noun-1450__head-cake.png	B04-CUL__Culinary/aachat-forge-culinary-blush-icing-candle-baker.png	2b79edb1357372baae40e9aff8027ee0326847431e0a5386cdda4db0d7529534	Blush-pink three-candle cake baker with pale checker sponge modules and a structurally integrated frontal aachat LCD.
nouns_classified_1973/B04-CUL__Culinary/noun-1451__head-coffeebean.png	B04-CUL__Culinary/aachat-forge-culinary-mahogany-bean-groove-scholar.png	d5a943f9c9a8145729b9387473191826b0dc034aaff375530edef23ab7fade25	Rounded mahogany split-bean module shell with a central groove, pale ice-blue modular scholar tunic, brown block limbs and shoes, and complete source-face replacement around the fixed aachat LCD.
nouns_classified_1973/B04-CUL__Culinary/noun-1456__head-blueberry.png	B04-CUL__Culinary/aachat-forge-culinary-azure-blueberry-stripe-tender.png	1b156b686dc3d23bd1bf957b87f0b59c81ff119b84ca75b0de009e3d16b8f16b	Reference-mode blueberry shell with dark crown nub, olive striped tender body, fixed front-facing aachat LCD, and coarse square Level 4 modules on a bright white full-body canvas.
nouns_classified_1973/B04-CUL__Culinary/noun-1467__head-porkbao.png	B04-CUL__Culinary/aachat-forge-culinary-ivory-pleated-bao-bearer.png	a3e8cd4ef94211650f35cc525721ed81482dd3785ef0e8014e69b4d3965791ca	Ivory steamed-bao shell with stepped pleated crest, restrained vermilion modular accents, fixed front-facing aachat LCD, and generous full-body white margin.
nouns_classified_1973/B04-CUL__Culinary/noun-1477__head-beer.png	B04-CUL__Culinary/aachat-forge-culinary-amber-foam-bluecoat-porter.png	e8134b48cefbd990ca6021a3fda8493dcf783951b72d03a6ae22202a37ba188a	Amber tankard porter with a foam crown, blue service coat, fully integrated aachat LCD, and consistent coarse square modules.
nouns_classified_1973/B04-CUL__Culinary/noun-1480__head-spaghetti.png	B04-CUL__Culinary/aachat-forge-culinary-tomato-pasta-cap-steward.png	0d88a76af27b1ee7fa3e35f3a253d58b5a61d558f6ea481c4734b5379f67fc7d	Reference-mode spaghetti-headed steward preserving the tomato-red pasta crown, dark bowl rim, green garnish, yellow tunic, and square color tiles; the original face was structurally replaced by the fixed frontal aachat LCD.
nouns_classified_1973/B04-CUL__Culinary/noun-1487__head-blueberry.png	B04-CUL__Culinary/aachat-forge-culinary-azure-berry-checker-gatherer.png	59d840af230c6ee557a38b2a663ba28f0cfaae9d197577428e6ece6218509044	Round azure blueberry head with a dark blue-green leaf accent and checker-panel body, rebuilt from coarse square 3D modules around the fixed frontal LCD.
nouns_classified_1973/B04-CUL__Culinary/noun-1490__head-pizza.png	B04-CUL__Culinary/aachat-forge-culinary-amber-slice-tunic-porter.png	1dc580865b8437c9da9de6e8386f4b0e5bb57ebeaed673ee91f51336a627dcba	Reference-mode amber pizza-slice tunic porter with a stepped golden cheese-and-red-topping head shell, fixed integrated frontal aachat LCD, complete source-face replacement, consistent coarse square modules, and generous white full-body margins.
nouns_classified_1973/B04-CUL__Culinary/noun-1496__head-cannedham.png	B04-CUL__Culinary/aachat-forge-culinary-salmon-ham-lid-sentinel.png	cb2c0d5835acc06c3e78aeaa6e93726375d5b27bd628506b5368864eccf99802	White enamel canned-ham sentinel with salmon ham crown, stepped brown pull-key lid, cobalt-violet band, and compact fixed LCD.
nouns_classified_1973/B04-CUL__Culinary/noun-1500__head-beet.png	B04-CUL__Culinary/aachat-forge-culinary-crimson-beet-checker-keeper.png	f5266658ca9db1af234b86e4f767ca47bcea24ac68828138b5195fc5b548f2f1	Crimson beet module head with green-purple sprout crown, ivory-black checker keeper body, and fully integrated fixed aachat LCD.
nouns_classified_1973/B04-CUL__Culinary/noun-1513__head-macaroni.png	B04-CUL__Culinary/aachat-forge-culinary-saffron-elbow-arch-porter.png	4ac40064dc84cfcfef8469452032a1a695ddc8c4b25a1b1104e9977bfd10df1c	Saffron macaroni-elbow arch structurally frames the fixed LCD above a compact russet block porter body; source face and red label removed.
nouns_classified_1973/B04-CUL__Culinary/noun-1519__head-spaghetti.png	B04-CUL__Culinary/aachat-forge-culinary-marinara-spaghetti-bowl-porter.png	5e533970f1412bfc2b8ce0f1bca760786a6515ba84743eb97f64d811df49fd30	Reference-mode Level 4 spaghetti-bowl porter with a dark chestnut bowl head, marinara noodle crown, green apron, fixed integrated LCD, and coarse square 3D modules.
nouns_classified_1973/B04-CUL__Culinary/noun-1525__head-cake.png	B04-CUL__Culinary/aachat-forge-culinary-rose-candle-tier-sentinel.png	db0cd0217f1ce4575cd331720b93ba7614f021ddd10db88c0b0ab2d658b26b34	Rose-frosted three-candle cake sentinel with checker trim, warm-ivory coarse square modules, and complete source-face replacement by the fixed aachat LCD.
nouns_classified_1973/B04-CUL__Culinary/noun-1528__head-cherry.png	B04-CUL__Culinary/aachat-forge-culinary-vermilion-cherry-badge-porter.png	6e443f63224e67891c7ab1bcf4c64573fb3e627df6b057830e9dd45c03d6899f	Vermilion cherry-head porter preserving the green stem and leaf plus ivory service tunic; source face fully replaced by the fixed 1.65:1 LCD, abstract red-gold checker tile, coarse square 3D modules, and generous full-body white margins.
nouns_classified_1973/B04-CUL__Culinary/noun-1530__head-cannedham.png	B04-CUL__Culinary/aachat-forge-culinary-coral-keyed-tin-warden.png	109432c4911357424ef3bd5e6a9cae232b6b1ced3e1d22cfb3f840e1122626fa	Coral canned-ham tin warden with a compact stepped key, cobalt-violet band, 28:17 fixed LCD, full face replacement, and coarse square Level 4 modules.
nouns_classified_1973/B04-CUL__Culinary/noun-1531__head-cannedham.png	B04-CUL__Culinary/aachat-forge-culinary-salmon-lid-winder-porter.png	831db30afdee962ecd7473fa49072fa1a3388fff3083585b4ecc092cc3e261d0	Reference-mode canned-ham porter with salmon enamel can shell, cobalt wrapper band, rust-brown block body, integrated bronze winding key, and fixed frontal aachat LCD.
nouns_classified_1973/B04-CUL__Culinary/noun-1533__head-blueberry.png	B04-CUL__Culinary/aachat-forge-culinary-cobalt-blueberry-checker-page.png	b3f0fa5bc8c6f3b020a20c14ee05f059723f38630d2be62ea8e925366ee9b592	Cobalt blueberry attendant preserving the rounded berry crown, indigo top dimple, black-and-white checker collar, and cool-gray uniform in coarse square Level 4 modules with a fully integrated fixed aachat LCD.
nouns_classified_1973/B04-CUL__Culinary/noun-1542__head-ketchup.png	B04-CUL__Culinary/aachat-forge-culinary-crimson-checker-spout-sentinel.png	9d7b8fea16b7a26b26952790321c882fa231d5122e625e8b3a017205f534d864	Preserved the source's scarlet stepped squeeze-spout crown, red rectangular bottle-head housing, and pink-green checkerboard body as consistent coarse square 3D modules; replaced the complete original face with the fixed front-facing aachat LCD.
nouns_classified_1973/B04-CUL__Culinary/noun-1552__head-porkbao.png	B04-CUL__Culinary/aachat-forge-culinary-ivory-porkbao-violet-apron.png	e643e7fb013d86ee055184a25d23772c372dc069b505e19c0ad61652ce655062	Ivory pleated pork-bao module shell with a charcoal-violet apron, inset violet bib panel, and fully replaced fixed cobalt LCD.
nouns_classified_1973/B04-CUL__Culinary/noun-1584__head-egg.png	B04-CUL__Culinary/aachat-forge-culinary-porcelain-egg-heart-steward.png	34dbac13e41fa651c7a56df90ff66c1e509c9acf9c573b127d18365ae50f4416	Porcelain eggshell heart steward preserving the source's high ivory dome, slim muted sage-gray tunic, and white chest-heart motif in coarse square 3D modules; original face and glasses fully replaced by the fixed frontal aachat LCD; Level 4 only.
nouns_classified_1973/B04-CUL__Culinary/noun-1592__head-sandwich.png	B04-CUL__Culinary/aachat-forge-culinary-rose-sandwich-pickle-porter.png	7a941e07b57989c08f80db9b19b437a1edb9735f2f8cf853df007e61566d9b76	Rose-tan sandwich porter with lettuce, tomato, cheese, top pickle garnish, cocoa tunic, and a fully integrated canonical LCD.
nouns_classified_1973/B04-CUL__Culinary/noun-1594__head-taco-classic.png	B04-CUL__Culinary/aachat-forge-culinary-crimson-taco-canopy-walker.png	62924adab0f0d76469af5d21544794f4f90fc4dfa8b2098af5dcee066124305e	Golden hard-shell taco canopy with green lettuce and warm filling modules, fixed cobalt-glow LCD, crimson block tunic, and sturdy full-body square-module construction.
nouns_classified_1973/B04-CUL__Culinary/noun-1596__head-egg.png	B04-CUL__Culinary/aachat-forge-culinary-ivory-egg-berry-apron.png	0d57e5ab14d50c4993c457a10f9a9874efbeb1135093c8b3b6c3391b57ab6cee	Ivory egg-shell LCD head with deep-green apron body and restrained red berry modules; coarse square Level 4 construction.
nouns_classified_1973/B04-CUL__Culinary/noun-1609__head-cheese.png	B04-CUL__Culinary/aachat-forge-culinary-saffron-curd-checker-steward.png	de0f72974f4938f6c0f8e1ec877cf3e8cde4902d2f98df2d4fc7456670330c89	Saffron cheese-wedge LCD steward with stepped block holes, raspberry checker tunic, restrained green seam accents, complete source-face replacement, and consistent coarse square 3D modules.
nouns_classified_1973/B04-CUL__Culinary/noun-1625__head-chilli.png	B04-CUL__Culinary/aachat-forge-culinary-vermilion-chilli-hook-walker.png	d454f13257d13ecc9fa6251b03e84139988ace0a58459bd4fa6cbe1efa1b145e	Reference mode Level 4; vermilion chilli-hook silhouette with green stem, fixed integrated LCD, coarse square 3D modules, and full-body white-background RGB master.
nouns_classified_1973/B04-CUL__Culinary/noun-1631__head-peanut.png	B04-CUL__Culinary/aachat-forge-culinary-toasted-peanut-shell-porter.png	247be357fec3bad2860f70b0e5b3ac13f848da4a88aacbca6878f3f1c2c8598a	Two-lobed toasted peanut-shell porter in brick-red block tunic; original face and text fully replaced by the fixed integrated aachat LCD.
nouns_classified_1973/B04-CUL__Culinary/noun-1632__head-mug.png	B04-CUL__Culinary/aachat-forge-culinary-porcelain-checker-handle-bearer.png	500878d7e026da3b266afd0452d98b2947662963c30c3a886c708841244b0d27	Reference mode Level 4; white porcelain mug head with integrated left handle, fixed LCD face, checker-apron body, and restrained red accent.
nouns_classified_1973/B04-CUL__Culinary/noun-1637__head-cherry.png	B04-CUL__Culinary/aachat-forge-culinary-vermilion-orchard-bowkeeper.png	7d86f90f01f34e96792ca3193bc9da00005d523759e6fcdeebc9b85462a3c81c	Vermilion cherry module head with stepped green leaf, fixed cobalt LCD, olive bow-tie tunic, and pale legs in coarse square 3D modules.
nouns_classified_1973/B04-CUL__Culinary/noun-1644__head-chilli.png	B04-CUL__Culinary/aachat-forge-culinary-crimson-chilli-crescent-tender.png	cad9c3c8ea0fb27d353f311a4d4d38f83cc31af2a358c85d24fedc53a59ee1a6	Scarlet chilli-crescent LCD hood with blocky green stem, charcoal apron body, and warm ochre limbs.
nouns_classified_1973/B04-CUL__Culinary/noun-1647__head-pineapple.png	B04-CUL__Culinary/aachat-forge-culinary-golden-frond-skycoat-keeper.png	515ea54bc4f4e101b8a34fb17fbfa64e266316d7553693a0d8c77f227b3ff5ea	Golden pineapple head with blocky green frond crown, pale sky-blue attendant coat, and fully integrated fixed aachat LCD.
nouns_classified_1973/B04-CUL__Culinary/noun-1648__head-beet.png	B04-CUL__Culinary/aachat-forge-culinary-ruby-beet-sprout-tender.png	372bb7b9c98958a62e5cbfa5d5c9a64fcb5142c9adc851a909eb3986ca3d95c0	Ruby-magenta beet shell with violet-green sprout crown, cyan angular sash, fully integrated fixed LCD, and consistent coarse square modules.
nouns_classified_1973/B04-CUL__Culinary/noun-1656__head-onion.png	B04-CUL__Culinary/aachat-forge-culinary-amber-onion-patchwork-keeper.png	ba44cf902efb4684ec23835c7e5503536d6d55e2924c534d8d7dadef8d9a34d9	Reference-mode Level 4 amber onion-ring keeper with a tiny stepped sprout crown, coral tunic, magenta patchwork tiles, coarse square 3D modules, and complete source-face replacement by the fixed aachat LCD.
nouns_classified_1973/B04-CUL__Culinary/noun-1659__head-nigiri.png	B04-CUL__Culinary/aachat-forge-culinary-salmon-rice-violet-tender.png	7552bde55f60b0ca19358758887400279b8f8a4959215b3b1df82d767936360f	Salmon nigiri rice-block head with integrated fixed LCD, violet square-pattern tunic, and coarse unified Level 4 modules.
nouns_classified_1973/B04-CUL__Culinary/noun-1663__head-doughnut.png	B04-CUL__Culinary/aachat-forge-culinary-pink-sprinkle-ring-porter.png	4a4c2332774a0018c092382173274f56b0def333d5f727a172a406326e36e084	Reference-mode Level 4 preserves the tan doughnut ring, vivid pink frosting with sparse multicolor sprinkles, and orange-white striped build while structurally replacing the original glasses and complete face with the fixed integrated aachat LCD.
nouns_classified_1973/B04-CUL__Culinary/noun-1665__head-pop.png	B04-CUL__Culinary/aachat-forge-culinary-saffron-confetti-box-porter.png	646f093bd90324fcad4fe32a8ee426e44369159d4a26528e4edc88a7e18ba76f	Golden and coral confetti cap over an olive vending-box steward, retaining the ivory inlay and red-green-blue controls with a fully integrated fixed LCD face.
nouns_classified_1973/B04-CUL__Culinary/noun-1670__head-beet.png	B04-CUL__Culinary/aachat-forge-culinary-garnet-beet-sun-keeper.png	12febac6f91859ffb5b187b74821a67bad95c66eb311c1cd062c5abadf258eb5	Reference-mode Level 4 beet keeper; garnet root head and twin sprout retained, source face fully replaced by fixed LCD, charcoal tunic with yellow sun motif, coarse square 3D modules.
nouns_classified_1973/B04-CUL__Culinary/noun-1676__head-pumpkin.png	B04-CUL__Culinary/aachat-forge-culinary-coral-pumpkin-lime-keeper.png	23e304d144dff72fdcaf42125c52e306b00f1f01631fa6a766ab9c3303859bcd	Compact coral pumpkin keeper with a short olive stem, straight magenta tunic, dark maroon modular limbs, sparse lime chest modules, and the original face fully replaced by the fixed frontal aachat LCD.
nouns_classified_1973/B04-CUL__Culinary/noun-1680__head-chilli.png	B04-CUL__Culinary/aachat-forge-culinary-carmine-hookstem-lace-sentinel.png	73602c5762bd75a5dcc8bfba62e3982d7ee9dbecf39645d7a60b40656af0b767	Carmine hooked chilli sentinel with a stepped green stem crest and charcoal laced torso; original face structurally replaced by the fixed blue-glow LCD.
nouns_classified_1973/B04-CUL__Culinary/noun-1687__head-pineapple.png	B04-CUL__Culinary/aachat-forge-culinary-citrine-rind-leaf-steward.png	a39b7cd80fb77ef552ce921d0520037596afe6bca00215474671d6de38e85472	Coarse citrine pineapple-rind steward with block leaf crown and fixed frontal LCD replacing the source face.
nouns_classified_1973/B04-CUL__Culinary/noun-1692__head-banana.png	B04-CUL__Culinary/aachat-forge-culinary-golden-banana-slate-warden.png	1c2807fc156f2aa399b235dd41096c085e85fa610883000568e2e7f3d141dab1	Golden banana-peel crown and raised side arcs structurally frame the fixed aachat LCD above a compact charcoal-and-slate coarse-module tunic body.
nouns_classified_1973/B04-CUL__Culinary/noun-1703__head-peanut.png	B04-CUL__Culinary/aachat-forge-culinary-sand-peanut-button-steward.png	b23305a525139cf38d97a71551a548ccaa42cfc28f4c9222407859a12c6490d2	Sand-toned twin-lobed peanut shell steward with charcoal modular coat and descending black square-button motif; original red face fully replaced by the fixed frontal cobalt-glow LCD.
nouns_classified_1973/B04-CUL__Culinary/noun-1704__head-pickle.png	B04-CUL__Culinary/aachat-forge-culinary-jade-crook-dimple-keeper.png	2d6e534101f690bc4d3fb34dc34a6be07ae630c534ffcf6baeaab876bf9d1497	Jade-green hooked pickle shell structurally houses the fixed LCD; lime rind dimples, mint collar, and sky-blue module body preserve the source design language.
nouns_classified_1973/B04-CUL__Culinary/noun-1713__head-milk.png	B04-CUL__Culinary/aachat-forge-culinary-cobalt-milk-carton-porter.png	ba7bc6d1bb0f3d0bc23084da51e0d79ea4b51d26a23f4a8a03de03f3114daa71	Cobalt milk-carton porter with gable-top block shell, red pour spout, navy-white stripes, and fully integrated fixed LCD.
nouns_classified_1973/B04-CUL__Culinary/noun-1715__head-pickle.png	B04-CUL__Culinary/aachat-forge-culinary-moss-gherkin-checker-porter.png	e57289e60d9b6e32db7b586530f20dbef533c13416e3611e47c730a4971febe4	Moss-green knobbled gherkin porter with a red-and-green checker tunic, fully rebuilt around the fixed cobalt-glow LCD in coarse square modules.
nouns_classified_1973/B04-CUL__Culinary/noun-1716__head-wine.png	B04-CUL__Culinary/aachat-forge-culinary-burgundy-goblet-sash-steward.png	075466379d63e12262d9dc69c35fd446c3baa49b61a5a09608cc7b6fa88c86db	Burgundy goblet-bowl head with pale-cyan rim and a white block tunic crossed by a yellow-to-purple mosaic sash; original face fully replaced by the fixed aachat LCD.
nouns_classified_1973/B04-CUL__Culinary/noun-1717__head-blueberry.png	B04-CUL__Culinary/aachat-forge-culinary-azure-berry-scarlet-apron.png	153ab62e980d3c34608bfa07633b2d29cc95d43fcadb4599117924a751b5d047	Reference mode Level 4; rounded azure blueberry module head with dark berry crown and scarlet apron; original face fully replaced by the fixed frontal cobalt-glow LCD.
nouns_classified_1973/B04-CUL__Culinary/noun-1723__head-icepop-b.png	B04-CUL__Culinary/aachat-forge-culinary-mint-berry-bowtie-porter.png	5ae0bfd1cd0013e18a9486c5e31a1c25cc1ab48bc5c4996c5445d022305a0902	Split mint and raspberry ice-pop porter with a pale vanilla band, short wooden side-stick, black module bow tie, stepped melt drips, and the source face fully replaced by the fixed aachat LCD.
nouns_classified_1973/B04-CUL__Culinary/noun-1735__head-potato.png	B04-CUL__Culinary/aachat-forge-culinary-olive-spud-sprout-porter.png	d1d3ae41a913d833ccdc7f17e2c2b59154ef21a5ec811da30e52e7627283c396	Reference mode: irregular olive-russet potato silhouette with a block sprout, cobalt-violet collar bands, bright green tunic, coarse square modules, and the original face fully replaced by the fixed aachat LCD.
nouns_classified_1973/B04-CUL__Culinary/noun-1740__head-burger-dollarmenu.png	B04-CUL__Culinary/aachat-forge-culinary-sesame-patty-counter-warden.png	f08b3af18cf665fe8751148eb56ac3934d1388921722bd0386c3700d897657f5	Sesame-bun and dark-patty head shell with warm cheese accents, compact red service-counter jacket, broad modular shoes, and the source face and branding fully replaced by the fixed frontal aachat LCD in consistent coarse square 3D modules.
nouns_classified_1973/B04-CUL__Culinary/noun-1741__head-burger-dollarmenu.png	B04-CUL__Culinary/aachat-forge-culinary-sesame-stack-apron-runner.png	0079ccc0a633aa2c0940e9f72e24769d214a1b9fc63de75d17c076940040967e	Reference-mode sesame burger-stack runner with a tan bun, brown patty, lime ingredient band, fixed aachat LCD, orange apron body, and consistent coarse square 3D modules.
nouns_classified_1973/B04-CUL__Culinary/noun-1743__head-beet.png	B04-CUL__Culinary/aachat-forge-culinary-crimson-beet-sprout-porter.png	9c2b4086c8afffebd1b81d3569b8831cbe3d02d50188b07f4a9b7754c8a38804	Reference-mode Level 4 beet-root porter preserving the crimson bulb, olive tunic, purple-green sprout, and mustard accent while structurally replacing the original face with the fixed aachat LCD.
nouns_classified_1973/B04-CUL__Culinary/noun-1744__head-milk.png	B04-CUL__Culinary/aachat-forge-culinary-rainbow-dairy-spout-courier.png	33d6e4a2bb1e655e62d84526d25992802f729391a43034a2aaf11b3de42aa840	Blue milk-carton courier with red folded spout, rainbow module bands, fixed integrated LCD, and generous full-body white margins.
nouns_classified_1973/B04-CUL__Culinary/noun-1745__head-cookie.png	B04-CUL__Culinary/aachat-forge-culinary-cocoa-crumble-snowflake-porter.png	984a142d34fd334fda291e5bd63be576586c839a263168a070a670d1489be1d3	Round cocoa-cookie crown with integrated fixed LCD, orange snowflake coat, and coarse square-module full-body construction.
nouns_classified_1973/B04-CUL__Culinary/noun-1749__head-cherry.png	B04-CUL__Culinary/aachat-forge-culinary-ruby-cherry-checker-sprout.png	70025aa15dc7816839a230da13faabb7d6832e845686414dbfb7c5f97e4edc18	Ruby-red modular cherry head with green block stem and leaf, fixed LCD face, and pink-cobalt checker body.
nouns_classified_1973/B04-CUL__Culinary/noun-1752__head-milk.png	B04-CUL__Culinary/aachat-forge-culinary-lavender-milk-tab-bearer.png	87a43f61061b3b2988f7c18d32a5f029482484107bd30ce24ca48fa7efbab7d4	Lavender milk-carton bearer with cobalt capped crown and spout, crisp white banding, and a restrained red top tab.
nouns_classified_1973/B04-CUL__Culinary/noun-1757__head-wine.png	B04-CUL__Culinary/aachat-forge-culinary-claret-goblet-olive-steward.png	1631c77127f380315ce3d5df2a23b5fb5126ebca9ecb83c5b179f89eef0d5b69	Pale aqua goblet-bowl LCD housing with claret inset, olive stem-body, ivory steward accents, and consistent coarse square modules.
nouns_classified_1973/B04-CUL__Culinary/noun-1769__head-chocolate.png	B04-CUL__Culinary/aachat-forge-culinary-emerald-chocolate-crown-courier.png	2c7493a1d34a58c2de86b74dfbdb0d97e96bd0749582ae758eaf927ea3479555	Emerald chocolate-dispenser courier with orange framing, cobalt side fittings, a stepped cocoa crown, and an integrated fixed LCD in coarse square 3D modules.
nouns_classified_1973/B04-CUL__Culinary/noun-1770__head-garlic.png	B04-CUL__Culinary/aachat-forge-culinary-pearl-clove-blueframe-steward.png	173c1910c136ba7bf63aaf99f1034cf41789f38de8fcb2d6d429f1336be5d344	Pearl-white garlic-bulb steward with a cobalt block LCD frame, charcoal formal modules, and a compact golden lapel accent; the original face is fully replaced by the fixed aachat LCD.
nouns_classified_1973/B04-CUL__Culinary/noun-1772__head-porkbao.png	B04-CUL__Culinary/aachat-forge-culinary-ivory-bao-mosaic-keeper.png	3e9ec09ea6682ea7878c7154adfb8e069c635a4c872673ea3f7e22b2cada7beb	Warm ivory steamed-bun shell with toasted pleat modules, a vermilion LCD rail, and a bold primary-color mosaic tunic, with the source face fully replaced by the fixed frontal aachat LCD.
nouns_classified_1973/B04-CUL__Culinary/noun-1777__head-watermelon.png	B04-CUL__Culinary/aachat-forge-culinary-ruby-rind-sky-stiltwalker.png	2514d3f6f153ba959876d9ccb7d6ade314366750babd80866ca80c7bab31e191	Ruby-red watermelon wedge and mint rind rebuilt as a coarse modular LCD head over a tall sky-blue stilt suit; source face fully replaced.
nouns_classified_1973/B04-CUL__Culinary/noun-1785__head-pie.png	B04-CUL__Culinary/aachat-forge-culinary-golden-lattice-crust-porter.png	adf87e3ad1dbc3c11f24e467f377fa4ac5492960b3cf98b5c8b3310093121f49	Reference-mode Level 4 pie-oven porter with golden crust shell, red lattice apron, cool-gray tin flanges, block steam, integrated fixed LCD, and compact pie-server.
nouns_classified_1973/B04-CUL__Culinary/noun-1800__head-shrimp-tempura.png	B04-CUL__Culinary/aachat-forge-culinary-golden-tempura-tail-bearer.png	10c30173e68e979863f7279533a233f387f039cb406e03e89235d5c94d6b7501	Reference-mode Level 4 golden tempura-shell bearer with an orange shrimp-tail crest, charcoal modular body, fixed integrated aachat LCD, and broad white full-body margins.
nouns_classified_1973/B04-CUL__Culinary/noun-1801__head-doughnut.png	B04-CUL__Culinary/aachat-forge-culinary-frosted-ring-sprinkle-porter.png	9313cd63debb009f9e40bb70237966d738899d52d0189efaf90b411c0e6a2b44	Pink frosted doughnut LCD halo with colorful sprinkles, orange porter tunic, cobalt cuffs, and blocky pink shoes.
nouns_classified_1973/B04-CUL__Culinary/noun-1815__head-cannedham.png	B04-CUL__Culinary/aachat-forge-culinary-salmon-blueband-tin-porter.png	30cb6f09ee2fb4887221f85230347a5d87ea4134933e6f14698a73b69661976a	Salmon-pink canned-ham tin porter with cobalt blue band, stepped winding key, dark-russet stacked body, and fully replaced integrated aachat LCD.
nouns_classified_1973/B04-CUL__Culinary/noun-1817__head-icepop-b.png	B04-CUL__Culinary/aachat-forge-culinary-mint-cream-berry-carrier.png	3eec025981a3b8f14a48210583faa8b50942b08aac71f4613b0167c9daba3699	Mint, vanilla-cream, and raspberry ice-pop carrier with a short wooden side stick, stepped melt details, compact dark-berry module body, and complete source-face replacement around the fixed aachat LCD.
nouns_classified_1973/B04-CUL__Culinary/noun-1821__head-pie.png	B04-CUL__Culinary/aachat-forge-culinary-raspberry-pie-trellis-porter.png	b08f8429af2d360b14375b0298b11d6c1f5b4c478617b17d9c9b6168a0acdba9	Berry-pie steward with a golden lattice-crust crown, raspberry finial, turquoise-coral wrapper collar, and black-cream trellis tunic rebuilt in one coarse square-module language around the fully face-replacing fixed aachat LCD.
nouns_classified_1973/B04-CUL__Culinary/noun-1824__head-cotton-candy.png	B04-CUL__Culinary/aachat-forge-culinary-pastel-floss-crown-porter.png	bcee2dd1f1b030ae4058f945c78030ba84109d8dbc4443b6cbe6f5ba581f4ff6	Pastel cotton-candy porter rebuilt in consistent coarse square modules; structural 1.65:1 aachat LCD fully replaces the source face; rainbow band and checker apron retain the source design language.
nouns_classified_1973/B04-CUL__Culinary/noun-1827__head-milk.png	B04-CUL__Culinary/aachat-forge-culinary-azure-straw-carton-tender.png	d64456930a536b41c4b1477bd1bf776ccf206a3f9ee53d3fd2e49ee0446c7173	Azure milk-carton tender with a red-white bent straw, pale-blue limbs, and black zigzag trim; the source face is fully replaced by the fixed aachat LCD.
nouns_classified_1973/B04-CUL__Culinary/noun-1829__head-peanut.png	B04-CUL__Culinary/aachat-forge-culinary-amber-peanut-stripe-keeper.png	07393220e4d956028847a1d448553bfa049fb0d6456bceb786dfa89c422b65a1	Warm amber peanut-shell modules structurally frame the LCD; dusty-rose and cream diagonal-stripe modulewear preserves the source motif.
nouns_classified_1973/B04-CUL__Culinary/noun-1833__head-icepop-b.png	B04-CUL__Culinary/aachat-forge-culinary-citrus-berry-twinpop-porter.png	b6594e5fc14dc67e5f98839928021498d78457f0cc40f96080d2043b9558ea0f	Split citrus-green and berry-magenta twin ice-pop porter with cream band, wooden stick, berry drip, plain wrapper body, and fully integrated fixed aachat LCD.
nouns_classified_1973/B04-CUL__Culinary/noun-1841__head-blueberry.png	B04-CUL__Culinary/aachat-forge-culinary-azure-blueberry-patch-scout.png	9b9b444c53e9c3f953c0cd324a2b8cc38fd9358b660a8ab4e4bcbaff10ac1a1e	Pale ice-blue blueberry scout with cobalt stepped crown, sparse magenta patches, and fixed frontal LCD.
nouns_classified_1973/B04-CUL__Culinary/noun-1847__head-coffeebean.png	B04-CUL__Culinary/aachat-forge-culinary-roasted-bean-magenta-barista.png	9c94eb39939b8a71937771cf09f97ece952ac49baa94363c41daebf0c65cab12	Reference-mode roasted coffee-bean barista with a central-groove bean shell, magenta side and wrist modules, cyan block tie, fixed square-eye LCD, and consistent coarse brown modules.
nouns_classified_1973/B04-CUL__Culinary/noun-1864__head-macaroni.png	B04-CUL__Culinary/aachat-forge-culinary-golden-macaroni-arch-keeper.png	32b2cc253f6324319655d7050e3be06da285b99c93105def9c38dd2446f5b7b5	Golden macaroni arch head shell with cream block body and restrained green belt; source face and text fully replaced by the fixed aachat LCD.
nouns_classified_1973/B04-CUL__Culinary/noun-1866__head-potato.png	B04-CUL__Culinary/aachat-forge-culinary-umber-potato-ivory-smock.png	76a9ee15642baf4a98a099b78ada252abf22b2af708c839127ed5c7aa71e57bb	Reference-mode Level 4 potato guardian with a stepped russet module head, integrated fixed LCD, ivory smock body, and generous full-body white margins.
nouns_classified_1973/B04-CUL__Culinary/noun-1872__head-pumpkin.png	B04-CUL__Culinary/aachat-forge-culinary-crimson-stem-aqua-apron.png	8207053fcb664faa884eed2d46d25eaba1971df04904cd8ca989255fcb960eda	Crimson stepped pumpkin shell with one olive stem and a pale icy-aqua apron; source face marks and torso glyph were removed and replaced by the fixed front-facing LCD in coarse square modules.
nouns_classified_1973/B04-CUL__Culinary/noun-1880__head-icepop-b.png	B04-CUL__Culinary/aachat-forge-culinary-mint-berry-split-pop.png	cef44c73361ce3987cb3e755c8ce4ab68d7a996e2c432714f92d4b73bb4093b7	Split mint-and-raspberry ice-pop head shell with cream cap, integrated wooden side tab, orange-cream modular body, and complete source-face replacement around the fixed aachat LCD.
nouns_classified_1973/B04-CUL__Culinary/noun-1891__head-hotdog.png	B04-CUL__Culinary/aachat-forge-culinary-scarlet-frank-goldchain-steward.png	682bc5ee40242a626402882e6eacf482d7004083d69329db5aac6be355dac9cd	Level 4 hotdog steward with a tan bun frame, scarlet sausage crest, mustard modules, black formal tunic, and geometric gold chain; original face fully replaced by the fixed aachat LCD.
nouns_classified_1973/B04-CUL__Culinary/noun-1897__head-cotton-candy.png	B04-CUL__Culinary/aachat-forge-culinary-blush-sugar-cloud-tender.png	2ac27efa02a91385aa41457fcbfd155977c3ccca0f36704c58f1f81af8c88438	Blush spun-sugar cloud with integrated fixed LCD, white confection stick, violet candy-dispenser torso, and colorful modular candy window.
nouns_classified_1973/B04-CUL__Culinary/noun-1898__head-ketchup.png	B04-CUL__Culinary/aachat-forge-culinary-scarlet-nozzle-apron-sentinel.png	697a47b9dfe32de4e49f9fab390d78a3e5742aab3973dec4bad757c6414f48c8	Stepped scarlet squeeze-nozzle bottle sentinel with charcoal apron torso, ivory legs, and fully integrated cobalt-glow LCD.
nouns_classified_1973/B04-CUL__Culinary/noun-1902__head-steak.png	B04-CUL__Culinary/aachat-forge-culinary-scarlet-tbone-bluecoat-steward.png	ce06db40cc8cf83eb7269fb8cde5e2ce07674389e31a64c941e8a76a1f942f34	Reference-mode Level 4 scarlet T-bone medallion head with ivory fat rim and pale bone seam framing a fully replaced fixed LCD, cobalt-blue coat body, and consistent coarse square 3D modules.
nouns_classified_1973/B04-CUL__Culinary/noun-1906__head-cheese.png	B04-CUL__Culinary/aachat-forge-culinary-golden-cheese-wedge-porter.png	96de62bbae8a6ff98455f66a259fbb093148db59c8beadea728af669a384f87e	Golden perforated cheese-wedge head shell, slim saffron modular uniform, magenta geometric accents, complete source-face replacement by the fixed aachat LCD, and consistent coarse square Level 4 modules.
nouns_classified_1973/B04-CUL__Culinary/noun-1910__head-cookie.png	B04-CUL__Culinary/aachat-forge-culinary-cocoa-chip-scarf-keeper.png	b4ade2025ecf76b09d9effccb002b5070b9bb30bca2b265429f9cd7320a69ae5	Reference-mode Level 4 cocoa-chip cookie scarf keeper with a stepped brown chip-studded head shell, raspberry modular tunic and scarf, cyan block limbs, and complete source-face replacement around the fixed aachat LCD.
nouns_classified_1973/B04-CUL__Culinary/noun-1914__head-beer.png	B04-CUL__Culinary/aachat-forge-culinary-amber-froth-barrel-porter.png	38622dbdcf7ea9d02108e052f7ad820c2bd84948793a906c00d993e6c9424b13	Reference-mode Level 4 amber beer-vessel porter with a stepped cream foam crown, warm amber modular mug shell, red banded barrel torso, compact limbs, and complete source-face replacement around the fixed aachat LCD.
nouns_classified_1973/B04-CUL__Culinary/noun-1920__head-banana.png	B04-CUL__Culinary/aachat-forge-culinary-golden-peel-tunic-bearer.png	c7bd955d965e9e81ae82f5cb0276d25991a79135586bd10bbf3cf4db85489c13	Golden banana-peel crown and outward peel silhouette, warm-beige block tunic, fully replaced fixed cobalt LCD, coarse square modules with generous full-body white margins.
nouns_classified_1973/B04-CUL__Culinary/noun-1922__head-blueberry.png	B04-CUL__Culinary/aachat-forge-culinary-cobalt-blueberry-buckle-rover.png	b3f47df157f77268a583e4394ccf19968a2e9ac6eb1eaa838417787c7c0bdf5b	Cobalt blueberry orb with indigo crown, crimson modular knit suit, white collar, and gold buckle; source face fully replaced by fixed LCD.
nouns_classified_1973/B04-CUL__Culinary/noun-1934__head-pumpkin.png	B04-CUL__Culinary/aachat-forge-culinary-scarlet-pumpkin-band-porter.png	5ee8b7892cfb236524d142797482975f0fafa0f9e0f360483b743b7eb0cf228f	Scarlet modular pumpkin-box porter with olive stem and hands, black waist band, slim legs, and complete fixed-LCD face replacement.
nouns_classified_1973/B04-CUL__Culinary/noun-1937__head-mustard.png	B04-CUL__Culinary/aachat-forge-culinary-golden-mustard-canister-warden.png	84be6b4e985bb24b4a7b77b00bd3b371d77e723c2a31119a70e87f50ac2f6fd4	Golden stepped mustard crown, olive canister body, restrained magenta service bands, matching modular condiment tray, and complete source-face replacement around the fixed aachat LCD.
nouns_classified_1973/B04-CUL__Culinary/noun-1942__head-nigiri.png	B04-CUL__Culinary/aachat-forge-culinary-salmon-rice-sash-keeper.png	bb33f2e1accd03b2d31784e7520eef384910e71f602ac0a5182d5228e79e22ae	Salmon-orange nigiri shell and ivory rice housing rebuilt in coarse square modules around the fixed LCD, with the source's warm orange outfit and simple golden sash retained as design anchors.
nouns_classified_1973/B04-CUL__Culinary/noun-1943__head-hotdog.png	B04-CUL__Culinary/aachat-forge-culinary-violet-frank-bottle-page.png	8fdff46a52f2af038bdf50e7151eddfe52b94006ed27806e4b7ec6514ed5bde3	Reference-mode Level 4 hot-dog page with a tall toasted bun and scarlet sausage crown, yellow mustard tiles, violet service tunic, integrated ivory squeeze-bottle chest panel, complete fixed-LCD face replacement, coarse square 3D modules, and generous full-body white margins.
nouns_classified_1973/B04-CUL__Culinary/noun-1949__head-steak.png	B04-CUL__Culinary/aachat-forge-culinary-crimson-marrow-grill-porter.png	2323faf885b6c95f27e7d44ade99f29fb43159deacc310c54f949c4a20184553	Level 4 Reference mode: crimson steak-slab grill porter with pale fat rim, top T-bone stripe, paprika apron, charcoal block limbs, and fully integrated fixed LCD.
nouns_classified_1973/B04-CUL__Culinary/noun-1953__head-chilli.png	B04-CUL__Culinary/aachat-forge-culinary-vermilion-chilli-blackband-guardian.png	7ec497e401991515c9c90f070cbd1a3aa980aa19bbbe2894721982fef8cb483a	Reference-mode Level 4 vermilion chilli guardian with a swept pepper crest, green stem, black modular bands, white shin accents, and complete source-face replacement by the fixed front-facing cobalt-glow LCD.
nouns_classified_1973/B05-MEC__Machine/noun-0005__head-chainsaw.png	B05-MEC__Machine/aachat-forge-machine-sawtooth-timber-engine.png	cf1bd3bac8b84013cd69dc16ab25af97b4805bf632e31ef43a83aae5119d0289	Legacy Level 4 pilot completed before the 1,969-image batch.
nouns_classified_1973/B05-MEC__Machine/noun-0011__head-cash-register.png	B05-MEC__Machine/aachat-forge-machine-rainbow-till-ledger-keeper.png	5413cf123d0d379def5bb16d55000df79f7b5ad26f36c7ffd904f177ad77e4ed	Reference-mode cash-register clerk with solid blue till crown, fixed single LCD, and coarse rainbow checker modules.
nouns_classified_1973/B05-MEC__Machine/noun-0014__head-camcorder.png	B05-MEC__Machine/aachat-forge-machine-citrine-viewfinder-checker-courier.png	c65eb76baa01babaaaf5960adc5b8eb03a1cfe2be335af16a4411e24aafd134f	Citrine-framed camcorder courier with charcoal side optics and a magenta-cyan checker module jacket; original face fully replaced by the fixed aachat LCD.
nouns_classified_1973/B05-MEC__Machine/noun-0018__head-calculator.png	B05-MEC__Machine/aachat-forge-machine-ivory-keypad-blueframe-clerk.png	3f378ea9bd26675765001c423bff44c702137f0e3492f0b466cc487464ca49f2	Reference-mode Level 4 calculator clerk with warm-ivory keypad torso, red and green accent keys, cobalt-violet block chassis, and complete fixed-LCD face replacement.
nouns_classified_1973/B05-MEC__Machine/noun-0021__head-fan.png	B05-MEC__Machine/aachat-forge-machine-scarlet-rotor-pedestal.png	45f2e20e7df6353a330e2995f5b05f5fcdd6379019757b70047aedb19f693752	Scarlet rotor-pedestal attendant with a porcelain-white stepped fan shroud, graphite rotor geometry, amber control accent, and fully replaced fixed aachat LCD.
nouns_classified_1973/B05-MEC__Machine/noun-0025__head-taxi.png	B05-MEC__Machine/aachat-forge-machine-amber-roof-cab-runner.png	ceb231878187674a1df107025c5603898a1689bf3cdc06d5eff8b033e24c585a	Reference-mode taxi runner with an amber cab-roof shell, azure glazing, green belt, orange lower body, fixed LCD, and coarse square modules.
nouns_classified_1973/B05-MEC__Machine/noun-0030__head-laptop.png	B05-MEC__Machine/aachat-forge-machine-violet-keyboard-signal-bearer.png	e03bbc8e6488ee98af6a19fda78b6087f71cb3d73c01d21fa831c68d0f50f7f1	Graphite laptop-shell signal bearer with keyboard ridge, violet coarse-module body, amber pixel-burst motif, and the original face fully replaced by the fixed aachat LCD.
nouns_classified_1973/B05-MEC__Machine/noun-0032__head-skilift.png	B05-MEC__Machine/aachat-forge-machine-scarlet-cable-cabin-porter.png	f46fcca7ed2d80e6810ed680a2c0ff84dd97766726dead472be76bcd297ed7cb	Scarlet gondola-cabin head with a compact overhead cable grip, cream trim, olive-brown ribbed porter body, fixed aachat LCD, coarse square 3D modules, and generous full-body white margins.
nouns_classified_1973/B05-MEC__Machine/noun-0037__head-washingmachine.png	B05-MEC__Machine/aachat-forge-machine-lime-drum-spotted-launderer.png	f65e86a2cbfa16a87d754c92e9f43856ed6902ce9974d408472064feae261e86	Pale cabinet-headed laundry character with lime controls, orange spotted block tunic, integrated hose prop, and complete fixed aachat LCD face replacement.
nouns_classified_1973/B05-MEC__Machine/noun-0073__head-rangefinder.png	B05-MEC__Machine/aachat-forge-machine-scarlet-sightline-surveyor.png	d2a557b6c26dee86e1cf35b221b87e877f7104ee0e9b2ad9cafd4888623d0bc9	Broad cool-gray rangefinder housing with calibrated cobalt-scarlet torso bands and a structurally integrated fixed aachat LCD.
nouns_classified_1973/B05-MEC__Machine/noun-0077__head-calculator.png	B05-MEC__Machine/aachat-forge-machine-ivory-keypad-spectrum-clerk.png	319042853c0a5a694e61d312dea50409620d4e9133cd30391890a5d673a6d12d	Ivory calculator shell rebuilt around the fixed cobalt LCD, with emerald keypad tiles, checkerboard vest, spectrum bands, coarse square modules, and complete full-body white-background framing.
nouns_classified_1973/B05-MEC__Machine/noun-0083__head-toaster.png	B05-MEC__Machine/aachat-forge-machine-copper-slot-steward.png	69a1a7a85534b5e5d13742be96e9f837ba049d1d32dcf6bcd7534206a8323406	Warm beige toaster shell, copper twin-slot crown, charcoal side lever, plain service torso, and sturdy modular limbs rebuilt around the fixed aachat LCD.
nouns_classified_1973/B05-MEC__Machine/noun-0087__head-mixer.png	B05-MEC__Machine/aachat-forge-machine-magenta-console-mixer.png	dba7528f8b645cfd3f6a81e8b85f0522b3b6772f41d63203e60e5f214c9a7f5c	Reference-mode magenta mixer-console worker with crown indicators and side control bank; original face fully replaced by the fixed aachat LCD in coarse square 3D modules.
nouns_classified_1973/B05-MEC__Machine/noun-0089__head-console-handheld.png	B05-MEC__Machine/aachat-forge-machine-olive-screen-brick-porter.png	23aff406dad72e1c27a607fd7f9e5f6cf200c107bd77b1b451d8fa36449d02cf	Olive handheld-console porter with cream controls, coral buttons, rust-red brick chassis, fixed frontal cobalt-glow LCD, and coarse square Level 4 modules.
nouns_classified_1973/B05-MEC__Machine/noun-0118__head-skilift.png	B05-MEC__Machine/aachat-forge-machine-carmine-gondola-track-tender.png	59a7e5d5978f549da78cfd26f3cf28ec29b47ec3be59629008f20e89f5905a54	Scarlet gondola cabin with cobalt side panels, yellow-ivory lattice limbs, and an integrated black overhead track crest, rebuilt in consistent coarse square modules around the fixed aachat LCD.
nouns_classified_1973/B05-MEC__Machine/noun-0123__head-crt-bsod.png	B05-MEC__Machine/aachat-forge-machine-cobalt-crash-console-walker.png	4177a8ec3a6a49551a78fb264b8fe92accc31e07d74f92b67b3eedac79e1b71e	Ivory stepped CRT cabinet with a cobalt crash-console LCD, amber chassis bands, side ventilation fins, sparse red diagnostic blocks, and complete source-face replacement around the fixed aachat LCD.
nouns_classified_1973/B05-MEC__Machine/noun-0130__head-fan.png	B05-MEC__Machine/aachat-forge-machine-ivory-rotor-yellowcoat-steward.png	1871db53f4d263217774d147c8094b36f7a83136fc01ed666b360a3c4dccc19c	Ivory radial fan-cowl rebuilt around the fixed LCD, with a bright yellow service coat and restrained warm-brown mechanical fasteners.
nouns_classified_1973/B05-MEC__Machine/noun-0138__head-cash-register.png	B05-MEC__Machine/aachat-forge-machine-violet-checkout-drawer-clerk.png	b64a10564656e49cfe44ca8950ab65b0bff952d2efb43361525c5f2b15898225	Violet cash-register clerk with a structurally integrated fixed LCD, stepped checkout housing, lime control accents, and a coarse block-built Level 4 body.
nouns_classified_1973/B05-MEC__Machine/noun-0144__head-cash-register.png	B05-MEC__Machine/aachat-forge-machine-graphite-receipt-key-clerk.png	2ebc9f78f6184545655c1adfc86e976ea356fa44fb52f6129af42b4e2ead3de8	Graphite cash-register clerk with stepped receipt housing, sparse keypad torso, restrained multicolor keycaps, and a structurally integrated fixed LCD.
nouns_classified_1973/B05-MEC__Machine/noun-0145__head-taxi.png	B05-MEC__Machine/aachat-forge-machine-citrine-taxi-canopy-courier.png	bf6ba1334d5256dd36be87c50e58624ef643b6c4fce4c70291a7f61a67c363cc	Stepped citrine taxi canopy, cyan windshield blocks, brown meter-body, lime and cream checker accents, fixed aachat LCD.
nouns_classified_1973/B05-MEC__Machine/noun-0156__head-chipboard.png	B05-MEC__Machine/aachat-forge-machine-jade-circuit-slate-walker.png	504d21f58bbf8f66c96d4dd419e75127beedc7bebc0ada5537a97ca98e619a09	Jade circuit-slate walker preserving the source PCB head, colored component bars, charcoal legs, and violet center stripe, rebuilt in coarse square modules around the fixed aachat LCD.
nouns_classified_1973/B05-MEC__Machine/noun-0163__head-ufo.png	B05-MEC__Machine/aachat-forge-machine-cobalt-saucer-signal-envoy.png	5269026731005b82ffcfc3a443a7ad38a67d2870991dbbed9083858c1ed5a74f	Compact yellow signal envoy with broad magenta saucer rim, stepped cobalt dome, tiny mast, and the source face fully replaced by the fixed aachat LCD in coarse square 3D modules.
nouns_classified_1973/B05-MEC__Machine/noun-0165__head-snowmobile.png	B05-MEC__Machine/aachat-forge-machine-arctic-track-cabin-runner.png	e697dfef2563172b16827abe74197cde0c6c218698de11e07cc218fe0f746cfa	White modular arctic courier with black track undercarriage, amber cabin accents, cobalt fins, and a fully integrated fixed LCD.
nouns_classified_1973/B05-MEC__Machine/noun-0173__head-washingmachine.png	B05-MEC__Machine/aachat-forge-machine-porcelain-drum-launderer.png	7d8323afe740b88799e35af2b88a24609b2c722c5084a14c58226b1eff3174db	Porcelain drum launderer preserves the source's boxy white washing-appliance head, mint trim, dark plum-charcoal cabinet body, colorful tumbling-laundry torso mosaic, and black hose geometry as coarse square 3D modules while fully replacing the original face with the fixed integrated aachat LCD.
nouns_classified_1973/B05-MEC__Machine/noun-0189__head-skateboard.png	B05-MEC__Machine/aachat-forge-machine-lime-deck-rail-rider.png	e90e5e5a366bd29e722edd74b98ef9a620b675ee0fb26564cf1b8c4012989ca9	Broad lime capsule LCD head with magenta bumpers, slim olive modular body, and a diagonal black skateboard.
nouns_classified_1973/B05-MEC__Machine/noun-0205__head-ufo.png	B05-MEC__Machine/aachat-forge-machine-neon-saucer-stripe-navigator.png	45fe05d174ae3d63226d4d6bd4ff45ac0241feeb0a85b6d54e31bd37f1e99576	Retro UFO navigator with a stepped hot-pink saucer rim, cobalt dome and antenna, rainbow module body, and fully replaced integrated aachat LCD.
nouns_classified_1973/B05-MEC__Machine/noun-0206__head-turing.png	B05-MEC__Machine/aachat-forge-machine-crimson-tape-lattice-automaton.png	3a55b782c796affb9f832eec4257acbd4841d1ddd8e2a83bf34bb289e498f0de	Crimson tape-lattice computation automaton with ivory register bars and a muted green block apron; original face fully replaced by the fixed frontal aachat LCD.
nouns_classified_1973/B05-MEC__Machine/noun-0214__head-bomb.png	B05-MEC__Machine/aachat-forge-machine-charcoal-fuse-casing-sentinel.png	2862ab518806df55f1dd3174e274d105385d84c8ba38503c81c5dcc1550cb20c	Compact charcoal fuse-casing sentinel with a stepped bomb-shell head, segmented ember fuse, sparse magenta rails, and the original face fully replaced by the fixed frontal aachat LCD.
nouns_classified_1973/B05-MEC__Machine/noun-0230__head-robot.png	B05-MEC__Machine/aachat-forge-machine-magenta-panel-relay-warden.png	1a6210c08dac01322f39d6ad7dec754d28d414b70aaaef65e42212cf54a507e9	Boxy gray relay warden with charcoal side blocks, restrained magenta panel accents, and a structurally integrated aachat LCD, rebuilt from consistent coarse square modules.
nouns_classified_1973/B05-MEC__Machine/noun-0231__head-cordlessphone.png	B05-MEC__Machine/aachat-forge-machine-sand-handset-stripe-runner.png	209b5735df2c78cae7824086bbe5df5763ebadef932a3c8bb8ba7c30e82c43de	Sand-beige cordless-handset runner with coral controls, black side terminals, magenta and deep-green modular stripes, and complete source-face replacement around the fixed aachat LCD.
nouns_classified_1973/B05-MEC__Machine/noun-0239__head-toaster.png	B05-MEC__Machine/aachat-forge-machine-coral-slot-column-porter.png	1579fce6aac5e373a5b4747fec95809182a93f2d5a5a6ad8e118f74c822bd3f9	Warm tan toaster-slot crown and graphite side lever above a coral column porter body, with the original face fully replaced by the fixed aachat LCD and one consistent coarse square 3D module scale.
nouns_classified_1973/B05-MEC__Machine/noun-0240__head-ufo.png	B05-MEC__Machine/aachat-forge-machine-cobalt-rose-orbit-pilot.png	86501e85704b299c9dd4fdffc3baa7058e1a5b30721383e5fb7734179ab077b8	Reference-mode Level 4 UFO orbit pilot: source cobalt dome and hot-rose saucer silhouette retained as coarse square modules, complete original face and snowflake replaced by the fixed integrated aachat LCD, with a full-body cobalt chassis and generous white margins.
nouns_classified_1973/B05-MEC__Machine/noun-0241__head-chipboard.png	B05-MEC__Machine/aachat-forge-machine-turquoise-circuit-tile-caretaker.png	36e2ca84f323870d66366f07975233a916c353ece2cf635fafaff597a92308a2	Turquoise circuit-board caretaker with cream traces, amber contacts, black checker-grid body, fully replaced integrated fixed aachat LCD, and consistent coarse square Level 4 modules.
nouns_classified_1973/B05-MEC__Machine/noun-0254__head-taxi.png	B05-MEC__Machine/aachat-forge-machine-saffron-cab-visor-porter.png	abfbe463ad9411e087163b9485f83d426cf61078e3ca29bf853efa4404deddb4	Yellow taxi-cab canopy and blue windshield language rebuilt as a coarse modular porter with the original face fully replaced by the fixed aachat LCD.
nouns_classified_1973/B05-MEC__Machine/noun-0257__head-chipboard.png	B05-MEC__Machine/aachat-forge-machine-mint-circuit-mosaic-tender.png	c68bc46fc5709a476f1be4dbcc6bceed0b2e7c44187ba26736b104d5e2fe22b7	Mint circuit-board chassis with magenta and cyan component tiles and a red-blue routed-panel torso, rebuilt as one full-body coarse-module tender around the fixed aachat LCD.
nouns_classified_1973/B05-MEC__Machine/noun-0261__head-plane.png	B05-MEC__Machine/aachat-forge-machine-orange-wing-canopy-pilot.png	dd8e1bfd43d62ca31cebca3420e981bb31f556f90b536ddd9f966929e7e4fa0b	Orange flight-courier with a tall block torso, short teal wings, magenta LCD housing, and white aircraft crown; source face fully replaced by the fixed aachat LCD.
nouns_classified_1973/B05-MEC__Machine/noun-0301__head-chipboard.png	B05-MEC__Machine/aachat-forge-machine-mint-chipboard-slate-steward.png	8a91dc0120998c1a44ff1d383e6facf2cd60bda14d35d74ac56903f946156729	Level 4 walking chipboard terminal steward; pale mint and ivory motherboard head with gold edge contacts, integrated fixed LCD, consistent coarse square modules, and generous full-body white margins.
nouns_classified_1973/B05-MEC__Machine/noun-0309__head-robot.png	B05-MEC__Machine/aachat-forge-machine-scarlet-terminal-crown-operator.png	3a1ded8f7853feda0c5062cfefbbb0a13333f165ca63d5abe971a88ac3566689	Scarlet terminal operator with charcoal stepped crown and side relay modules; original face fully replaced by the fixed aachat LCD.
nouns_classified_1973/B05-MEC__Machine/noun-0331__head-cordlessphone.png	B05-MEC__Machine/aachat-forge-machine-sand-cordless-keypad-runner.png	6f4d1f46b6c19d6763c21aedd124152b2384a01cf6333e75f73b097819044226	Sand cordless-phone runner with a brick-red handset band, charcoal antenna details, keypad chest modules, and complete LCD face replacement.
nouns_classified_1973/B05-MEC__Machine/noun-0348__head-turing.png	B05-MEC__Machine/aachat-forge-machine-vermilion-grid-relay-keeper.png	6ff2c8c6c569b807823d9d9f4cfd8e290ecd957a39022b60b831c2405c726871	Vermilion grid relay keeper; source cage lattice and pedestal silhouette preserved as coarse red/gray modules, original face fully replaced by fixed frontal LCD.
nouns_classified_1973/B05-MEC__Machine/noun-0355__head-laptop.png	B05-MEC__Machine/aachat-forge-machine-slate-laptop-keyboard-walker.png	a93608d49bcde20be8f4790767e47ae087e02b64b35ce94d421d51fa3a47e271	Slate-gray laptop silhouette rebuilt as a coarse modular keyboard walker with a dark-navy body and fully integrated fixed cobalt LCD.
nouns_classified_1973/B05-MEC__Machine/noun-0358__head-skateboard.png	B05-MEC__Machine/aachat-forge-machine-lime-deck-signal-rider.png	39173ba56b2a82bda16a208826da292a3ed6e34a6eb6870685544b1d5f2d5dea	Lime skateboard-deck head with magenta corner modules, a plain purple block body, and an integrated fixed cobalt LCD.
nouns_classified_1973/B05-MEC__Machine/noun-0362__head-mixer.png	B05-MEC__Machine/aachat-forge-machine-graphite-slider-deck-operator.png	7be228a7aaed89617986a7a4540754fa236389cac23554d46be8ea2158e1223a	Reference-mode Level 4 graphite mixing-console operator with coarse square modules, orange faders, and the canonical LCD face.
nouns_classified_1973/B05-MEC__Machine/noun-0363__head-chainsaw.png	B05-MEC__Machine/aachat-forge-machine-graphite-sawcrest-rose-logger.png	6e011691f6e85f6ea5acff4c15ad2f5898abc45f6804fed69e7738e4bbfa6a9f	Broad graphite chainsaw-carriage head with stepped saw teeth, fixed LCD, and rose-white striped block worker body.
nouns_classified_1973/B05-MEC__Machine/noun-0367__head-robot.png	B05-MEC__Machine/aachat-forge-machine-graphite-magenta-circuit-bearer.png	12c0929c141161c4ce445ce93bf5d543e64b4e905519321f517478a871eabf80	Reference-mode Level 4 machine: broad vented graphite head rebuilt around the fixed LCD, cobalt modular chassis, magenta circuit inlays, full-body coarse square modules on white.
nouns_classified_1973/B05-MEC__Machine/noun-0375__head-console-handheld.png	B05-MEC__Machine/aachat-forge-machine-olive-pocket-console-rover.png	c885112adc972f930d0557fe7bb764d7e15b550869faa348b18478cc5596bd13	Olive-and-ivory handheld-console rover with red trim, blue controls, and a structurally integrated fixed LCD.
nouns_classified_1973/B05-MEC__Machine/noun-0376__head-skateboard.png	B05-MEC__Machine/aachat-forge-machine-lime-board-pinkcap-rider.png	ac4cfc8a0b337ee774828ff8cfb2aea6917fc119e95a399d18ee805d02a1e037	Level4 Reference mode: lime skateboard-deck head with magenta end-cap modules and a compact warm-gray rider body; the source face was fully replaced by the fixed aachat LCD.
nouns_classified_1973/B05-MEC__Machine/noun-0381__head-sailboat.png	B05-MEC__Machine/aachat-forge-machine-ivory-sail-hull-strider.png	1a311355f32de77d917425b3e9c9b19d3ed046b89d3284c93657196a54fbc2fa	Warm timber sail-hull strider with ivory stepped mast and sail, magenta rail trim, cobalt-violet keel body, and complete fixed aachat LCD face replacement.
nouns_classified_1973/B05-MEC__Machine/noun-0388__head-bomb.png	B05-MEC__Machine/aachat-forge-machine-charcoal-spark-redcoat-sapper.png	5b2faf0fe6601edc56c27e27a68c5b61490517da24c20b676d2576f24cd13198	Charcoal fuse-bomb shell and compact signal-red demolition chassis with sparse gold utility plates; source goggles fully replaced by the fixed aachat LCD.
nouns_classified_1973/B05-MEC__Machine/noun-0394__head-cash-register.png	B05-MEC__Machine/aachat-forge-machine-ivory-till-button-clerk.png	f21e3fe2a65c30e1aff3ca3223e15627d784ba5e5558e21a3bcb494621f4c79b	Ivory cash-register clerk rebuilt from coarse square modules, with a charcoal till drawer, cobalt block accent, lime button mosaic, and the canonical LCD fully replacing the original face system.
nouns_classified_1973/B05-MEC__Machine/noun-0401__head-boombox.png	B05-MEC__Machine/aachat-forge-machine-mint-handle-beat-walker.png	133bbb308f416d789e8777c3b515272864355f617bc3f822381050997c101f45	Mint-gray handled boombox walker with charcoal modular body, asymmetric side grille, diagonal mint accent, and the complete source face replaced by the fixed 1.65:1 aachat LCD.
nouns_classified_1973/B05-MEC__Machine/noun-0405__head-vending-machine.png	B05-MEC__Machine/aachat-forge-machine-scarlet-snack-grid-keeper.png	78f73dbf8cfd5472e32e09f2630b9658a06760e35f003e89d680d82f6c43e8e1	Scarlet vending-cabinet head and mint body rebuilt as one coarse square-module keeper; multicolor bays retained as inert geometry and the original face fully replaced by the fixed aachat LCD.
nouns_classified_1973/B05-MEC__Machine/noun-0424__head-microwave.png	B05-MEC__Machine/aachat-forge-machine-porcelain-ember-window-steward.png	aee905e1e14f7895aa0d8812c7c8dbfc89d6b15f9d1137496c3e79fe2dba5e4e	Porcelain and icy-aqua microwave steward with a coral oven-door chest, cyan side vents, charcoal modular limbs, and the original face fully replaced by the fixed frontal aachat LCD.
nouns_classified_1973/B05-MEC__Machine/noun-0428__head-plane.png	B05-MEC__Machine/aachat-forge-machine-ivory-wingline-airframe-courier.png	957b770c199515fda02cac6ac3ca802c1f306c1037daa15133bfbecc2de26b59	Reference-mode Level 4 ivory airliner courier with broad coral-striped modular wings, warm-gray service body, fixed front-facing aachat LCD, complete source-face replacement, and generous full-body white margins.
nouns_classified_1973/B05-MEC__Machine/noun-0431__head-ufo.png	B05-MEC__Machine/aachat-forge-machine-cobalt-saucer-arcade-envoy.png	709a549c43b2614327be3106bb6ee29485f59829b07c86066ab2d3afc6ba001a	Retro arcade UFO envoy with a stepped cobalt dome, magenta saucer rim, amber signal modules, charcoal cabinet body, generous full-body white margins, and the original face completely replaced by the fixed frontal aachat LCD.
nouns_classified_1973/B05-MEC__Machine/noun-0440__head-robot.png	B05-MEC__Machine/aachat-forge-machine-graphite-thunder-cabinet-walker.png	91ba5ecab1cc309a0cff6031abf5901cbd3abeb48996877aa583f60fa36686e3	Retro graphite service robot preserving a broad low head, dark-brown cabinet torso, slender legs, and yellow lightning inlay; the original face is structurally replaced by the fixed aachat LCD in coarse Level 4 modules.
nouns_classified_1973/B05-MEC__Machine/noun-0454__head-vending-machine.png	B05-MEC__Machine/aachat-forge-machine-crimson-display-dispenser-steward.png	8e603e3026604e11f5c8a65ebc436f233ffd7b009f3d97deaa8c8c5be0652efb	Crimson modular vending-display steward preserving the source cabinet silhouette and palette while structurally replacing the original face with the fixed aachat LCD.
nouns_classified_1973/B05-MEC__Machine/noun-0455__head-crane.png	B05-MEC__Machine/aachat-forge-machine-scarlet-crown-beak-sentinel.png	2ea5deac05ee57a803a14abb0e987a4fb91c42a8f54ac1bbcccadd892bea72b8	Scarlet-crowned crane sentinel with a long charcoal beak, olive column body, and fixed aachat LCD built from coarse square modules.
nouns_classified_1973/B05-MEC__Machine/noun-0463__head-microwave.png	B05-MEC__Machine/aachat-forge-machine-ivory-microwave-vent-keeper.png	548e2398a0d8ca442c8686df2335c96dda00f98f6941cdd602835d72f6614b57	Ivory microwave service robot with an integrated LCD oven face, cyan side vent controls, lime geometric button accents, and coarse modular limbs.
nouns_classified_1973/B05-MEC__Machine/noun-0469__head-bomb.png	B05-MEC__Machine/aachat-forge-machine-graphite-fuse-spark-warden.png	2a79a0d3ec5e09d59d227ec1894d4a29bd4b4bfab1c32ae7354577a8257f657a	Graphite bomb-shell fuse warden with a stepped round LCD housing, slim charcoal module body, restrained silver tiles, and a tiny amber spark; the original face is fully replaced by the fixed aachat LCD.
nouns_classified_1973/B05-MEC__Machine/noun-0499__head-skilift.png	B05-MEC__Machine/aachat-forge-machine-crimson-cableway-cabin-tender.png	e4778c5270b3f6a1f2fd1c8173fae0e7a856241b0ee3cfa945a450ec00b9efc9	Crimson cable-car cabin with teal side windows, magenta lower body, and an integrated charcoal overhead suspension beam; the original face was fully replaced by the fixed aachat LCD.
nouns_classified_1973/B05-MEC__Machine/noun-0516__head-console-handheld.png	B05-MEC__Machine/aachat-forge-machine-olive-handheld-checker-runner.png	c47001a8fb71431e841f353daa58729943f22615cd59cdd94f04b1f50d9f7bb3	Olive handheld-console chassis with integrated LCD, checker band, directional pad, color controls, and cobalt block legs.
nouns_classified_1973/B05-MEC__Machine/noun-0520__head-bomb.png	B05-MEC__Machine/aachat-forge-machine-obsidian-fuse-emerald-runner.png	9f254cd84cf56f4b42723aa4d8cc57669bd445fc949b6e047aa2dec1dda4c3e9	Obsidian bomb-shell runner with a short segmented fuse, ivory modular chassis, restrained emerald tile cluster, and the source face fully replaced by the fixed frontal aachat LCD.
nouns_classified_1973/B05-MEC__Machine/noun-0525__head-bomb.png	B05-MEC__Machine/aachat-forge-machine-graphite-fuse-sash-bombardier.png	162994e7c6fcca391f474b34e9d846545b17a4b3f8992c31940cadf7c18493a9	Graphite bomb-shell automaton with integrated fuse and red-orange-purple safety sash; source face fully replaced by the fixed cobalt LCD in coarse square Level 4 modules.
nouns_classified_1973/B05-MEC__Machine/noun-0531__head-boombox.png	B05-MEC__Machine/aachat-forge-machine-mint-boombox-cable-runner.png	127995bd7d418c49e8ae662daaf535545ac6fd2ba9b43d6ab5e7e2989a292453	Wide mint-and-silver boombox head with stepped carry handle, burgundy runner body, golden cable motif, fixed cobalt LCD, and coarse square module construction.
nouns_classified_1973/B05-MEC__Machine/noun-0537__head-skateboard.png	B05-MEC__Machine/aachat-forge-machine-chartreuse-kicktail-console-rider.png	1e987ef2a2b4d99221cd36ee0216bb5ceb0beb7db4ebf4b0026d9efc8e8f148d	Chartreuse skateboard-deck head with magenta corner rails encloses the fixed aachat LCD; a compact black console torso, sparse multicolor controls, segmented limbs, and block-built shoes preserve the source motif in one coarse square-module scale.
nouns_classified_1973/B05-MEC__Machine/noun-0542__head-skateboard.png	B05-MEC__Machine/aachat-forge-machine-chartreuse-skateboard-pendant-rider.png	f102674c9ea5e25125f8863d4951f96310292fcc6b9d15ee8e4d008ce4a22ccc	Horizontal chartreuse skateboard-deck head with magenta wheel modules, pale cyan block body, and a golden pendant; original face fully replaced by the fixed frontal aachat LCD.
nouns_classified_1973/B05-MEC__Machine/noun-0545__head-camcorder.png	B05-MEC__Machine/aachat-forge-machine-tangerine-camcorder-colorbar-scout.png	6a7e0b3fc6a5bd39b0c7b55ec0589d6378beccfc02f80cb0227d65f24f0d8d39	Tangerine camcorder scout with charcoal side optics and red-magenta-yellow color-bar modules; original face fully replaced by the fixed aachat LCD.
nouns_classified_1973/B05-MEC__Machine/noun-0546__head-plane.png	B05-MEC__Machine/aachat-forge-machine-ivory-fuselage-redwing-pilot.png	a7eba88852ed254311d74833a2f0187d1941c974ddd09a627d4df482ffabdde3	Ivory aircraft-head navigator with red wing stripe, dark green instrument-panel body, fixed cobalt LCD, and consistent coarse square modules.
nouns_classified_1973/B05-MEC__Machine/noun-0549__head-console-handheld.png	B05-MEC__Machine/aachat-forge-machine-chartreuse-magenta-console-scout.png	f020c48ae4bef91da246fd9bbdf7123998162a35c3ba0a054f88013cdbb1f2ec	Chartreuse-and-magenta handheld console scout with the source control deck integrated into the torso and the original face system fully replaced by the fixed aachat LCD.
nouns_classified_1973/B05-MEC__Machine/noun-0559__head-skateboard.png	B05-MEC__Machine/aachat-forge-machine-lime-kicktail-magenta-skater.png	9b51b90b855ec0b5a9b0f92dc0541bfe165bc6bcd8268c8b3712c34a38179fd9	Wide lime kicktail deck head rebuilt around the fixed LCD, with four hot-magenta wheel pods and a compact graphite-trimmed block skater body.
nouns_classified_1973/B05-MEC__Machine/noun-0598__head-camcorder.png	B05-MEC__Machine/aachat-forge-machine-magenta-camcorder-lens-operator.png	5fc9137e9675bd6fcccb17b7aaf44baf785219c3ccfc8dcb5053b4fa3a6141f1	Reference-mode magenta camcorder operator with a gray modular recording housing, charcoal side lens barrel, top control blocks, fixed frontal LCD, and full-body coarse square modules.
nouns_classified_1973/B05-MEC__Machine/noun-0599__head-chainsaw.png	B05-MEC__Machine/aachat-forge-machine-indigo-chainblade-sawyer.png	895196530c9c92e8c11b44d119d6408d1d4a7eccaf270fcc2052857d1be0c51d	Graphite chainblade-head sawyer with stepped square teeth, indigo modular workwear, sturdy block boots, and the original source face fully replaced by the fixed frontal aachat LCD.
nouns_classified_1973/B05-MEC__Machine/noun-0609__head-calculator.png	B05-MEC__Machine/aachat-forge-machine-ivory-spectrum-keypad-clerk.png	a1637fd56f5d81f64595a1270f177a14debead6d45f25a70eb99aab42c3aa52d	Ivory calculator-shell clerk with a spectrum keypad torso, checker-tiled limbs, and the fixed aachat LCD fully integrated into the head.
nouns_classified_1973/B05-MEC__Machine/noun-0613__head-ufo.png	B05-MEC__Machine/aachat-forge-machine-prismatic-saucer-beam-scout.png	494e0d6b0d983dcacb64c2aa2563f856be634427e73da367e8b7e0df9a199742	Blue saucer scout with hot-pink stepped rim and prismatic checker-beam body, structurally rebuilt around the fixed LCD in coarse square modules.
nouns_classified_1973/B05-MEC__Machine/noun-0619__head-fan.png	B05-MEC__Machine/aachat-forge-machine-tangerine-grille-crown-circulator.png	d041a61d98c126ad31bc7339e8b5b51e369a7eb2369fdf1da2a1dc0cd3f330c3	Round white fan-grille crown with dark upper vent lattice, cobalt side brackets, tangerine pedestal body, and a fully replaced fixed aachat LCD.
nouns_classified_1973/B05-MEC__Machine/noun-0621__head-laptop.png	B05-MEC__Machine/aachat-forge-machine-cobalt-laptop-keyboard-steward.png	103dafed29ed2c859f00986eea174f97eb10f76dda234b108681612ae4f3a69e	Cobalt laptop-lid steward with an integrated keyboard rim, brick-red modular body, and structurally replaced fixed aachat LCD.
nouns_classified_1973/B05-MEC__Machine/noun-0624__head-console-handheld.png	B05-MEC__Machine/aachat-forge-machine-olive-stair-display-porter.png	58d9cb2aeb4cb134ef4d1c1ed2ca8207a28bd697681ffbf4eb4c3c6aa69ab84d	Olive handheld-console silhouette rebuilt in uniform coarse square modules with orange chassis, colored controls, stepped route motif, and complete fixed-LCD face replacement.
nouns_classified_1973/B05-MEC__Machine/noun-0673__head-skateboard.png	B05-MEC__Machine/aachat-forge-machine-lime-axle-board-runner.png	a89436b7fcdcb23f51f21c29313f80e42892015881ba415fcf30da20039c2d20	wide lime skateboard-deck LCD head with hot-magenta axle modules, black chassis, and lime circuit motif
nouns_classified_1973/B05-MEC__Machine/noun-0678__head-robot.png	B05-MEC__Machine/aachat-forge-machine-graphite-magenta-tally-operator.png	e2c10639cd7dcd4370a9c1740a6974e061eaa9c21ac473aa2cdda8d66cfadb72	Graphite-and-ivory tally-console operator with magenta status modules, broad capped head, and sturdy coarse-block limbs; source face fully replaced by the fixed aachat LCD.
nouns_classified_1973/B05-MEC__Machine/noun-0688__head-car.png	B05-MEC__Machine/aachat-forge-machine-scarlet-roofcab-yellowcoat-courier.png	ece1996d65334d5254b518a63ed76e93b486728ea66dc003df18b36a344c8ce7	Scarlet-and-cream compact car-cabin head with cyan roof canopy, amber lamps, black bumper band, warm-yellow courier body, fixed aachat LCD, and consistent coarse square modules.
nouns_classified_1973/B05-MEC__Machine/noun-0690__head-drill.png	B05-MEC__Machine/aachat-forge-machine-vermilion-drill-column-borer.png	926ae830666571c161a7d297b7de028267cd9382e3f2c0d0c8f9e1012d2383a9	Reference-mode Level 4 preserving the vermilion horizontal drill-head, right steel bit, charcoal column body, and red mechanism accent; original face fully replaced by the fixed aachat LCD in coarse square 3D modules.
nouns_classified_1973/B05-MEC__Machine/noun-0702__head-chainsaw.png	B05-MEC__Machine/aachat-forge-machine-scarlet-sawcrest-woodcutter.png	a172b65f5f47e3335125db3df88aabd878a83404c873e4b2f86c58bd7c32aa7d	Scarlet graphite chainsaw housing with stepped tooth crown, integrated fixed LCD, and a compact block-built woodcutter body.
nouns_classified_1973/B05-MEC__Machine/noun-0715__head-skateboard.png	B05-MEC__Machine/aachat-forge-machine-lime-magenta-deck-rider.png	6327d0eb9b596bd7f5cbd003381b953f6ea15d2ce46ac53b45d2a8a0fa2214fc	Broad lime skateboard-deck head shell with magenta truck-corner blocks, a black modular rider body, lime-magenta skate boots, and complete source-face replacement around the fixed cobalt aachat LCD.
nouns_classified_1973/B05-MEC__Machine/noun-0723__head-helicopter.png	B05-MEC__Machine/aachat-forge-machine-coral-rotor-checker-pilot.png	883a3872efaafb9c697a514f78eb1b6f0129f1f4c05191fbc49e7c708402a270	Coral-and-cyan modular rotorcraft head with a fully integrated fixed LCD, long top rotor, tail rotor, and a purple-black checker flight body.
nouns_classified_1973/B05-MEC__Machine/noun-0734__head-chipboard.png	B05-MEC__Machine/aachat-forge-machine-emerald-ribbon-bus-keeper.png	3e9460096e6eff5aae983f65881110170904e5927d5bde6852c0e023e904e2ec	Emerald chipboard signal keeper with stepped PCB traces, a fixed frontal aachat LCD, and rainbow ribbon-bus bands rebuilt entirely as coarse square 3D modules.
nouns_classified_1973/B05-MEC__Machine/noun-0738__head-helicopter.png	B05-MEC__Machine/aachat-forge-machine-mint-rose-rotor-pilot.png	9b48d08582bd248343e25f5d204387e572f1bfe71dd08efd5fd772d750c023b2	Mint-and-rose helicopter courier with integrated frontal LCD, block rotor crown, turquoise nose, tail rotor, and messenger satchel.
nouns_classified_1973/B05-MEC__Machine/noun-0740__head-cordlessphone.png	B05-MEC__Machine/aachat-forge-machine-blush-handset-bolt-courier.png	8bfac8ced6ca703eb3e50cd2a2b699dd2745377bc3264271a4fff69b1f645dfc	Blush-pink cordless-phone courier with a warm beige handset crown, black side terminals, a white lightning-bolt chest motif, and complete face replacement by the fixed aachat LCD.
nouns_classified_1973/B05-MEC__Machine/noun-0753__head-bomb.png	B05-MEC__Machine/aachat-forge-machine-charcoal-cobalt-fuse-sapper.png	a03b20a628ec2bc6c93a6ae39ef9667f43e4dea9ee1d01a105dbf28033b34267	Reference-mode charcoal bomb-shell sapper; rounded modular head rebuilt around the fixed LCD, cobalt trim, amber fuse, and gold torso cord.
nouns_classified_1973/B05-MEC__Machine/noun-0754__head-crt-bsod.png	B05-MEC__Machine/aachat-forge-machine-porcelain-blue-screen-custodian.png	bc99203e32cd2af26856461450a7e65bbc6714fe10009631c37ee66ff6b5131c	Reference-mode Level 4 porcelain CRT custodian with stepped ivory square-module cabinet, side vents, purple-gray signal chassis, fixed frontal aachat LCD, and complete source-face replacement.
nouns_classified_1973/B05-MEC__Machine/noun-0757__head-turing.png	B05-MEC__Machine/aachat-forge-machine-crimson-spectrum-grid-cipher.png	6d7b6cc65f20e6c678ee0044c5ed39cbb86acc145ecd770ba62b6fbd556de06c	Reference-mode Level 4 with a broad graphite lattice head shell, stepped crimson rails, restrained spectrum-band modular body, generous full-body white margins, and complete source-face replacement by the fixed frontal aachat LCD.
nouns_classified_1973/B05-MEC__Machine/noun-0769__head-console-handheld.png	B05-MEC__Machine/aachat-forge-machine-olive-handheld-button-runner.png	a4c844af477f3d6d068e55e4d4526aaf03364210a6be0385996863f7f997068c	Olive handheld-console walker with pale-gray control band, charcoal D-pad, cobalt/red buttons, and a structurally integrated fixed LCD.
nouns_classified_1973/B05-MEC__Machine/noun-0772__head-toaster.png	B05-MEC__Machine/aachat-forge-machine-charcoal-toast-slot-steward.png	98a1130697f0b11aaf4c1f5349c2b882ef2e8074c6ba600d8bc7f538578027a9	Charcoal modular toaster steward with a toast crown, integrated fixed LCD, side lever, and restrained red-ivory chest accent.
nouns_classified_1973/B05-MEC__Machine/noun-0780__head-ufo.png	B05-MEC__Machine/aachat-forge-machine-magenta-saucer-antenna-sentinel.png	b294882223956ffdc7817b7f23e2b35ad4be9597269809a2d96f28bae20f7955	Magenta saucer antenna sentinel with a cobalt stepped dome, green-graphite striped column body, block arms and feet, and the original face fully replaced by the fixed aachat LCD.
nouns_classified_1973/B05-MEC__Machine/noun-0783__head-camcorder.png	B05-MEC__Machine/aachat-forge-machine-lime-tape-lens-rover.png	362fe18880750f0051d69a0836bcc9db8f0dfdd056fe2441a062c0aa42000d23	Compact lime-and-rose camcorder rover with a block-built recorder head, side lens barrel, striped cassette torso, and fully integrated fixed aachat LCD.
nouns_classified_1973/B05-MEC__Machine/noun-0787__head-chainsaw.png	B05-MEC__Machine/aachat-forge-machine-magenta-sawblade-checker-lumberjack.png	ecec4afb3c3e818a5baa4993dab0070a61e6148a27f4537e12de8900201a672d	Magenta-and-charcoal chainsaw-head lumberjack with a torso-only checker pattern, fixed front-facing cobalt LCD, and coarse square 3D modules with generous full-body white margin.
nouns_classified_1973/B05-MEC__Machine/noun-0791__head-vending-machine.png	B05-MEC__Machine/aachat-forge-machine-scarlet-shelf-window-vendor.png	445a53d780832cc49d1f8d5d20341461d2706adca8a3fc864ff3559b83ed7937	Scarlet block-built vending cabinet with the original shelf-window and pale dispensing-bay motif retained on the torso; the complete former face system is structurally replaced by the fixed frontal aachat LCD.
nouns_classified_1973/B05-MEC__Machine/noun-0798__head-drill.png	B05-MEC__Machine/aachat-forge-machine-scarlet-auger-harness-operator.png	5404f53b3e88737d68cf8866b957c7c44d15c3c7b0da6e8e893528b1959faa15	Scarlet-orange auger-head operator with a right-projecting stepped steel drill, charcoal modular work body, gold crossed harness, fixed frontal LCD, and full-body coarse square modules.
nouns_classified_1973/B05-MEC__Machine/noun-0800__head-car.png	B05-MEC__Machine/aachat-forge-machine-scarlet-siren-circuit-courier.png	1f53a8d75a3748dc4b098de9db6592d3512f04e30216ec80965aadd2b939b5f4	Scarlet emergency-cab courier retaining the roof beacon, side fender modules, brown chassis, and green circuit motif; the original face is structurally replaced by the fixed LCD in coarse square Level 4 modules.
nouns_classified_1973/B05-MEC__Machine/noun-0807__head-console-handheld.png	B05-MEC__Machine/aachat-forge-machine-olive-mosaic-keypad-rover.png	abc8fcbf9eda2c8208f0166389ad630a62e2d8e8bf48b73d4786c6346ed46607	Olive handheld-console rover with cream banding, rainbow mosaic keypad torso, and a fully integrated fixed aachat LCD
nouns_classified_1973/B05-MEC__Machine/noun-0811__head-toaster.png	B05-MEC__Machine/aachat-forge-machine-ebony-toast-rack-keeper.png	b719d79c8d63c54a956a36ef75c53ee15317ae13c8123da9cc70e3a1f26459d1	Warm-sand twin-slot toaster head with charcoal coarse-module body and side lever; fixed LCD fully replaces the source face.
nouns_classified_1973/B05-MEC__Machine/noun-0814__head-drill.png	B05-MEC__Machine/aachat-forge-machine-tangerine-drillbit-gantry-operator.png	cd81e039490a09df6fb294e211358e332fd210191cc677c47f5eb837c410a7ed	Safety-orange block-built drill operator with a steel stepped head bit and fully replaced frontal aachat LCD.
nouns_classified_1973/B05-MEC__Machine/noun-0816__head-fax-machine.png	B05-MEC__Machine/aachat-forge-machine-ivory-fax-pedestal-courier.png	074cff307adfeeb9d5f0eeca0fa3b487692b8465ec6772f7933b990fdc94430c	Warm-ivory fax courier with vermilion pedestal, complete structural LCD replacement, right-side cord, and coarse square modular construction.
nouns_classified_1973/B05-MEC__Machine/noun-0817__head-taxi.png	B05-MEC__Machine/aachat-forge-machine-sunlit-redbar-cab-courier.png	e7722501c3ca86313eabd0dcb85e5a571a60e1cf4cd6fcefcd45d8f448e7f542	Compact golden taxi-cab courier with pale stepped roof, red LCD pillars, black chassis, and coarse square-module full-body construction.
nouns_classified_1973/B05-MEC__Machine/noun-0818__head-satellite.png	B05-MEC__Machine/aachat-forge-machine-cobalt-solar-array-surveyor.png	4c7b22a1f70637cef8fe6f94fd17c2959817c18b8bd7d2cbd384a9489bbbf6cb	Golden orbital surveyor with cobalt solar-array wings, magenta signal accents, a black telemetry chest, and the original face fully replaced by the fixed aachat LCD.
nouns_classified_1973/B05-MEC__Machine/noun-0820__head-skateboard.png	B05-MEC__Machine/aachat-forge-machine-chartreuse-kicktail-grid-skater.png	b9f3f0a1eef4a7617438bcda35a2a6b668249505619e8b80e61995469c591486	Chartreuse kicktail head shell, magenta end blocks, brown grid-built torso, and fixed LCD fully replacing the source face.
nouns_classified_1973/B05-MEC__Machine/noun-0822__head-fax-machine.png	B05-MEC__Machine/aachat-forge-machine-mint-fax-scroll-courier.png	4e4a7dd7786a5d08f9aeea721d07ee5339be7d5e617eb99c4ee8b17ce030b9b3	Warm-beige block fax courier with gray paper guide and receiver cord, mint paper apron, and a fully replaced frontal aachat LCD.
nouns_classified_1973/B05-MEC__Machine/noun-0823__head-chainsaw.png	B05-MEC__Machine/aachat-forge-machine-graphite-chaincrown-aqua-lumberjack.png	9be86e31d88843762834f865a74e7ad63b4223504898588e34843284f28cfbc2	Graphite horizontal chaincrown head with blocky perimeter teeth, fixed cobalt LCD, pale-aqua modular work coat, and charcoal limbs and boots.
nouns_classified_1973/B05-MEC__Machine/noun-0829__head-microwave.png	B05-MEC__Machine/aachat-forge-machine-frost-oven-column-steward.png	1f00eff11272117f4c7f5dab3fa83f2db2f4e7a32664fd1231f996171114f64f	Frost-blue microwave column steward built from consistent coarse square modules, with a panoramic fixed LCD fully replacing the source face, a cyan vent stack, charcoal side handle, coral control accents, and generous full-body white-background framing.
nouns_classified_1973/B05-MEC__Machine/noun-0833__head-sailboat.png	B05-MEC__Machine/aachat-forge-machine-scarlet-sail-deck-rover.png	83a6322f492d135112a806d537f040dfa2f3e49f18a7ed719475c45ff2a13aa7	Scarlet modular sailboat deck rover with warm-tan hull housing, white block sails, pale-blue mast, and a fully replaced frontal aachat LCD.
nouns_classified_1973/B05-MEC__Machine/noun-0836__head-fax-machine.png	B05-MEC__Machine/aachat-forge-machine-ivory-redline-copy-courier.png	2b10d30ad9be44fa6cd816d7db9e493c2c603928645460cf1d99ea21592c9054	Warm-ivory fax courier with vermilion signal path, elevated paper feed, structural 1.65:1 aachat LCD replacement, right-side handset cord, parcel prop, and consistent coarse square modules.
nouns_classified_1973/B05-MEC__Machine/noun-0837__head-snowmobile.png	B05-MEC__Machine/aachat-forge-machine-scarlet-snow-sled-courier.png	494bf3202911ae0894cddc89724d3be2160972a2049ff106d43507544f1991fe	Reference-mode scarlet-white snowmobile runner with an unobstructed fixed cobalt LCD, blank tan structural band, black undercarriage accents, and broad cobalt ski boots built from coarse square 3D modules.
nouns_classified_1973/B05-MEC__Machine/noun-0857__head-camcorder.png	B05-MEC__Machine/aachat-forge-machine-graphite-viewfinder-tape-keeper.png	0a942b8beda51f094b418b2008cd0c424c31b872bd02c723f897fa662dac6021	Graphite-and-ivory shoulder camcorder guardian with block viewfinder, rear eyepiece, restrained red record accents, and the source face fully replaced by the integrated aachat LCD.
nouns_classified_1973/B05-MEC__Machine/noun-0858__head-satellite.png	B05-MEC__Machine/aachat-forge-machine-aqua-solar-wing-orbiter.png	c095e74446a41e7bd2177ba5b5c60179ac6f5b464038b459d9aaaeb68adb7b36	Mint-aqua satellite with cobalt-violet solar wings and a roof antenna, rebuilt as a full-body coarse square-module form with complete LCD face replacement.
nouns_classified_1973/B05-MEC__Machine/noun-0860__head-rangefinder.png	B05-MEC__Machine/aachat-forge-machine-slate-twin-lens-surveyor.png	97671c3ff432b193f8b064c6485602656a0aae694e838042defa1f023c07fed8	Compact slate-gray range-surveyor with a safety-yellow core and low chest twin optics; the original face was fully replaced by the integrated fixed aachat LCD.
nouns_classified_1973/B05-MEC__Machine/noun-0863__head-crt-bsod.png	B05-MEC__Machine/aachat-forge-machine-ivory-crash-screen-caretaker.png	8aec8f2cd559d7444fe1867eb57836040b651cbdaa193a08c5653222d3e099bd	Ivory stepped CRT caretaker with a mint modular body, cobalt crash-screen accents, and a tiny yellow hardware clasp; the original face is fully replaced by the fixed aachat LCD.
nouns_classified_1973/B05-MEC__Machine/noun-0872__head-camcorder.png	B05-MEC__Machine/aachat-forge-machine-saffron-camcorder-checker-recorder.png	f1068f5e625c45afec73c009620d3f6d21aaa29b28372d28e2ef3a172e12e051	Saffron-charcoal camcorder head with side lens barrel, cyan-lime checker recorder body, complete source-face replacement by the fixed aachat LCD, and consistent coarse square Level 4 modules.
nouns_classified_1973/B05-MEC__Machine/noun-0880__head-robot.png	B05-MEC__Machine/aachat-forge-machine-slate-lime-grille-walker.png	4eee3b3a56f876727f5ecf2a690b5892a2437fa919b695dbd9284dee0d35f90f	Broad slate machine walker with restrained lime block accents, short antenna, side modules, and the source grille rhythm relocated to the chest beneath a complete fixed-LCD face replacement.
nouns_classified_1973/B05-MEC__Machine/noun-0885__head-vending-machine.png	B05-MEC__Machine/aachat-forge-machine-vermilion-stock-window-tender.png	0a19bfb61b7b5087df7d07bb6298d5e8521e35e2059fc2a9c71c003f46f6de5a	Vermilion vending-cabinet tender preserving the oversized rectilinear shell, black stock-window motif, mint control accent, orange lower body, and ivory leg insets; merchandise geometry is relocated to the torso while the complete original face system is structurally replaced by the fixed frontal aachat LCD.
nouns_classified_1973/B05-MEC__Machine/noun-0888__head-laptop.png	B05-MEC__Machine/aachat-forge-machine-cyan-clamshell-keydeck-courier.png	d70de06ecee9a235da8d51114e07051077aaa4b94623e49acc939faa2df9e695	Cyan open-laptop courier with a charcoal keydeck, green modular body, yellow abstract chest tile, and the complete source face structurally replaced by the fixed cobalt-glow aachat LCD.
nouns_classified_1973/B05-MEC__Machine/noun-0895__head-crt-bsod.png	B05-MEC__Machine/aachat-forge-machine-cobalt-crt-window-warden.png	f6afb5a038f7ca45d77b3698795eeffbaec0f3e19c96361cb977ee4faa86e583	Compact pale-gray CRT terminal walker with cobalt fixed LCD, lavender-blue modular chassis, stepped side vents, and coarse square Level 4 construction; source badge and original face removed.
nouns_classified_1973/B05-MEC__Machine/noun-0903__head-robot.png	B05-MEC__Machine/aachat-forge-machine-graphite-redbar-head-walker.png	9c3aff5c3555c76ffe0598b6f971622a2fbe3239adf9a84593300dabeee46ccd	Graphite stepped head-walker with compact side modules, warm red-amber banded lower body, and fully integrated fixed aachat LCD.
nouns_classified_1973/B05-MEC__Machine/noun-0908__head-plane.png	B05-MEC__Machine/aachat-forge-machine-lime-checkerwing-airframe-pilot.png	5f1532408341eab1ddd0c4818408fa26698678d5ae0b9f62aa3a4a453ae43610	Lime checkerwing airframe pilot with a structurally integrated fixed LCD, broad wing bar, aircraft crest, checkerboard chest band, and coarse square Level 4 modules.
nouns_classified_1973/B05-MEC__Machine/noun-0927__head-fax-machine.png	B05-MEC__Machine/aachat-forge-machine-paper-relay-clerk.png	eb9dc5040dd60b307ca8910b6648258a8c79c257d6197b1698d227b7571fdd5d	Warm-ivory and graphite fax clerk with a blank top feeder and output sheet, right-side handset, fixed cobalt-glow LCD, and coarse square Level 4 modules.
nouns_classified_1973/B05-MEC__Machine/noun-0935__head-satellite.png	B05-MEC__Machine/aachat-forge-machine-ivory-bluewing-orbit-surveyor.png	b8efe76e45f97be083d880e333b637b17e6ecfa96d351bb21fc775ef7896827d	Broad amber satellite head with symmetric cobalt solar-panel wings, a compact mast, charcoal ribbed body, and complete source-face replacement by the fixed aachat LCD in coarse square 3D modules.
nouns_classified_1973/B05-MEC__Machine/noun-0939__head-drill.png	B05-MEC__Machine/aachat-forge-machine-sunset-drillcap-stripe-rigger.png	814392b9e30aa7fe1eb70bd297e3cd27f75533f0de24ef910e1a7433dbcef503	Warm sunset-striped drill-rig rigger with a broad orange motor head, compact side bit, fixed frontal LCD, and coarse square modular body.
nouns_classified_1973/B05-MEC__Machine/noun-0961__head-robot.png	B05-MEC__Machine/aachat-forge-machine-slate-signal-crown-rover.png	95430267b478139d63d8bc83e9737574a926708fb57c77454e73db52034fe435	Compact slate signal-crown rover preserving the source's stepped vented head, lateral receiver blocks, charcoal box torso, narrow legs, and magenta accents; original face fully replaced by the canonical frontal aachat LCD.
nouns_classified_1973/B05-MEC__Machine/noun-0964__head-laptop.png	B05-MEC__Machine/aachat-forge-machine-cobalt-clamshell-port-courier.png	aae013bb847e44f5831c763eed096017c396bae7b2db2a00c3f03eae73fac640	Broad graphite clamshell head with integrated keyboard deck, cobalt LCD glow, violet terminal torso, and consistent coarse modular limbs.
nouns_classified_1973/B05-MEC__Machine/noun-0979__head-skilift.png	B05-MEC__Machine/aachat-forge-machine-crimson-checker-gondola-guide.png	dfde6217843672854d467b3b87d8ebbfc1e3646c76e12eaf5e1ba2c1ff16d0b9	Crimson gondola guide with checker band, pale-blue side glazing, black overhead suspension carriage, and fixed aachat LCD structurally replacing the original window face.
nouns_classified_1973/B05-MEC__Machine/noun-0981__head-satellite.png	B05-MEC__Machine/aachat-forge-machine-silver-orbit-checker-sentinel.png	6c32350d716393f486c6df1005e5b57b4e7b85146a88357d60b2dd20199d94fb	Silver orbital signal sentinel with cobalt side panels, rainbow signal bands, checker lower body, and the fixed frontal aachat LCD.
nouns_classified_1973/B05-MEC__Machine/noun-0989__head-satellite.png	B05-MEC__Machine/aachat-forge-machine-ivory-orbit-panel-sentinel.png	fd8e0699545593c75adc2760a2e621198bd5c9b6ee4f01ffd694c3f74cf5ebd3	Ivory orbital relay sentinel preserving the source satellite silhouette, cobalt side panels, green trim, and yellow service band with the original face structurally replaced by the fixed aachat LCD in coarse square Level 4 modules.
nouns_classified_1973/B05-MEC__Machine/noun-0990__head-skateboard.png	B05-MEC__Machine/aachat-forge-machine-lime-kicktail-checker-walker.png	609ee57efb8d3155ef0e9601623ff4818121a07b3dd6666a8c7b64bdcac0b99d	Lime modular skateboard-deck head with magenta corner hardware, checkerboard chassis, and a fully integrated fixed aachat LCD.
nouns_classified_1973/B05-MEC__Machine/noun-0994__head-toaster.png	B05-MEC__Machine/aachat-forge-machine-sand-slot-checker-porter.png	aa2e3d2dc06882ae95934697bfa5d685b9f6ae8a3430311ff60f81d07a694299	Warm sand toaster porter with a brass top slot, charcoal side lever, and physical black-ivory checker modules, rebuilt around the fixed aachat LCD.
nouns_classified_1973/B05-MEC__Machine/noun-1001__head-camcorder.png	B05-MEC__Machine/aachat-forge-machine-graphite-rose-viewfinder-bearer.png	ef430587cfb7d1a80d88167e9c1a23307d60ea8d935ada1908413d27abd73bc4	Graphite camcorder shell with lateral viewfinder housing, dusty-rose and ivory recording-stripe body, fixed frontal LCD, and coarse square modules.
nouns_classified_1973/B05-MEC__Machine/noun-1006__head-plane.png	B05-MEC__Machine/aachat-forge-machine-rose-fuselage-stripe-aviator.png	fb7d80b3412edc9bcfad79be2e1e76628cef7a9de62bf6075c623fb1ee8aa7d5	Compact coral aircraft form with short symmetric wings, cobalt-white fuselage bands, and a fully integrated fixed aachat LCD.
nouns_classified_1973/B05-MEC__Machine/noun-1019__head-crt-bsod.png	B05-MEC__Machine/aachat-forge-machine-putty-cathode-vent-warden.png	1f9f082dec5531f64964808034b85f35e42d52c0dd44be4212ee4edb05c0168e	Warm putty CRT warden with stepped side vents and cobalt accents; original BSOD face fully replaced by the fixed aachat LCD in coarse square Level 4 modules.
nouns_classified_1973/B05-MEC__Machine/noun-1023__head-bomb.png	B05-MEC__Machine/aachat-forge-machine-graphite-cobalt-fuse-sentinel.png	e8f8a72e491d5ac505e3009dcfcee88a4267c76ed468f6d03a4318ae88a421dd	Graphite bomb-head sentinel with a stepped fuse crown, cobalt accents, fixed LCD face, and coarse square modular construction.
nouns_classified_1973/B05-MEC__Machine/noun-1041__head-chainsaw.png	B05-MEC__Machine/aachat-forge-machine-graphite-sawhalo-checker-feller.png	899afbfc133935bc35cedfd3468e9ed79493639dba00d004f8567cd5e4c59a2b	Graphite saw-crown feller with orange LCD housing and magenta-cyan checker workwear.
nouns_classified_1973/B05-MEC__Machine/noun-1043__head-bomb.png	B05-MEC__Machine/aachat-forge-machine-onyx-spark-fuse-scout.png	23481e8c69f4b0cf9c8d597ffbfa8468fab599294489558a891e639822112263	Compact onyx bomb-headed scout with a stepped fuse crown, restrained green-blue accents, full LCD face replacement, and consistent coarse square-module construction.
nouns_classified_1973/B05-MEC__Machine/noun-1062__head-boombox.png	B05-MEC__Machine/aachat-forge-machine-silver-handle-checker-tuner.png	b8bcf484aa9f721337af3bdf68ae981f204591d0478c30c20846a64992b493ae	Wide silver boombox LCD shell with a mint carry handle and red tuner blocks, black-and-white checker tunic, charcoal limbs, fully replaced fixed LCD, and consistent coarse square 3D modules.
nouns_classified_1973/B05-MEC__Machine/noun-1068__head-vending-machine.png	B05-MEC__Machine/aachat-forge-machine-cardinal-selection-cabinet-keeper.png	7149fb9d1d5b1b55fd04cc27ddf121971be73d69ccd5c96ffe7c339c05a5400e	Cardinal-red vending cabinet keeper rebuilt from coarse square modules, retaining the black stock recess, cobalt-ivory selection bays, and yellow waist trim while structurally replacing the complete original face with the fixed frontal aachat LCD.
nouns_classified_1973/B05-MEC__Machine/noun-1069__head-console-handheld.png	B05-MEC__Machine/aachat-forge-machine-olive-control-deck-cadet.png	c7700ef738b003d24c7717e723d64760a4da0893a91e0fba48f54bca5f488b88	Olive handheld-console courier rebuilt with ivory modular limbs, restrained cobalt-red controls, and a fully integrated fixed aachat LCD.
nouns_classified_1973/B05-MEC__Machine/noun-1077__head-plane.png	B05-MEC__Machine/aachat-forge-machine-pearl-cockpit-redwing-pilot.png	8c65f6823f99bc190578ea930ca7856304ad50e7918de242cd33b77a42a2a3a2	Pearl-white stepped cockpit pilot with pale-cyan wings, red flight bands, charcoal ribbed body, and a fully replaced frontal aachat LCD.
nouns_classified_1973/B05-MEC__Machine/noun-1089__head-satellite.png	B05-MEC__Machine/aachat-forge-machine-cobalt-orbit-array-sentinel.png	95d37a89da92a67034c0dc5c4a4c5799e7f07481554eb24c90c4438cc8303a62	Compact violet orbital telemetry sentinel with a warm ivory-gold satellite head, cobalt array wings, and a structurally integrated aachat LCD built from coarse square modules.
nouns_classified_1973/B05-MEC__Machine/noun-1092__head-vending-machine.png	B05-MEC__Machine/aachat-forge-machine-crimson-snack-window-keeper.png	b1b9de7dd04e3d0e89419464d4d2808c6e7664fd89615f45433a46c67d9bdcf0	Crimson-and-charcoal vending keeper with abstract product windows, a recessed dispensing bay, consistent coarse square modules, and the original face fully replaced by the integrated fixed aachat LCD.
nouns_classified_1973/B05-MEC__Machine/noun-1099__head-console-handheld.png	B05-MEC__Machine/aachat-forge-machine-olive-redkey-console-strider.png	73bd03e04d56d5a561c04a229c9a13ba864f63d400ab3ba28c5c7af400bd0797	Reference-mode olive handheld-console strider with a tall modular casing, pale-gray control band, black directional control, red and blue buttons, generous full-body white margins, and complete source-face replacement by the fixed aachat LCD.
nouns_classified_1973/B05-MEC__Machine/noun-1118__head-fan.png	B05-MEC__Machine/aachat-forge-machine-ivory-fan-cage-circulator.png	7d46e15d1dbe40822cd1209e460757604208788d5c6c2bafc7235813cb97caca	Ivory circular fan cage with a warm-brown rotor, lime clips, checkerboard body, and a fully integrated fixed aachat LCD.
nouns_classified_1973/B05-MEC__Machine/noun-1128__head-microwave.png	B05-MEC__Machine/aachat-forge-machine-ivory-oven-checker-steward.png	79e9d0d2678957a8000107e8dc5059aaa4ec48b435ef01c579dfc766d9b79866	Reference-mode Level 4 microwave steward with a wide ivory-cobalt appliance shell, structural black-and-ivory tessellated body, coarse square 3D modules, and complete source-face replacement by the fixed aachat LCD.
nouns_classified_1973/B05-MEC__Machine/noun-1138__head-robot.png	B05-MEC__Machine/aachat-forge-machine-graphite-checker-beacon-walker.png	72d026e606b92babe41d8afe19fe9fc9607dfaaf2c8289e22f1992a7cbdb561a	Graphite and pale-gray tiered beacon-head walker with a charcoal checker torso, symmetric antenna blocks, and complete source-face replacement by the fixed frontal aachat LCD.
nouns_classified_1973/B05-MEC__Machine/noun-1157__head-plane.png	B05-MEC__Machine/aachat-forge-machine-ivory-propeller-rainbow-courier.png	8c5b42765a8e30e3b217efc6820e8dbfd2dbf64c75e58950a58e5bcda485e390	Reference-mode Level 4 with ivory propeller crown, black head band, red lateral arms, stacked rainbow body bands, and complete fixed-LCD face replacement in coarse square 3D modules.
nouns_classified_1973/B05-MEC__Machine/noun-1185__head-crt-bsod.png	B05-MEC__Machine/aachat-forge-machine-ivory-cathode-violet-clerk.png	0e56cc2499bcbbd6f8e9442d267636c962258457ed157839c18693b0d03a7e7e	Ivory vented CRT clerk with a violet modular tunic and gold tie; the original BSOD face is fully replaced by the fixed frontal aachat LCD.
nouns_classified_1973/B05-MEC__Machine/noun-1188__head-console-handheld.png	B05-MEC__Machine/aachat-forge-machine-olive-keypad-burgundy-player.png	f0637e6e0f77ba7a10e68267e727c975d15635ba87dbc6b7376a7b564d7c991a	Olive handheld-console silhouette with gray cross controls and a burgundy stepped-pixel chassis, rebuilt in coarse square modules around the fixed LCD.
nouns_classified_1973/B05-MEC__Machine/noun-1190__head-skateboard.png	B05-MEC__Machine/aachat-forge-machine-lime-magenta-wheelboard-runner.png	4315233d2b01d69267d26928172ca25bcb2b3ed740db3a6893de8abfbd6c6b84	Wide lime wheelboard head with magenta corner modules and a sky-blue block body; original face fully replaced by the fixed frontal aachat LCD.
nouns_classified_1973/B05-MEC__Machine/noun-1202__head-toaster.png	B05-MEC__Machine/aachat-forge-machine-aqua-toast-arch-porter.png	0be9fb1ee6c70bf5443818bbc2ab8073b49b12ab75fc8a482a3483da7920b895	Cream toaster porter with gray arch handle, aqua uniform, coarse square modules, and exact right-offset LCD pupils.
nouns_classified_1973/B05-MEC__Machine/noun-1205__head-toaster.png	B05-MEC__Machine/aachat-forge-machine-ivory-toast-slot-tender.png	b2bd5ba3e28e3313d3e91c532b3a269ccc9f717fa72db821bc0418e8e5fdbb45	Compact cream toaster helper with a bread-slot crown, blue heat-panel apron, fully replaced integrated LCD face, and consistent coarse square modules.
nouns_classified_1973/B05-MEC__Machine/noun-1212__head-sailboat.png	B05-MEC__Machine/aachat-forge-machine-sunlit-sailboat-deckhand.png	69178f773667106b4055bf92a79059de7c012939a3058ae15b151807b80f0a59	White-sailed block deckhand with a brown hull-integrated LCD head, navy mast, sunlit yellow body, dotted belt, and empty hands.
nouns_classified_1973/B05-MEC__Machine/noun-1221__head-crane.png	B05-MEC__Machine/aachat-forge-machine-scarlet-crest-longbill-sentinel.png	3e2ff32ce8ba849e9cb86ee3aa21d96fefe6d568e053bc652535066e9385c54c	Tall black crane-bird sentinel with ivory stepped head shell, scarlet crest, slim modular bill, cyan accents, and a fully integrated fixed aachat LCD.
nouns_classified_1973/B05-MEC__Machine/noun-1225__head-chipboard.png	B05-MEC__Machine/aachat-forge-machine-jade-edgepin-circuit-keeper.png	6e5febd590c6ccb2dd85df7b2fed9f15de1c892e10f2f9a88e33be3708749c62	Level 4 jade chipboard circuit keeper; oversized mint motherboard head with amber edge contacts, fixed integrated LCD, charcoal relay torso, coherent coarse square modules, and generous full-body white margins.
nouns_classified_1973/B05-MEC__Machine/noun-1229__head-drill.png	B05-MEC__Machine/aachat-forge-machine-coral-drillcap-limeband-borer.png	87c423e73a25ca43fcbe7fb05c869603824d0437e271363dad3b2c4bf3264eb2	Reference-mode compact head-drill worker preserving the scarlet-orange stepped drill cap, short right-pointing bit, white column body, and lime structural bands; source face fully replaced by the integrated canonical LCD in coarse square Level 4 modules with generous full-body margins.
nouns_classified_1973/B05-MEC__Machine/noun-1232__head-skateboard.png	B05-MEC__Machine/aachat-forge-machine-lime-skate-deck-rider.png	5b6b8da660995377da1453f66ca90f8d1a703960fba6d76d813f3a0c0217f00b	Wide lime skateboard-deck head with magenta axle pads and a primary-color mosaic module body; original face fully replaced by the fixed aachat LCD.
nouns_classified_1973/B05-MEC__Machine/noun-1242__head-crt-bsod.png	B05-MEC__Machine/aachat-forge-machine-pewter-error-screen-attendant.png	aa501d3281927b5263149cbd04209afbc0b81830d60f541b7d56cd83eb78efb9	Retro CRT attendant with a pewter monitor shell, cobalt fixed LCD, dark-brown modular body, and white chest emblem.
nouns_classified_1973/B05-MEC__Machine/noun-1245__head-calculator.png	B05-MEC__Machine/aachat-forge-machine-parchment-keypad-sum-clerk.png	04f1facea112318736262f4d2bbbfba97285b43347f637c826f6433c87ae2f31	Cream calculator clerk with integrated LCD head, chest keypad, and cobalt modular legs.
nouns_classified_1973/B05-MEC__Machine/noun-1252__head-satellite.png	B05-MEC__Machine/aachat-forge-machine-yellow-orbit-panel-scout.png	a6146e639f8af448caab735ac3e51f406225e5ccd226e575442ea199be19114f	Reference-mode Level 4 yellow orbital telemetry scout with cobalt block side panels, pale antenna mast, coarse square 3D modules, and complete source-face replacement by the fixed frontal aachat LCD.
nouns_classified_1973/B05-MEC__Machine/noun-1254__head-cordlessphone.png	B05-MEC__Machine/aachat-forge-machine-putty-magenta-handset-dispatcher.png	82073158976b9d1398508865f239514f816d5a997af1fb69aca4e548b3058261	Putty cordless-phone dispatcher with compact magenta handset controls, integrated fixed LCD, ivory square-module limbs, and a small amber call-signal accent.
nouns_classified_1973/B05-MEC__Machine/noun-1276__head-fan.png	B05-MEC__Machine/aachat-forge-machine-ivory-lime-rotor-breezekeeper.png	86bfc1592c4544b16b3e4c3a527a57dbfb18efcc900c298105dc2dd760e5bb87	Ivory pedestal-fan attendant with lime trim, amber control block, burgundy rotor halo, and fixed frontal aachat LCD.
nouns_classified_1973/B05-MEC__Machine/noun-1277__head-sailboat.png	B05-MEC__Machine/aachat-forge-machine-ivory-sailcrown-greenwake-pilot.png	e8e72dab2e9ed65d708a47b789c6fe71ed719756a41f63970a4621dfefbf730a	Ivory sailboat-crown navigator with brown hull LCD housing, stepped white sails, cobalt rigging, dark-green modular tunic, and compact spyglass.
nouns_classified_1973/B05-MEC__Machine/noun-1280__head-rangefinder.png	B05-MEC__Machine/aachat-forge-machine-graphite-rangefinder-surveyor.png	1637ee1cab4fa065625cfa40cbb025869ccf085d007513ba6b7a3d9af084f543	Graphite rangefinder surveyor with solid vermilion accents, ochre support-column architecture, canonical integrated LCD, and consistent coarse square modules.
nouns_classified_1973/B05-MEC__Machine/noun-1290__head-bomb.png	B05-MEC__Machine/aachat-forge-machine-charcoal-ember-fuse-sentry.png	e8a32baf5d4dcf494ecbbca3c8700939d8c0a4fcd5bf505954684b8ec95484e7	Level 4 reference reinterpretation preserving the stepped charcoal bomb-head silhouette, lit fuse, pale block body, and ember chest inset while fully replacing the original face with the fixed aachat LCD.
nouns_classified_1973/B05-MEC__Machine/noun-1297__head-rangefinder.png	B05-MEC__Machine/aachat-forge-machine-graphite-magenta-range-scout.png	d0be69adef4e7db90362c9d39e6cc197276b6c9cb5a588a24aa68e6434802bf2	Graphite rangefinder head, violet modular chassis, and magenta side optics; original face fully replaced by the fixed aachat LCD.
nouns_classified_1973/B05-MEC__Machine/noun-1299__head-ufo.png	B05-MEC__Machine/aachat-forge-machine-cobalt-saucer-rim-stiltwalker.png	27f0373a08e8d1a9ed1624a2831a3f5ff51aff0c84a669b4ddd9d784ba7fae6e	Cobalt-cyan saucer-dome signal walker with a magenta stepped rim and antenna, orange and pale-blue stilt limbs, and a fully integrated fixed aachat LCD.
nouns_classified_1973/B05-MEC__Machine/noun-1310__head-console-handheld.png	B05-MEC__Machine/aachat-forge-machine-olive-stairkey-handheld-runner.png	27eed4136ccf43bcf66a55d6849052255418ca678e3dacac9a561042af3afc1a	Olive handheld-console runner with an off-white control deck, rust-red block chassis, yellow stepped inlay, and fully replaced fixed aachat LCD.
nouns_classified_1973/B05-MEC__Machine/noun-1311__head-snowmobile.png	B05-MEC__Machine/aachat-forge-machine-ivory-cobalt-ski-courier.png	de97f9f5d32eddd6597be489c91bf7d0967557866a304c687abc5f0f81769fd5	Ivory-and-cobalt snow-trail courier with paired ski boots, stepped snowmobile fairings, and a complete source-face replacement by the fixed integrated LCD.
nouns_classified_1973/B05-MEC__Machine/noun-1346__head-crane.png	B05-MEC__Machine/aachat-forge-machine-scarlet-hardhat-boom-rigger.png	519dd871d64b0d928c4dbd1a6a6646191283dd0dcbb0330624dad3c4ce3b5bb7	Scarlet hardhat crane-cab rigger with a rightward block boom, terracotta workwear, yellow hoist harness, and fully integrated fixed aachat LCD.
nouns_classified_1973/B05-MEC__Machine/noun-1365__head-rangefinder.png	B05-MEC__Machine/aachat-forge-machine-burgundy-rangebar-distance-scout.png	f79a2ff5b9fbc62e2aa10012baff38abe1970e47d003ce718b5a73e6b08f4ea1	Cool-gray rectangular rangefinder housing with a burgundy grip-built body and plain orange-framed chest optics; the original face was fully replaced by the integrated fixed aachat LCD.
nouns_classified_1973/B05-MEC__Machine/noun-1374__head-turing.png	B05-MEC__Machine/aachat-forge-machine-crimson-grid-cipher-steward.png	6a9bd404a1bc474d2ac0e4096b79e209e3659958edb0cd60a65d42f1829a9c16	Crimson lattice calculation steward with an emerald core and ochre band; the original display was fully replaced by the fixed front-facing aachat LCD.
nouns_classified_1973/B05-MEC__Machine/noun-1376__head-cordlessphone.png	B05-MEC__Machine/aachat-forge-machine-ivory-magenta-handset-walker.png	557dc37c950b368919b0ef75ac8bd5e8b9a7688b60d6a8d7e3ad7ccd63a33127	Reference-mode Level 4 cordless-handset walker preserving the ivory wide phone casing, magenta-violet signal accents, and orange body while structurally replacing the complete source face with the fixed integrated aachat LCD in coarse square 3D modules.
nouns_classified_1973/B05-MEC__Machine/noun-1384__head-robot.png	B05-MEC__Machine/aachat-forge-machine-graphite-redline-sentinel.png	5e62e57d69472e4424ee5346b262db7511870c3c26788689ad9c49da0fd065e0	Graphite-gray wide-head service robot with stepped ear blocks, slim legs, a vermilion torso stripe, and a fully integrated horizontal cobalt LCD.
nouns_classified_1973/B05-MEC__Machine/noun-1385__head-microwave.png	B05-MEC__Machine/aachat-forge-machine-pearl-microwave-window-attendant.png	055c2999af1a87375784779b7caa82b151b9f713361b0c23796719244431b35c	Pearl-gray microwave-window attendant with aqua glass panels, magenta controls, a dark side handle, and the complete original face structurally replaced by the fixed front-facing aachat LCD.
nouns_classified_1973/B05-MEC__Machine/noun-1387__head-console-handheld.png	B05-MEC__Machine/aachat-forge-machine-olive-handheld-keypad-keeper.png	295c0b7b60e11cbace7bc71ea62a54ab91a7c0c5941f4b17251377cdbc20bcb9	Pale olive retro handheld-console keeper with a tall keypad torso, cream cross-pad, blue/red controls, and the original face fully replaced by the fixed cobalt-glow LCD.
nouns_classified_1973/B05-MEC__Machine/noun-1416__head-microwave.png	B05-MEC__Machine/aachat-forge-machine-slate-microwave-panel-warden.png	69f72a2a3a80c16e0c3c05da76890147cd0ef9d5247fd86bfcfd38c78e95bc77	Reference-mode Level 4 slate microwave-console warden with a structural charcoal side handle, cyan vent stack, sparse multicolor control panel, coarse square 3D modules, and complete source-face replacement by the fixed aachat LCD.
nouns_classified_1973/B05-MEC__Machine/noun-1425__head-drill.png	B05-MEC__Machine/aachat-forge-machine-vermilion-drillcrown-cablewright.png	c9e993534cb990e75cc7191a4437ebca0176b9bce96265bf060d6ce21e1a906c	Vermilion stepped drill-crown worker with a right-facing steel bit, rust-brown rectangular chassis, cyan cable-wave motif, and the complete source face structurally replaced by the fixed frontal aachat LCD.
nouns_classified_1973/B05-MEC__Machine/noun-1427__head-plane.png	B05-MEC__Machine/aachat-forge-machine-violet-redbar-airframe-cadet.png	a62029b1e49de93341e3d95bf7548a5652600a193abe18a026b7f237b2ba1a75	Broad white airframe head with stepped wings, red navigation stripe, orange LCD framing, and violet cadet body; the original face is fully replaced by the fixed aachat LCD.
nouns_classified_1973/B05-MEC__Machine/noun-1439__head-cordlessphone.png	B05-MEC__Machine/aachat-forge-machine-putty-burgundy-handset-operator.png	1664ede0345bc5567925817011084b2c915695b4abbc59d1f4242122298a559e	Wide putty-beige cordless handset silhouette with burgundy keypad accents, charcoal uniform body, amber collar motif, and a fully integrated fixed aachat LCD.
nouns_classified_1973/B05-MEC__Machine/noun-1452__head-mixer.png	B05-MEC__Machine/aachat-forge-machine-charcoal-mixdeck-conductor.png	97e75bd354d95d0e614b05a945d788dd2df18d5914a7abad191a0b464f711097	Charcoal mixdeck conductor with lime-and-white controls, red crown switches, orange chassis, and a fully integrated fixed aachat LCD.
nouns_classified_1973/B05-MEC__Machine/noun-1459__head-washingmachine.png	B05-MEC__Machine/aachat-forge-machine-ivory-orange-drum-steward.png	a10e462552600d98155aa9401ee3adc66a51e34949851d6a8753daa9c341b2b4	Reference-mode washing-drum steward with ivory appliance shell, cobalt and orange uniform panels, slim black utility cane, complete source face replacement by the fixed LCD, and coarse uniform square modules.
nouns_classified_1973/B05-MEC__Machine/noun-1473__head-crt-bsod.png	B05-MEC__Machine/aachat-forge-machine-putty-cathode-ember-custodian.png	7af3a33b5c75f87a0853fd2a49904e7bef7923f590f6d75b573de7f6c7b640ab	Putty-gray vented CRT shell, ember-orange block chassis, restrained turquoise circuit motif, and complete source-face replacement with the fixed aachat LCD.
nouns_classified_1973/B05-MEC__Machine/noun-1474__head-car.png	B05-MEC__Machine/aachat-forge-machine-ivory-rooflight-road-marshal.png	a434ae4e5f2e050346c63465778ab3721639465bbd32750570848f51dc45cb98	Ivory emergency road marshal with a rescue-car cab head, red-cobalt rooflight, scarlet side fenders, navy block body, twin cyan vent panels, and complete LCD face replacement.
nouns_classified_1973/B05-MEC__Machine/noun-1509__head-washingmachine.png	B05-MEC__Machine/aachat-forge-machine-magenta-washer-panel-keeper.png	6e6c68e6a156a1fcbef355c5ff97d748f7a09f271a18dae4ac4cd7516d73ae2b	Cool-gray modular washer housing with a fully integrated fixed LCD, magenta appliance body, lime and pale-yellow control tiles, and a slim black side hose.
nouns_classified_1973/B05-MEC__Machine/noun-1514__head-cash-register.png	B05-MEC__Machine/aachat-forge-machine-burgundy-register-keypad-clerk.png	d3ded232c76fb773f98954d6aed6b4a65c5b7a25c670e9cb08fdf04ce7c138cb	Burgundy cash-register clerk with a charcoal stepped crown, integrated 1.65:1 aachat LCD, solid cobalt accent, and magenta ivory yellow key bank in coarse square modules.
nouns_classified_1973/B05-MEC__Machine/noun-1534__head-turing.png	B05-MEC__Machine/aachat-forge-machine-crimson-lattice-console-keeper.png	190dfe6f1b418410b7232a77ad83fdd439ed49a320092af014afb48123baebb7	Reference-mode crimson lattice console keeper preserving the source's broad gridded head shell, cool-gray side blocks, and pale column body while replacing the complete original face with the fixed integrated aachat LCD.
nouns_classified_1973/B05-MEC__Machine/noun-1544__head-bomb.png	B05-MEC__Machine/aachat-forge-machine-obsidian-fuse-violet-stiltwalker.png	e701ff2dffa91160a6cfa9b6dd3f0533f3373247ee6733ed861e13fbca803021	Compact obsidian fuse sentinel retaining the source's stepped bomb orb, acid-green accents, ivory stilt legs, and violet central rail, with the original face fully replaced by the fixed aachat LCD in consistent coarse square modules.
nouns_classified_1973/B05-MEC__Machine/noun-1549__head-laptop.png	B05-MEC__Machine/aachat-forge-machine-linen-clamshell-keydeck-runner.png	aee89430526a8414e3aa5a28218881dc12916e8a1e2764ba02bdd7975ee9cbc3	Compact linen-gray clamshell laptop courier with a charcoal keyboard ledge, pale-cyan lightning chest panel, fixed cobalt-glow aachat LCD, and coarse square-module limbs.
nouns_classified_1973/B05-MEC__Machine/noun-1559__head-floppy-disk.png	B05-MEC__Machine/aachat-forge-machine-charcoal-floppy-slot-archivist.png	620f1bd24cb1fb6fe6e06fce8b5c0a9cfa4f7803a21d1230bd999d137922839b	Reference-mode Level 4 floppy-disk archivist; charcoal and cool-gray block-built disk shell, cyan LCD frame, pale disk-label geometry, compact data-column body; original face fully replaced by fixed aachat LCD.
nouns_classified_1973/B05-MEC__Machine/noun-1560__head-console-handheld.png	B05-MEC__Machine/aachat-forge-machine-olive-cartridge-button-runner.png	9e4f1b1c6bb33af9bea36342a64f54fa6ecf0a25189a5eda74eb9a8d9b8e2166	Olive handheld-console runner with a structural LCD head, blue control-deck torso, and cyan/red buttons built from coarse square modules.
nouns_classified_1973/B05-MEC__Machine/noun-1577__head-snowmobile.png	B05-MEC__Machine/aachat-forge-machine-frostline-sled-trailblazer.png	6975627d967cbbd82fb35b970a172ea853685c7dfd5f95b3a93db73d73ae283e	Snowmobile fairing head with cobalt LCD, striped undercarriage torso, and tracked ski footwear in consistent coarse square modules.
nouns_classified_1973/B05-MEC__Machine/noun-1613__head-ufo.png	B05-MEC__Machine/aachat-forge-machine-magenta-saucer-pylon-envoy.png	c6edd4df969d8160ee9a92b9fc74a2f6000bc9eea2dbc98552ab30cbee506ac5	Retro UFO signal rover preserving the blue dome, pink saucer rim, and magenta pylon silhouette; source face fully replaced by the fixed LCD in coarse square 3D modules.
nouns_classified_1973/B05-MEC__Machine/noun-1621__head-crt-bsod.png	B05-MEC__Machine/aachat-forge-machine-pewter-cathode-bluecoat-operator.png	cf03c63d5846704d48c782c9b3dde9d8603036420cb4b79f76547ba7bd7b57bd	Pewter CRT service operator with a cobalt bluecoat, vented monitor shell, integrated fixed aachat LCD, and coarse square-module wrench rig.
nouns_classified_1973/B05-MEC__Machine/noun-1624__head-sailboat.png	B05-MEC__Machine/aachat-forge-machine-jade-sailmast-harbor-walker.png	cfdf51ddb45c0d5021e5a27c8ca6c6b19ff9ad5760abb7e5c195992efa53ed2c	Jade harbor walker with a sailboat hull head, stepped twin sails, and fixed LCD fully replacing the original face in coarse square 3D modules.
nouns_classified_1973/B05-MEC__Machine/noun-1629__head-bomb.png	B05-MEC__Machine/aachat-forge-machine-obsidian-ember-fuse-runner.png	614b809fec9d2b955fe9740c4eff209fcbf47112d4cf0da86ccd77122071b0d3	Reference mode Level 4: retained the source bomb-head silhouette as an obsidian coarse-module shell with ember fuse, orange uniform, and white harness; fully replaced the original face with the fixed aachat LCD.
nouns_classified_1973/B05-MEC__Machine/noun-1633__head-cordlessphone.png	B05-MEC__Machine/aachat-forge-machine-ivory-rainbow-handset-dispatcher.png	a05631c08337618e0b1338d351caab06d1e6f862e195c36c9095731c69113b43	Ivory handset-shaped LCD housing, red neck band, rainbow module torso, charcoal arms, and sturdy ivory shoes; original source face fully replaced by the fixed aachat LCD.
nouns_classified_1973/B05-MEC__Machine/noun-1642__head-skilift.png	B05-MEC__Machine/aachat-forge-machine-vermilion-gondola-pylon-porter.png	0cf249f97b41d6ebafba4f81ac7997a60faca55459b952073ad67bc8079d22c1	Vermilion and ivory gondola head with integrated fixed LCD, olive pylon body, and a fully framed charcoal cable rig built from coarse square modules.
nouns_classified_1973/B05-MEC__Machine/noun-1643__head-floppy-disk.png	B05-MEC__Machine/aachat-forge-machine-graphite-disk-stem-archivist.png	68242a464f3f10a25d02716307d46a0cdb59088319ba1e99ebb80e80be7cc770	Reference-mode floppy-disk archival automaton with graphite and silver coarse modules, restrained red data tabs, and the original face fully replaced by the fixed aachat LCD.
nouns_classified_1973/B05-MEC__Machine/noun-1646__head-turing.png	B05-MEC__Machine/aachat-forge-machine-burgundy-lattice-cipher-keeper.png	69022a82d4a11212e81c45781c9937e3cfe5caf32c85be2fe0f60f8b078ef4fc	Burgundy lattice-crown computing custodian with rust-red modular body, graphite joints, amber key-circuit chest motif, and complete fixed-LCD face replacement.
nouns_classified_1973/B05-MEC__Machine/noun-1649__head-microwave.png	B05-MEC__Machine/aachat-forge-machine-seafoam-oven-window-keeper.png	0b6a7699ce4ae0040818802b51c47acf88cd21ccb3f91358b34a088d51d4ccf6	Seafoam block-built microwave keeper with a broad navy LCD window, black side handle, right-side control stack, and tiny orange status accent; the source face is fully replaced by the fixed frontal aachat LCD.
nouns_classified_1973/B05-MEC__Machine/noun-1650__head-console-handheld.png	B05-MEC__Machine/aachat-forge-machine-celadon-button-deck-warden.png	9e9d958c637cb382c3e198e3d79984a4551ad3885af3bc585068b802eeaba7a4	Reference mode Level 4: retained the handheld-console silhouette, celadon-ivory palette, and torso control deck; fully replaced the source face with the fixed aachat LCD in coarse square 3D modules.
nouns_classified_1973/B05-MEC__Machine/noun-1651__head-console-handheld.png	B05-MEC__Machine/aachat-forge-machine-olive-crosspad-console-bearer.png	41003f45702f5933566cdd4af6eb063bf2db603220ed6cea87ae3cb3d8e31a16	Level 4 Reference mode: compact olive handheld-console bearer with warm-gray casing, red-orange control accents, and a blue crosspad chest panel; original face fully replaced by the fixed frontal aachat LCD in coarse square 3D modules; no Level 5 generated.
nouns_classified_1973/B05-MEC__Machine/noun-1655__head-fax-machine.png	B05-MEC__Machine/aachat-forge-machine-linen-magenta-fax-runner.png	3eeb0006cc5fe5335e846b43f74cd812fb7809233c8ce84a4feb22a3b2ab94b1	Warm-linen block-built fax courier preserving the source's magenta paper path, orange-and-graphite legs, olive side handset/tray and cord, with the original face fully replaced by the fixed cobalt LCD.
nouns_classified_1973/B05-MEC__Machine/noun-1660__head-fax-machine.png	B05-MEC__Machine/aachat-forge-machine-ivory-magenta-signal-clerk.png	ae2cae0a01426a5810e90279c7a01b67110248b355d54b6355b905e3bc550fbf	Warm-ivory fax clerk with blank top paper feed, graphite handset and cable, vivid magenta document chest, cyan-orange signal motif, complete structural LCD replacement, and consistent coarse square modules.
nouns_classified_1973/B05-MEC__Machine/noun-1661__head-fax-machine.png	B05-MEC__Machine/aachat-forge-machine-parchment-fax-handset-dispatcher.png	7c96d61b937f2ee5d004eecf877f6c0cf295d496b7ece8b8e8e3ed109c5d9333	Parchment-beige fax courier with stepped paper-feeder crown, olive keypad, magenta paper-path trim, graphite docked handset and contained cord; original face fully replaced by the fixed aachat LCD in coarse square 3D modules.
nouns_classified_1973/B05-MEC__Machine/noun-1667__head-vending-machine.png	B05-MEC__Machine/aachat-forge-machine-scarlet-rainbow-dispenser-steward.png	b975cf8facfb052686ab530ae136a1f95078ab0658daf4d1e9a9e33b6d9a3cd1	Level 4 vending-station steward with scarlet cabinet modules, torso stock blocks, rainbow banding, blue soles, and the original face fully replaced by the fixed LCD.
nouns_classified_1973/B05-MEC__Machine/noun-1675__head-toaster.png	B05-MEC__Machine/aachat-forge-machine-linen-toast-redframe-porter.png	11cd143fde6db51bbb72bd5dba573621c26dc42a799b04a6be335ec97fe81726	Warm linen toaster porter with a top slot crown, red LCD frame, blue work-body, and coarse square-module construction.
nouns_classified_1973/B05-MEC__Machine/noun-1677__head-cordlessphone.png	B05-MEC__Machine/aachat-forge-machine-beige-signal-cradle-runner.png	346a8e24543da7923c635d1b4245c3b2ebf3c4c75d965c9970d1cc9aeac10bbd	Reference-mode Level 4 cordless-phone signal courier with beige console head, fixed aachat LCD, scarlet modular body, dark-brown legs, and solid coarse-module receiver cradle.
nouns_classified_1973/B05-MEC__Machine/noun-1678__head-skilift.png	B05-MEC__Machine/aachat-forge-machine-scarlet-cable-cabin-ranger.png	389f44fbdf58c185a0b7c9ac23539e6c46511d5658f5a1d2e23044ee0da4a66b	Scarlet alpine ski-lift cabin ranger with a cable-and-pylon crown, cyan glazing, yellow slatted torso, and fixed aachat LCD.
nouns_classified_1973/B05-MEC__Machine/noun-1690__head-satellite.png	B05-MEC__Machine/aachat-forge-machine-tangerine-solar-wing-relay.png	8f2e6d3fa15234c207dead92e17d87b048433e09b43039ae15691d7e0d3a8951	Tangerine satellite relay walker with cream LCD shell, cobalt solar-panel wings, and centered mast antenna in coarse square modules.
nouns_classified_1973/B05-MEC__Machine/noun-1697__head-bomb.png	B05-MEC__Machine/aachat-forge-machine-charcoal-cinder-fuse-sapper.png	34a1a24697af7bbcb3f1905a887a0b9ef49216377dd8fbbf620af9eef820263f	Charcoal stepped bomb-shell fuse sapper in cinder-orange workwear; the source face is fully replaced by an integrated frontal fixed LCD, with a spacious full-body Level 4 coarse-module silhouette.
nouns_classified_1973/B05-MEC__Machine/noun-1698__head-drill.png	B05-MEC__Machine/aachat-forge-machine-orange-auger-stripe-borer.png	a3bfef946928314d0b1e0f24f7becbe0ce6bb4f61ebcb99050a005215b6dc84f	Orange drill-head worker preserving stepped tool housing and olive-ivory stripe motif, with full-body coarse square modules and complete fixed-LCD face replacement.
nouns_classified_1973/B05-MEC__Machine/noun-1701__head-fax-machine.png	B05-MEC__Machine/aachat-forge-machine-putty-redline-document-runner.png	93537fb71c42f1f202caf9e5e3a923978bf6bb34f660e768a493688a394bd5b2	Putty-beige fax document runner with red-orange feed modules, integrated side tray and cable, fixed cobalt LCD, and coarse square Level 4 construction.
nouns_classified_1973/B05-MEC__Machine/noun-1710__head-fax-machine.png	B05-MEC__Machine/aachat-forge-machine-ivory-paperline-dispatch-clerk.png	cccf857651afb640924deef7a3a5ac42aacff726ad15cf443993d4604b33fc0a	Ivory modular fax courier with paper-feed crown, paper-output torso, green status accent, handset cable, and complete fixed-LCD face replacement.
nouns_classified_1973/B05-MEC__Machine/noun-1718__head-turing.png	B05-MEC__Machine/aachat-forge-machine-crimson-lattice-terminal-warden.png	eb8b7d07d9dfb041e51d01f81002e80bf7ffb4b8cea98bfd9e55f018c1f29ac5	Compact charcoal terminal warden with a stepped crimson lattice head cage, pale-gray modular structure, restrained green body accents, and fully integrated fixed aachat LCD.
nouns_classified_1973/B05-MEC__Machine/noun-1719__head-crt-bsod.png	B05-MEC__Machine/aachat-forge-machine-sandstone-crash-console-warden.png	01692eb3f392ff2325749fa3e402fd5b07720699af1ce37ec8c3297214513c09	Reference-mode retro CRT warden with sandstone vented housing, charcoal console body, restrained cobalt and mint accents, and the original face fully replaced by the fixed frontal aachat LCD.
nouns_classified_1973/B05-MEC__Machine/noun-1725__head-microwave.png	B05-MEC__Machine/aachat-forge-machine-aqua-orange-vent-steward.png	5d42a46d701d583a2ca4079fd2541ba96d98f6b0bdda169db0423eca701bc837	Pale aqua and ivory microwave steward with an orange modular apron, side vent rail, block handle, and fully integrated fixed LCD.
nouns_classified_1973/B05-MEC__Machine/noun-1746__head-floppy-disk.png	B05-MEC__Machine/aachat-forge-machine-graphite-diskette-label-courier.png	2b4549a9339c08430ca4776b06229efafc2c9de431f4eb03c9fe8add834982dd	Reference-mode graphite floppy-disk courier; broad stepped diskette head rebuilt around the fixed LCD, with a blank pale inset, restrained yellow accents, and a cobalt coarse-module body.
nouns_classified_1973/B05-MEC__Machine/noun-1755__head-ufo.png	B05-MEC__Machine/aachat-forge-machine-cobalt-saucer-ring-walker.png	1f5436be48ba401385dee700812cd883e2e9e8642a6a9932e081327042dcb06e	Cobalt modular UFO walker with hot-pink saucer ring and antenna, indigo tower body, and fully integrated fixed LCD replacing the source face.
nouns_classified_1973/B05-MEC__Machine/noun-1759__head-laptop.png	B05-MEC__Machine/aachat-forge-machine-azure-laptop-keygrid-courier.png	2e39462f31fb2300bbbb8e65d0b2680e23fb0d6ece0bf994abdb0eee3ca430ba	Cyan laptop clamshell LCD, graphite keydeck, violet-coral modular courier body with parcel
nouns_classified_1973/B05-MEC__Machine/noun-1760__head-crane.png	B05-MEC__Machine/aachat-forge-machine-ivory-redcrest-blueframe-wader.png	a4d3e7fb065d711a4168640080bc4f3744a42289d69b37de43457801f256b570	Ivory mechanical wader with an elongated checker-module neck, stepped scarlet crest, cobalt joint frames, stable block feet, and a fully replaced integrated aachat LCD face.
nouns_classified_1973/B05-MEC__Machine/noun-1764__head-chipboard.png	B05-MEC__Machine/aachat-forge-machine-mint-tracewheel-stiltwalker.png	ddd52a535f12d7ae1a9268aa79bc6fd9d9d17a276614d037e9ff943d3caeb6ad	Reference-mode mint circuit-board stiltwalker with gold edge contacts and an off-center red-gold conductor path; the complete source face is replaced by the fixed aachat LCD in coarse square Level 4 modules with generous full-body white margin.
nouns_classified_1973/B05-MEC__Machine/noun-1768__head-camcorder.png	B05-MEC__Machine/aachat-forge-machine-porcelain-viewfinder-checker-recorder.png	83f652d283c1e4c10533323da6429140c9d6a0228faf2deeeee91689caa8bc97	Porcelain-white camcorder head with black side viewfinder, restrained red recording accents, red-green checker recorder body, complete source-face replacement by the fixed aachat LCD, and consistent coarse square Level 4 modules.
nouns_classified_1973/B05-MEC__Machine/noun-1771__head-fax-machine.png	B05-MEC__Machine/aachat-forge-machine-putty-fax-handset-clerk.png	395f1eaccbd74ccc5313950bdda8182b079fa75667ac2ae1838a9849a5a8aaba	Retro fax-machine clerk preserving the tall paper-feed crown, putty and olive chassis, cobalt controls, and right-side handset; the original face is fully replaced by the fixed aachat LCD in coarse square Level 4 modules.
nouns_classified_1973/B05-MEC__Machine/noun-1781__head-helicopter.png	B05-MEC__Machine/aachat-forge-machine-rose-cyan-rotor-courier.png	de7569990f05165f12ad677fd7693a9390cae620c043cb788662c8639df7c678	Rose-cyan helicopter courier with a fully integrated fixed aachat LCD, broad block-built rotor silhouette, lime structural accents, dark modular flight suit, and restrained gold navigation tiles.
nouns_classified_1973/B05-MEC__Machine/noun-1784__head-drill.png	B05-MEC__Machine/aachat-forge-machine-scarlet-auger-bluecoat-borer.png	af4024cae18c45fbb450994ca990e3189e15d28476b66860481cfb6062ba34e5	Scarlet stepped head-auger with cobalt workwear, charcoal hardware, and restrained yellow utility accents; original face fully replaced by the integrated fixed aachat LCD.
nouns_classified_1973/B05-MEC__Machine/noun-1789__head-taxi.png	B05-MEC__Machine/aachat-forge-machine-saffron-rooflight-street-courier.png	201d035966769e483dab4890eb89ad835432460d0c9e8bc74a0f5f7a6029710e	Compact saffron taxi-cab courier with cyan roof glazing, red bumper bands, integrated wheel hubs, and complete fixed-LCD face replacement in coarse square modules.
nouns_classified_1973/B05-MEC__Machine/noun-1804__head-drill.png	B05-MEC__Machine/aachat-forge-machine-tangerine-bore-mosaic-keeper.png	f855c0a26007a0a4459ae9d1a975d91dd26b252f2505727d8f2eb950dc5184c0	Tangerine drill-head keeper with a right-side steel bit, fixed frontal LCD, and tall cyan-yellow-magenta-lime mosaic module body.
nouns_classified_1973/B05-MEC__Machine/noun-1822__head-washingmachine.png	B05-MEC__Machine/aachat-forge-machine-porcelain-drum-hose-attendant.png	cd4f509abd196be3a3c6131cab2a1b612cebf54a5f7084f634ef66b353de4f14	Porcelain washer-head attendant with charcoal cabinet body, cobalt detergent accent, red control, and block-built hose; original round face fully replaced by fixed LCD.
nouns_classified_1973/B05-MEC__Machine/noun-1828__head-robot.png	B05-MEC__Machine/aachat-forge-machine-slate-ember-query-walker.png	e9b6b44533fa1ec50120224d6bae6db1b89b09ec570eb163a881c301d8809ea8	Broad slate console head with ember-orange bezel and side aerial modules over an olive walker chassis; source face and question-mark mark fully removed for the canonical aachat LCD.
nouns_classified_1973/B05-MEC__Machine/noun-1830__head-fax-machine.png	B05-MEC__Machine/aachat-forge-machine-sandstone-redtray-wire-clerk.png	55525cd7c0407f5b6095b0c5929b69a69835b3755c77a87897016a66d69268b0	Reference-mode retro fax clerk preserving sandstone cuboid housing, vermilion paper tray, brown block legs, and gray side cable; original face fully replaced by the fixed integrated aachat LCD.
nouns_classified_1973/B05-MEC__Machine/noun-1836__head-bomb.png	B05-MEC__Machine/aachat-forge-machine-midnight-spark-bluegrid-keeper.png	58dcdd7cade4d66f2607e7eddf3774cbbeb80369da0ec1875992a2ed39372c72	Reference mode Level4; compact charcoal bomb-shell keeper with stepped lit fuse and cobalt-cyan block torso; original face fully replaced by integrated fixed aachat LCD.
nouns_classified_1973/B05-MEC__Machine/noun-1844__head-calculator.png	B05-MEC__Machine/aachat-forge-machine-ivory-emerald-keygrid-clerk.png	aed4f72007c2824a49fea282675c5567551137f89f8a17fd55fbd67c6cff64d0	Level4 Reference mode; retro ivory calculator chassis, emerald-white keygrid torso, cobalt-black checker legs; original face fully replaced by fixed aachat LCD; coarse square modules, full-body white-background master.
nouns_classified_1973/B05-MEC__Machine/noun-1863__head-satellite.png	B05-MEC__Machine/aachat-forge-machine-violet-solar-relay-scout.png	f0acc535da1da2949c1e8fd531d0c6bbef90e1a5fa19f05f37790f24e3a8866d	Compact cobalt-violet orbital relay scout with paired modular solar wings, a top antenna, warm-gold accents, and the complete original face structurally replaced by the fixed aachat LCD.
nouns_classified_1973/B05-MEC__Machine/noun-1882__head-floppy-disk.png	B05-MEC__Machine/aachat-forge-machine-charcoal-diskette-pillar-archivist.png	59997187db7bfbea3e662b89f976665b5c83eaaa443086463e787150dc4aef25	Tall charcoal floppy-disk archivist with pale cartridge plates and yellow square rails; the original face is fully rebuilt as an integrated frontal aachat LCD.
nouns_classified_1973/B05-MEC__Machine/noun-1890__head-ufo.png	B05-MEC__Machine/aachat-forge-machine-magenta-saucer-spectrum-pilot.png	b534e68d48347a6d366a8794c054597a0bac9b55d3f64743b0b16f7cbc505253	Reference mode Level 4: magenta saucer pilot with rainbow signal bands and checker navigation belt; original face fully replaced by fixed aachat LCD.
nouns_classified_1973/B05-MEC__Machine/noun-1908__head-turing.png	B05-MEC__Machine/aachat-forge-machine-ruby-lattice-console-operator.png	305ab1d653394e4d831fa1417c19c4c0559c4ef572938083c8e61d7ff8d595cb	Ruby open-lattice LCD head, charcoal console torso, and four sparse lime, cyan, violet, and amber controls, all built from coarse square modules.
nouns_classified_1973/B05-MEC__Machine/noun-1909__head-sailboat.png	B05-MEC__Machine/aachat-forge-machine-ivory-mast-hull-navigator.png	461a11b61d179f1bc027f7d7e8301dbd2d31a891ae0762c173315ae0ce3ad174	Reference-mode ivory-masted sailboat navigator with warm russet modular hull-head, cobalt sailor body, fixed front-facing LCD, coarse square Level 4 modules, and generous full-body white margins.
nouns_classified_1973/B05-MEC__Machine/noun-1911__head-floppy-disk.png	B05-MEC__Machine/aachat-forge-machine-charcoal-diskette-bluecoat-porter.png	e32e9b2bbfe37c3bdf9a84ee080c1d868e3b0d5acedb7488b8035625a047a776	Reference mode Level 4: charcoal and light-gray floppy-disk shell, cobalt-blue coarse modular body, and plain crimson chest inset; original face and yellow eyewear fully replaced by the fixed frontal aachat LCD; no Level 5 generated.
nouns_classified_1973/B05-MEC__Machine/noun-1915__head-helicopter.png	B05-MEC__Machine/aachat-forge-machine-cyan-magenta-rotor-pilot.png	0c824f78a9b4f63b1aa2408384553fe18c222dee878e68f88552456f8614971a	Reference-mode Level 4 rotor pilot preserving the cyan helicopter cabin, magenta stepped rotor housing, lime trim, side rotor, purple-striped flight body, and warm leg accents; the source face is fully replaced by the fixed frontal aachat LCD in consistent coarse square 3D modules; no Level 5 generated.
nouns_classified_1973/B05-MEC__Machine/noun-1917__head-calculator.png	B05-MEC__Machine/aachat-forge-machine-teal-sumboard-clerk.png	0df4e651c01b26b854d4327c946d4d61afc4724a51a8aa7c8af75cdadce0a9c5	Reference-mode Level 4 calculator clerk with stepped ivory and sand casing, cobalt accents, teal key-grid chest, and coral lower chassis; original face fully replaced by the fixed aachat LCD.
nouns_classified_1973/B05-MEC__Machine/noun-1946__head-washingmachine.png	B05-MEC__Machine/aachat-forge-machine-porcelain-twin-drum-launderer.png	26cc136180df2c3a0410626d04a7a0e08ec8bcb6489e86bd76643af810aff15a	Porcelain twin-drum launderer preserves the source's pale checked washer-cabinet silhouette, cyan paired hatch motif, and dark drain-conduit relationship as uniform coarse square 3D modules while completely replacing the original face with the fixed integrated aachat LCD.
nouns_classified_1973/B05-MEC__Machine/noun-1968__head-mixer.png	B05-MEC__Machine/aachat-forge-machine-graphite-fader-signal-conductor.png	96d1c93b2b777e07edc9ec029373a903fb4fba1180f838969beedcaa82392314	Compact graphite audio-mixer character with pale fader blocks, restrained red controls, green signal accents, and a structurally integrated fixed aachat LCD.
nouns_classified_1973/B06-OBJ__Artifact_&_Architecture/noun-0003__head-boot.png	B06-OBJ__Artifact/aachat-forge-artifact-chestnut-boot-stilt-strider.png	19f48f884114b34e2ede5d152d0d5661e2fb903047e0f879271f0ebfb5816c9f	Chestnut boot-canopy architecture rebuilt around the fixed LCD, with charcoal modular limbs, emerald stilt legs, grounded block shoes, and consistent coarse square 3D construction.
nouns_classified_1973/B06-OBJ__Artifact_&_Architecture/noun-0007__head-mirror.png	B06-OBJ__Artifact/aachat-forge-artifact-walnut-reflection-pendant-steward.png	7a3f4af31315eb2d9bbcbcb47a56063b2a31a56c108205a19a179b2d88364934	Reference-mode walnut-framed mirror steward with icy-blue reflection inlays, charcoal formal modules, ivory side panels, a gold pendant, and the original face fully replaced by the fixed aachat LCD.
nouns_classified_1973/B06-OBJ__Artifact_&_Architecture/noun-0010__head-highheel.png	B06-OBJ__Artifact/aachat-forge-artifact-scarlet-stiletto-strider.png	875fe2c922d6bedfc95b6bc4b6e38364d367de0f71ca75aa1b8c96abaccd7662	Crimson high-heel head reinterpreted as a cream block-built strider with tan heel architecture and a fully integrated fixed LCD.
nouns_classified_1973/B06-OBJ__Artifact_&_Architecture/noun-0013__head-trashcan.png	B06-OBJ__Artifact/aachat-forge-artifact-rainbow-bin-lid-steward.png	aa54895b739d7ed3a20c9a246675768b7d0037f2229bd58f5b6d7a26d35f32a0	Gray handled trashcan-lid head architecture with fixed aachat LCD, rainbow checker-bin module body, slim block arms, and compact feet.
nouns_classified_1973/B06-OBJ__Artifact_&_Architecture/noun-0015__head-pill.png	B06-OBJ__Artifact/aachat-forge-artifact-coral-mint-pill-keeper.png	8ae418c780f914f3b4bcf45b65fe491de44e5e7f760ded197fc85bb8d0afbdfd	Reference-mode Level 4 split coral-and-mint pill keeper with ochre modular body, cobalt accents, and fully integrated fixed LCD.
nouns_classified_1973/B06-OBJ__Artifact_&_Architecture/noun-0016__head-queencrown.png	B06-OBJ__Artifact/aachat-forge-artifact-scarlet-jewel-crown-warden.png	249b577c290958521d248c37623121ce19a2f33dec0f40b66076e16163278652	Reference-mode scarlet crown warden; open gold-and-ivory crown lattice and cobalt jewel preserved, original face fully replaced by fixed LCD, coarse modular full-body form with generous white margins.
nouns_classified_1973/B06-OBJ__Artifact_&_Architecture/noun-0023__head-bagpipe.png	B06-OBJ__Artifact/aachat-forge-artifact-emerald-tartan-pipe-bearer.png	91cd320149272e94b22e6370666b5c87d2429a33f703142dd520d07df6b2cc4b	Dark cylindrical bagpipe bearer with emerald tartan module work, upright brown drone pipes, red-ivory fittings, and a structurally integrated fixed LCD.
nouns_classified_1973/B06-OBJ__Artifact_&_Architecture/noun-0035__head-pipe.png	B06-OBJ__Artifact/aachat-forge-artifact-briar-stack-zigzag-tender.png	ba932de71b0d7d55bafe299a1d5cdccefc13e41388be6de175e531764a27593e	Reference-mode Level 4 briar smoking-pipe tender with a tall brown block bowl, long horizontal stem, coral rim, warm-gray column body, white zigzag inlay, and complete source-face replacement by the fixed integrated aachat LCD.
nouns_classified_1973/B06-OBJ__Artifact_&_Architecture/noun-0041__head-wallet.png	B06-OBJ__Artifact/aachat-forge-artifact-mint-clasp-wallet-bearer.png	43e305458bdd9de597a18f69fd24b66f9654d7e08e762dc1a9d21228cda57e39	Broad brown clasped wallet head rebuilt around the fixed LCD, with a mint modular courier body, cobalt linked emblem, ivory strap, and coarse square 3D construction.
nouns_classified_1973/B06-OBJ__Artifact_&_Architecture/noun-0044__head-volleyball.png	B06-OBJ__Artifact/aachat-forge-artifact-ivory-volleyball-setter.png	d666cf2268a293bfb5848d17dfff6564f5c90220142b900eb262c721840615fe	Reference-mode Level 4: broad ivory volleyball-panel head shell rebuilt from coarse square modules around the fixed frontal LCD, with compact emerald jersey body, cobalt trim, athletic block shoes, and generous full-body white-space framing.
nouns_classified_1973/B06-OBJ__Artifact_&_Architecture/noun-0048__head-bagpipe.png	B06-OBJ__Artifact/aachat-forge-artifact-highland-reed-sentinel.png	8971a5b45a35d498d117e6ed164b277058a6250b6db6ea2139cc1737b9631d7e	Level 4 Highland Reed Sentinel; reference-led bagpipe silhouette with a dark-walnut airbag torso, forest-green harness, three rear drone pipes, fully replaced front LCD, and consistent coarse square modules.
nouns_classified_1973/B06-OBJ__Artifact_&_Architecture/noun-0050__head-dictionary.png	B06-OBJ__Artifact/aachat-forge-artifact-cobalt-lexicon-tile-scribe.png	fd7ba4cb701eff8673f25986842a8d07d47789720891dea3ff776e71d3d93496	Open white lexicon head with cobalt edging, magenta tile body, cyan page-mark accents, and a structurally integrated fixed LCD in consistent coarse square modules.
nouns_classified_1973/B06-OBJ__Artifact_&_Architecture/noun-0051__head-film-35mm.png	B06-OBJ__Artifact/aachat-forge-artifact-amber-twin-window-filmkeeper.png	b277f9603bdbbf8d7ff2bd4db727f98ef331ef87ecef688a091e7f2bdf249b3e	Broad amber camera-head architecture with orange side housing, paired green-and-blue torso windows, and violet modular limbs; the original face was fully removed and structurally replaced by the fixed aachat LCD.
nouns_classified_1973/B06-OBJ__Artifact_&_Architecture/noun-0052__head-retainer.png	B06-OBJ__Artifact/aachat-forge-artifact-coral-brace-canopy-keeper.png	527c6e4b46c18c389c50a6cd5451286adca9bf31739330ac09d24bca1f186d5d	Coral stepped head-retainer canopy structurally frames the fixed LCD above a compact mint block keeper body with restrained charcoal bracing.
nouns_classified_1973/B06-OBJ__Artifact_&_Architecture/noun-0060__head-wizardhat.png	B06-OBJ__Artifact/aachat-forge-artifact-cobalt-starcap-column-mage.png	38d49371a5d9d6b9b786526188a653866842424c8016f1e33477edf3dea08807	Reference-mode cobalt starcap column mage with yellow stellar accents, lime-blue stripe rhythm, warm orange trim, consistent coarse square modules, and the source glasses-face fully replaced by the fixed aachat LCD.
nouns_classified_1973/B06-OBJ__Artifact_&_Architecture/noun-0062__head-lipstick2.png	B06-OBJ__Artifact/aachat-forge-artifact-scarlet-lipstick-column-keeper.png	d79a316bb1d6595b0a00abc91cb8185b5b105f183b60252efb806eb5d281ef67	Reference-mode Level 4 scarlet lipstick-tower keeper with stepped red crown, yellow collar, violet column body, fixed LCD, and generous full-body white margin; first attempt rejected for insufficient framing, second passed.
nouns_classified_1973/B06-OBJ__Artifact_&_Architecture/noun-0067__head-baseball-gameball.png	B06-OBJ__Artifact/aachat-forge-artifact-ivory-seam-ball-shortstop.png	05f8837f0e9fc7a1b6097672c4648ce13210993d13865e63e195067a37979305	Ivory baseball-seam module head with rust uniform and cyan neck tabs; fixed LCD fully replaces the original face.
nouns_classified_1973/B06-OBJ__Artifact_&_Architecture/noun-0069__head-film-35mm.png	B06-OBJ__Artifact/aachat-forge-artifact-saffron-film-gate-archivist.png	ac337b9966851efbda66de94cb3469a3a0ee079968829bc00e8851b513ce0aaf	Reference-mode saffron 35mm film-gate archivist with orange sprocket side frame, russet modular boots, complete source-face replacement by the fixed aachat LCD, coarse square Level 4 modules, and generous full-body white margins.
nouns_classified_1973/B06-OBJ__Artifact_&_Architecture/noun-0070__head-cone.png	B06-OBJ__Artifact/aachat-forge-artifact-tangerine-cone-pillar-warden.png	30d1b164982d83f9ed8ff403b9ca839cb6109841c51b3094fbf71c60396c584d	Tangerine cone-crown signal pillar with ivory safety bands, stable block boots, and a structurally integrated canonical LCD.
nouns_classified_1973/B06-OBJ__Artifact_&_Architecture/noun-0071__head-road.png	B06-OBJ__Artifact/aachat-forge-artifact-yellow-overpass-signal-bearer.png	11552add4c04d0b54aff18f5ca54daa8c7ef1fedac355b26b338a4b321c7fc0c	Charcoal overpass-deck LCD housing, safety-yellow lane bar, and tapered bridge-pier body unified in coarse square modules; source face fully replaced by the fixed aachat LCD.
nouns_classified_1973/B06-OBJ__Artifact_&_Architecture/noun-0078__head-pipe.png	B06-OBJ__Artifact/aachat-forge-artifact-copper-flue-sentinel.png	bff77cde812b7586bdb8555766df21036e9ff6a8df677d9414b4d59fbf9c2333	Copper flue sentinel preserving the source's stepped copper pipe, dark masonry head, and plum body while structurally replacing the original face with the fixed aachat LCD.
nouns_classified_1973/B06-OBJ__Artifact_&_Architecture/noun-0091__head-film-strip.png	B06-OBJ__Artifact/aachat-forge-artifact-cobalt-sprocket-frame-projectionist.png	94411dec45a3fa83c24d87d3d593d201096cfc400fbcc38523303020bc047912	Broad black film-gate head with cobalt side rails, magenta-red coarse modular body, a yellow registration accent, and an integrated sprocket ribbon; the source face is structurally replaced by the fixed frontal aachat LCD.
nouns_classified_1973/B06-OBJ__Artifact_&_Architecture/noun-0093__head-toiletpaper-full.png	B06-OBJ__Artifact/aachat-forge-artifact-ivory-roll-spindle-keeper.png	50f1994c23e507bd2a1c316701c27a357287208aaf1df5db43afb1e10302f1d0	Reference-mode ivory paper-roll spindle keeper with charcoal utility modules, a short block-built paper tail, and the complete original face system structurally replaced by the fixed aachat LCD.
nouns_classified_1973/B06-OBJ__Artifact_&_Architecture/noun-0095__head-house.png	B06-OBJ__Artifact/aachat-forge-artifact-russet-gable-homestead-keeper.png	8c905586520a6d46078cc8662e8377e5f3fd6b30e4f26ec937496a8485a797ec	Reference-mode walking gable homestead in russet timber and white plaster modules; fixed LCD replaces the original face, with green windows confined to the torso.
nouns_classified_1973/B06-OBJ__Artifact_&_Architecture/noun-0104__head-weight.png	B06-OBJ__Artifact/aachat-forge-artifact-graphite-mosaic-counterweight-keeper.png	b185ab80092a50a5a632d29be9454e3dd4d191a7127a73a820ab59b451d2bd34	Graphite counterweight head with orange structural trim and rainbow mosaic body, rebuilt around the fixed front-facing LCD in coarse square modules with generous white breathing room.
nouns_classified_1973/B06-OBJ__Artifact_&_Architecture/noun-0107__head-cd.png	B06-OBJ__Artifact/aachat-forge-artifact-mint-spectrum-disc-herald.png	c05a8c257e5dc26f765ec4503747ba0f1f8d8e755de02e3a343424ea0826dd86	Reference-mode Level 4 with a mint compact-disc ring, rainbow radial modules, slim terracotta body, and complete fixed-LCD face replacement.
nouns_classified_1973/B06-OBJ__Artifact_&_Architecture/noun-0109__head-stapler.png	B06-OBJ__Artifact/aachat-forge-artifact-scarlet-stapler-jaw-clerk.png	bb2f88a3c7971bf351ccbc38cac86a02b00433352f349cd8dc5fa00b0cdb697c	Scarlet stapler-jaw silhouette rebuilt around the fixed frontal LCD with a charcoal pillar clerk body in coarse square modules.
nouns_classified_1973/B06-OBJ__Artifact_&_Architecture/noun-0111__head-retainer.png	B06-OBJ__Artifact/aachat-forge-artifact-magenta-capsule-dispenser.png	bda4cab7955e7aad03517095d9a41dc20001172d13fd3ae4b54e16e2cecd71f5	Vivid magenta capsule dispenser with stepped side braces, one integrated LCD, and sparse same-scale block-built prize tokens behind a clear torso chamber.
nouns_classified_1973/B06-OBJ__Artifact_&_Architecture/noun-0114__head-outlet.png	B06-OBJ__Artifact/aachat-forge-artifact-ivory-socket-spark-steward.png	06bf3d4a929d1a25c621abbfa49c23a13df0a96f449b61d6c58bf3a360e22016	Ivory electrical-utility steward with a broad LCD housing, gray conduit limbs, and an asymmetric golden energy cluster; the source outlet-face pattern is fully removed.
nouns_classified_1973/B06-OBJ__Artifact_&_Architecture/noun-0115__head-crystalball.png	B06-OBJ__Artifact/aachat-forge-artifact-violet-orb-console-keeper.png	632a13e38e89158cfca80219fdd3a56be7644acab2b156413073e83c381d33cc	Reference-mode Level 4 with a faceted violet crystal-orb shell, sparse gold star inlays, and a vermilion stepped oracle-console body; the fixed front-facing LCD fully replaces the source face and the entire character uses coarse square 3D modules.
nouns_classified_1973/B06-OBJ__Artifact_&_Architecture/noun-0122__head-gavel.png	B06-OBJ__Artifact/aachat-forge-artifact-walnut-gavel-dais-keeper.png	f955c9b3eb94a2cca72a499cdd19c1ac85ed9a23b2c8d6d8893fdd91f26fc299	Reference-mode Level 4 tribunal attendant with integrated walnut gavel canopy and side mallet, amber verdict-dais body, fixed frontal cobalt LCD, and coarse square 3D modules.
nouns_classified_1973/B06-OBJ__Artifact_&_Architecture/noun-0126__head-ruler-triangular.png	B06-OBJ__Artifact/aachat-forge-artifact-raspberry-drafting-wedge-surveyor.png	645333e3846faa2d874f109013e4eb36a671d2038f561bb68dbde1bf67963b30	Raspberry triangular drafting-wedge head rebuilt around the fixed LCD, with a warm drafting-frame body and green bands in coarse square modules.
nouns_classified_1973/B06-OBJ__Artifact_&_Architecture/noun-0128__head-paintbrush.png	B06-OBJ__Artifact/aachat-forge-artifact-scarlet-bristle-checker-painter.png	ead9a3dd217709ec92426a86954da671707baa421d4ba5b9fb596a295c51e0b4	Reference-mode Level 4 reinterprets the head-paintbrush source as a yellow-bristle gray-ferrule scarlet-paint crown around a fully integrated frontal LCD with a blue-white checker modular body.
nouns_classified_1973/B06-OBJ__Artifact_&_Architecture/noun-0129__head-cassettetape.png	B06-OBJ__Artifact/aachat-forge-artifact-onyx-cassette-pedestal-keeper.png	14b471dbe9954d7ee9f6df1005ae9c3d0e731bb05085f1b6e5ddcf774ca789f6	Broad black cassette-deck LCD shell over an ochre pedestal body with cyan-mint signal tiles and consistent coarse square modules; the original face is fully replaced by the canonical 28:17 LCD.
nouns_classified_1973/B06-OBJ__Artifact_&_Architecture/noun-0131__head-snowglobe.png	B06-OBJ__Artifact/aachat-forge-artifact-snowbound-shrine-sentinel.png	1bbbb967105adc91cab19d320648bf9286f70d8273a8e217c8a20bc76df94d2e	Reference-mode snow-globe shrine sentinel preserving the icy-blue dome, warm shrine frame, checker band, graphite supports, and restrained red accents; the source window face is fully replaced by the fixed aachat LCD.
nouns_classified_1973/B06-OBJ__Artifact_&_Architecture/noun-0134__head-vent.png	B06-OBJ__Artifact/aachat-forge-artifact-rose-louver-pillar-warden.png	39f24cb4a76d1fc05db6de713ee1b7870f7589e0a092f0cce9ceda187295c701	Broad pale-gray vent-canopy guardian with rose louver chest intakes, an ochre pillar body, and cobalt maintenance accents; the source grille face is fully replaced by the fixed frontal aachat LCD.
nouns_classified_1973/B06-OBJ__Artifact_&_Architecture/noun-0135__head-boxingglove.png	B06-OBJ__Artifact/aachat-forge-artifact-crimson-mitt-cornerkeeper.png	be6aade442720d3af9fbf96b55124ebdb0ae3c8a642d38236b0c9e390990783b	Oversized crimson boxing-mitt head shell with stepped crown and side thumb mass, orange training tunic, teal shoulder accents, red sparring gloves, and sturdy modular shoes rebuilt around the fixed aachat LCD.
nouns_classified_1973/B06-OBJ__Artifact_&_Architecture/noun-0136__head-bank.png	B06-OBJ__Artifact/aachat-forge-artifact-granite-pediment-vault-keeper.png	45b3a3d4effd74b7a22a1c2954bfadec3ff1966e0034cbf2a3a18e431da9c04f	Granite bank-temple keeper with stepped pediment crown, paired amber vault windows, limestone deposit-box torso, and a fully integrated frontal aachat LCD.
nouns_classified_1973/B06-OBJ__Artifact_&_Architecture/noun-0137__head-watch.png	B06-OBJ__Artifact/aachat-forge-artifact-ivory-crown-violet-timekeeper.png	b8b148409e9fe94fa89a7d873004a841ae1bd714b943b350c7fbd068c76dfd88	Ivory square watch-case timekeeper with amber crown and pushers, violet block tunic, and the original face fully replaced by the fixed cobalt-glow aachat LCD; consistent coarse square modules and full-body white-space framing.
nouns_classified_1973/B06-OBJ__Artifact_&_Architecture/noun-0139__head-lock.png	B06-OBJ__Artifact/aachat-forge-artifact-magenta-shackle-lock-warden.png	cc56bb3e5b8ecc4e86ed4fbf2851ca5524500e70e189d399b9426b1976018f4c	Golden shackle lock head over magenta slab body with canonical LCD.
nouns_classified_1973/B06-OBJ__Artifact_&_Architecture/noun-0143__head-saw.png	B06-OBJ__Artifact/aachat-forge-artifact-coral-sawblade-timberwright.png	91b10453a2ba74a18c155c9742509a2a3fa4c936e734672c4ce5b8cd3a49f693	Coral-orange block-built timberwright with a graphite sawblade cranial extension, walnut counter-frame, restrained brass fittings, and complete LCD face replacement.
nouns_classified_1973/B06-OBJ__Artifact_&_Architecture/noun-0147__head-pyramid.png	B06-OBJ__Artifact/aachat-forge-artifact-russet-pyramid-ridge-warden.png	91ea65d95988c311a392ccca24dec27b2090d85a733a9afc0b4dd2b0a4fc4c91	Reference-mode Level 4 ridge warden with a broad russet-taupe stepped pyramid canopy, scarlet modular tower body, ivory trim, and the complete source face structurally replaced by the fixed front-facing aachat LCD.
nouns_classified_1973/B06-OBJ__Artifact_&_Architecture/noun-0151__head-watch.png	B06-OBJ__Artifact/aachat-forge-artifact-gilded-check-dialkeeper.png	218339108ee1f03b04f3e2f7e629a2394b2d597e3fbd2dbb88452fbc2ccfe980	Ivory modular watch-case timekeeper with gilded crown hardware, a fixed frontal LCD replacing the complete source face, and a magenta-violet-cyan checker body.
nouns_classified_1973/B06-OBJ__Artifact_&_Architecture/noun-0153__head-toiletpaper-full.png	B06-OBJ__Artifact/aachat-forge-artifact-ivory-tissue-spool-tender.png	adc18af1691978da3c4f4f6b3e56e7b531057d59fd84e270bc90550a332a6d7d	Broad ivory tissue-roll housing with twin spindle caps, charcoal modular limbs, and a central folded-paper cascade; the original face system is fully replaced by the fixed cobalt LCD.
nouns_classified_1973/B06-OBJ__Artifact_&_Architecture/noun-0154__head-cd.png	B06-OBJ__Artifact/aachat-forge-artifact-prismatic-disc-archivist.png	c92744d658d93b4dd43c585276f214fdbfef45c8902305e40fb05499a1f0504f	Prismatic optical-disc archivist with a stepped mint disc housing, restrained rainbow media bands, cyan column body, and the original face fully replaced by the fixed aachat LCD.
nouns_classified_1973/B06-OBJ__Artifact_&_Architecture/noun-0157__head-saw.png	B06-OBJ__Artifact/aachat-forge-artifact-walnut-sawcrest-timber-warden.png	28e42eaab3070c64ac5383788d35f8d0170a8c5b9a35a4f8398ced40c26f8687	Block-built walnut-handled silver saw-head warden with the original face fully replaced by one integrated fixed aachat LCD.
nouns_classified_1973/B06-OBJ__Artifact_&_Architecture/noun-0164__head-pirateship.png	B06-OBJ__Artifact/aachat-forge-artifact-walnut-sail-deck-corsair.png	b2d94c12a9c6c6d185fbe7cde32bcd32c6a4f8511544c9cdf5a1fa41381bf8b7	Walnut pirate-ship head rebuilt structurally around the fixed LCD, with scarlet sails, an ochre bowsprit, green-black striped legs, and consistent coarse square modules.
nouns_classified_1973/B06-OBJ__Artifact_&_Architecture/noun-0169__head-hockeypuck.png	B06-OBJ__Artifact/aachat-forge-artifact-charcoal-rink-puck-warden.png	89a42294f87d2062f59c173fc4499b1c2299b9b864ec2a0e78a0c17d81e02843	Reference-mode Level 4 charcoal hockey-puck rink warden with a wide stepped disc head, scarlet rink-rim accents, compact dark modular body, yellow diagonal stick-stripe motif, fixed LCD, and generous full-body white margin; first attempt passed.
nouns_classified_1973/B06-OBJ__Artifact_&_Architecture/noun-0171__head-pipe.png	B06-OBJ__Artifact/aachat-forge-artifact-russet-flue-mosaic-warden.png	1f4e3baef2aa41e5ff8ea49e4a5455a9a8f5b709bb4d121480bb48c58e59c165	Reference-mode russet flue-mosaic warden preserving the source horizontal pipe silhouette and blue-green diagonal mosaic, rebuilt from consistent coarse square 3D modules with the original face fully replaced by the fixed aachat LCD.
nouns_classified_1973/B06-OBJ__Artifact_&_Architecture/noun-0172__head-cassettetape.png	B06-OBJ__Artifact/aachat-forge-artifact-graphite-cassette-totem-archivist.png	ff91c15707738e30fdef97edde8ca25b7f410e5f5a84ce2119350d6f14f70aa0	Graphite cassette-head totem with warm beige block body and cyan green yellow media accents; original face fully replaced by the fixed aachat LCD.
nouns_classified_1973/B06-OBJ__Artifact_&_Architecture/noun-0176__head-retainer.png	B06-OBJ__Artifact/aachat-forge-artifact-coral-retainer-crest-keeper.png	81f7562200d6523f14d7116e2c8e1e44aaf2e0609cfd6405247c63b76afb209a	Reference-mode Level 4: cobalt pedestal keeper with coral stepped retainer crest, emerald/navy insets, plain amber-red clasp, fixed LCD, and coarse square 3D modules.
nouns_classified_1973/B06-OBJ__Artifact_&_Architecture/noun-0186__head-queencrown.png	B06-OBJ__Artifact/aachat-forge-artifact-crimson-jewel-coronet-regent.png	2c0c93cf46439f4134ff0c25d1a772cb3098d8d67c45f31a2b41dc91e203b485	Wide scarlet-and-gold jeweled crown with stepped arch silhouette and cobalt column body; original face fully replaced by an integrated aachat LCD in coarse square modules.
nouns_classified_1973/B06-OBJ__Artifact_&_Architecture/noun-0188__head-wall.png	B06-OBJ__Artifact/aachat-forge-artifact-terracotta-parapet-watchkeeper.png	a17489566df9ed882baec9123f50d3c694464d5394126899272ae2861f5ea192	Terracotta brick parapet watchkeeper with stepped capstones, charcoal mortar bands, and a fully integrated fixed aachat LCD.
nouns_classified_1973/B06-OBJ__Artifact_&_Architecture/noun-0191__head-piggybank.png	B06-OBJ__Artifact/aachat-forge-artifact-magenta-coin-slot-treasurer.png	a840b83dae772ab50e13744d39c3c59b0f25fd60f92bbe32428a75a236a907fa	Magenta piggy-bank vault shell with top coin slot, olive treasurer uniform, and complete fixed-LCD face replacement in coarse square modules.
nouns_classified_1973/B06-OBJ__Artifact_&_Architecture/noun-0192__head-shower.png	B06-OBJ__Artifact/aachat-forge-artifact-cobalt-raincap-volt-steward.png	3eb77acd2370013b5bf56cc24919380b01249f30864479bc283ee7f78a5a8ff1	Level 4 cobalt showerhead rainfall steward; source canopy, rain, and electric motif retained; original face fully replaced by fixed aachat LCD; coarse square 3D modules; full-body white-background composition.
nouns_classified_1973/B06-OBJ__Artifact_&_Architecture/noun-0195__head-firehydrant.png	B06-OBJ__Artifact/aachat-forge-artifact-scarlet-hydrant-sentinel.png	34a0ffdb39e4b8f8335ad441711a288500665c331a079cec708b9dd9640dd754	Reference-mode Level 4 fire-hydrant guardian; scarlet stepped dome and side nozzles, ivory service-column body, fixed LCD face, coarse square modules, and generous full-body white-margin framing.
nouns_classified_1973/B06-OBJ__Artifact_&_Architecture/noun-0198__head-clutch.png	B06-OBJ__Artifact/aachat-forge-artifact-magenta-temple-clasp-sentinel.png	f914b068ff033d6f306f4b6bdd8666fcc5663a571d4ff8f97e5510efeb921fc1	Magenta square sentinel preserving the source head-clutch gesture with a gold articulated temple hand, cyan accents, and a fully integrated fixed aachat LCD.
nouns_classified_1973/B06-OBJ__Artifact_&_Architecture/noun-0201__head-film-strip.png	B06-OBJ__Artifact/aachat-forge-artifact-ink-perforation-ribbon-custodian.png	64c1fb7528980c66aafeefeb8b9e533476525cec4d82fa8ce6a2ad5c70dcc4d1	Reference-mode Level 4 film-strip custodian with a perforated reel head housing, charcoal and cobalt block modules, integrated fixed LCD, and a held film reel.
nouns_classified_1973/B06-OBJ__Artifact_&_Architecture/noun-0203__head-wallet.png	B06-OBJ__Artifact/aachat-forge-artifact-crimson-billfold-buckle-steward.png	57a60fccb4de84ce7c7e71cbe2ee417e74a3c4d2b04575ecb13da61bb026cc5e	Reference-mode Level 4 crimson billfold buckle steward; layered taupe-brown wallet head, crimson trim, cobalt top seam, ivory body, and golden buckle strap preserved as coarse square 3D modules, with the original face fully replaced by the fixed integrated aachat LCD and generous full-body white margins.
nouns_classified_1973/B06-OBJ__Artifact_&_Architecture/noun-0204__head-boot.png	B06-OBJ__Artifact/aachat-forge-artifact-umber-boot-crown-clerk.png	c275a4657da1e7b015d605357d618221c35c4595a11faf4df7f27dfcfd2e0706	Top-heavy chestnut boot-head architecture with integrated orange-rim LCD, slim sky-blue module body, and checker bow-tie motif.
nouns_classified_1973/B06-OBJ__Artifact_&_Architecture/noun-0212__head-boot.png	B06-OBJ__Artifact/aachat-forge-artifact-mahogany-boot-console-porter.png	65e294017c70019fc24ce7825f6c5fecc72f5edabe28e47dfab4f084c409edc3	Warm mahogany boot-shaped console porter with an ivory pedestal body, RGB chest controls, and a fully integrated fixed cobalt LCD, rebuilt in coarse square Level 4 modules.
nouns_classified_1973/B06-OBJ__Artifact_&_Architecture/noun-0232__head-glasses-big.png	B06-OBJ__Artifact/aachat-forge-artifact-violet-twinframe-grid-surveyor.png	434a85349bf8fceca00c079d0a8925a18992dc19e9e9b5c779276771693c23c2	Violet twinframe grid surveyor preserving the source's oversized angular purple frame silhouette, pale inset accents, and cyan gridded body while structurally replacing the complete glasses-face system with the fixed front-facing aachat LCD in coarse square Level 4 modules.
nouns_classified_1973/B06-OBJ__Artifact_&_Architecture/noun-0233__head-clutch.png	B06-OBJ__Artifact/aachat-forge-artifact-magenta-clasp-purse-steward.png	71d51f8aa4e8c237f23b676970685e33a6afda545379ccd01dc5a04ac6e34737	Magenta clutch-purse shell steward with burgundy modular body, violet clasp, cyan-yellow accents, and fully integrated fixed LCD.
nouns_classified_1973/B06-OBJ__Artifact_&_Architecture/noun-0235__head-fence.png	B06-OBJ__Artifact/aachat-forge-artifact-cedar-palisade-field-keeper.png	564a95ae98f9716d8648cb5b32878825641a155d3e1d8f6a715b51e04643ef08	Warm cedar palisade crown rebuilt from coarse square modules around the exact LCD; olive field-keeper body preserves the source palette and silhouette.
nouns_classified_1973/B06-OBJ__Artifact_&_Architecture/noun-0237__head-trashcan.png	B06-OBJ__Artifact/aachat-forge-artifact-graphite-lid-checker-custodian.png	1bca67c6950cc396ba4d4958f92b581cd2d1544b7feaef60307edc32d3c32c50	Graphite handled trashcan-lid head architecture rebuilt around the fixed aachat LCD, with a bright checker-bin module body, lime accents, simple block limbs, and sturdy square feet.
nouns_classified_1973/B06-OBJ__Artifact_&_Architecture/noun-0243__head-pillow.png	B06-OBJ__Artifact/aachat-forge-artifact-scarlet-pillow-gecko-scholar.png	bc172bea6749317202dfdd0aecebccd8946b8812c6f7b210f9975184e7f65ddc	Reference-mode Level 4 pillow-headed scholar; white stepped pillow shell, scarlet module tunic, green gecko crest, pale-blue accents, fixed near-frontal LCD.
nouns_classified_1973/B06-OBJ__Artifact_&_Architecture/noun-0246__head-shower.png	B06-OBJ__Artifact/aachat-forge-artifact-cobalt-rainhead-stall-tender.png	c90bd5d49a72bd7ee4f68260dc05ead78fe71a33472d6009319debbafec24fd4	Compact cobalt rainhead and graphite shower-stall tender with attached drip fringe, mint control, and coral valve; source face fully replaced by fixed LCD.
nouns_classified_1973/B06-OBJ__Artifact_&_Architecture/noun-0247__head-queencrown.png	B06-OBJ__Artifact/aachat-forge-artifact-azure-royal-coronet-regent.png	9d3f7d33e35cdcb5bcfdf3146f5116d8c2208cec7f0d4ba87d469d9d7d596c95	Pale sky-blue block regent with a stepped gold coronet, red jewel caps, cobalt inlays, and a fully integrated fixed aachat LCD.
nouns_classified_1973/B06-OBJ__Artifact_&_Architecture/noun-0250__head-pirateship.png	B06-OBJ__Artifact/aachat-forge-artifact-ebony-crossbones-shipwright.png	72462b4b0025b53c73d1d8ea20f1ec57c2f835c99c1df2bc4ed9265ba4c80bd4	Reference-mode walking pirate shipwright with black sails, walnut hull, compact wheel tool, and a fixed aachat LCD fully replacing the source face in coarse square 3D modules.
nouns_classified_1973/B06-OBJ__Artifact_&_Architecture/noun-0251__head-bell.png	B06-OBJ__Artifact/aachat-forge-artifact-sunlit-bell-signal-warden.png	10992bf6efdae000b5f9fa7b68ae61aa7e65876651c0a807d2e69cff1b7ccd9b	Reference-mode sunlit bell signal warden preserving the source yellow flanged bell silhouette, red trim, pale-blue tabard, and sparse signal-color mosaic, rebuilt from consistent coarse square 3D modules with the original face fully replaced by the fixed aachat LCD.
nouns_classified_1973/B06-OBJ__Artifact_&_Architecture/noun-0253__head-crystalball.png	B06-OBJ__Artifact/aachat-forge-artifact-violet-orb-frost-keeper.png	94315fba2f75c2e625bf02d3e41f3a639375ee27d4a095c024e59d0d702a95f0	Stepped violet crystal-orb head with a fully integrated fixed LCD, charcoal pedestal body, and restrained frost-crystal chest inlay in consistent coarse square modules.
nouns_classified_1973/B06-OBJ__Artifact_&_Architecture/noun-0255__head-fence.png	B06-OBJ__Artifact/aachat-forge-artifact-cedar-picket-checker-gatekeeper.png	dcef29fd1acf043f843bfa0256c59de6c9264395679aee8839451378017633d6	Cedar picket gatekeeper with a green-magenta checker body, coarse square modules, and the original face fully replaced by the fixed aachat LCD.
nouns_classified_1973/B06-OBJ__Artifact_&_Architecture/noun-0264__head-toothbrush-fresh.png	B06-OBJ__Artifact/aachat-forge-artifact-mint-bristle-bar-hygienist.png	1d8aa34d1d4d58a4bfd638c14350d942e9dbcb2e3b489bb603e8f2c70c201742	Lime toothbrush-headed hygienist with white modular bristles, cobalt side handle, charcoal work body, and the original face fully replaced by the fixed aachat LCD in coarse square modules.
nouns_classified_1973/B06-OBJ__Artifact_&_Architecture/noun-0268__head-film-35mm.png	B06-OBJ__Artifact/aachat-forge-artifact-saffron-celluloid-stripe-runner.png	c48699912bcd403d5818e4f9d101441325c2676c17834d3c32cf236501163070	Saffron 35mm film-gate head with dark sprocket recesses, magenta side tab, and blue-rust striped coarse square-module body; source face fully replaced by fixed LCD.
nouns_classified_1973/B06-OBJ__Artifact_&_Architecture/noun-0269__head-calendar.png	B06-OBJ__Artifact/aachat-forge-artifact-saffron-desk-calendar-keeper.png	9a8d72e92ce88b06ff267f584b507d06e5fc502fcb6a3803910cdc21977f70d7	Spiral-bound ivory desk-calendar keeper with saffron easel architecture, cobalt trim, and a fully replaced fixed aachat LCD face.
nouns_classified_1973/B06-OBJ__Artifact_&_Architecture/noun-0271__head-mailbox.png	B06-OBJ__Artifact/aachat-forge-artifact-mint-stripe-flagbox-courier.png	fff967e08d3e415d017175f16c630c8fd110cbde994c96c12b5a112f00265f20	Mint-and-blush striped walking mailbox courier with graphite modular shell, raised crimson signal flag, attached mail ledge and satchel, and the complete source face structurally replaced by the fixed cobalt aachat LCD.
nouns_classified_1973/B06-OBJ__Artifact_&_Architecture/noun-0272__head-pill.png	B06-OBJ__Artifact/aachat-forge-artifact-scarlet-capsule-kiosk.png	0874e768da2b99b5eb6613accf5624788e118ecc749c2afba1f57292f10daf37	Broad split scarlet-and-mint capsule head shell, burgundy kiosk body, white capsule chest emblem, and complete source-face replacement around the fixed aachat LCD in coarse square 3D modules.
nouns_classified_1973/B06-OBJ__Artifact_&_Architecture/noun-0275__head-faberge.png	B06-OBJ__Artifact/aachat-forge-artifact-sapphire-gilded-egg-curator.png	1f046c6ecde8447baa0477a761cc02224be88c4cb15ac3535109621d41fcfdbf	Sapphire-and-gold jeweled egg curator with a green-white striped modular body and compact jeweled staff; the source face is fully replaced by the fixed frontal aachat LCD in coarse square 3D modules.
nouns_classified_1973/B06-OBJ__Artifact_&_Architecture/noun-0280__head-dictionary.png	B06-OBJ__Artifact/aachat-forge-artifact-cobalt-openbook-wordkeeper.png	3744d371ec801cd7ed1d8c89342d56006e56e4e8168f9492b1bc3e60a0520a72	Open dictionary head with cobalt binding and stepped white page modules, integrated fixed LCD, and a slender cobalt-violet bookmark body in a mild walking pose.
nouns_classified_1973/B06-OBJ__Artifact_&_Architecture/noun-0281__head-mirror.png	B06-OBJ__Artifact/aachat-forge-artifact-coral-mirrorframe-sentinel.png	2c3e26b511db0b06ff5b0be271c871d212c140bbb3a6659b7a38cdc8e51a6974	Reference-mode Level 4 mirror-frame sentinel with pale-cyan reflective tiles, warm brown rim, coral pedestal body, ivory-gold chest tab, coarse square 3D modules, and complete source-face replacement by the fixed aachat LCD.
nouns_classified_1973/B06-OBJ__Artifact_&_Architecture/noun-0288__head-gavel.png	B06-OBJ__Artifact/aachat-forge-artifact-crimson-verdict-shrine-keeper.png	821264f58b02abef16bcb2458aee582da211161e34acae5d5db7fb8ad5fa5a53	Reference-mode Level 4 gavel-headed tribunal sentinel with a broad dark-walnut beam crown, crimson lacquered dais body, warm-gold trim and sunburst seal, and the fixed front-facing aachat LCD.
nouns_classified_1973/B06-OBJ__Artifact_&_Architecture/noun-0293__head-glasses-big.png	B06-OBJ__Artifact/aachat-forge-artifact-violet-lime-temple-bearer.png	44d6e48af0dee0c8ae3bfe91539c622255febb9262e73632981caff5e722f167	Compact orange modular bearer with oversized violet stepped temple outriggers and sparse lime-white calibration tiles, preserving the source silhouette while completely replacing its glasses-face system with the fixed aachat LCD.
nouns_classified_1973/B06-OBJ__Artifact_&_Architecture/noun-0297__head-crown.png	B06-OBJ__Artifact/aachat-forge-artifact-gilded-tier-crown-keeper.png	48a7fd13da83ef3089871b08a0f698817f37bfc3aa332e610179381bb1a29eec	Stepped gilded crown-temple guardian with ivory LCD housing, turquoise jewel, asymmetric blue-red crown accents, and blue-green striped modular body.
nouns_classified_1973/B06-OBJ__Artifact_&_Architecture/noun-0304__head-clutch.png	B06-OBJ__Artifact/aachat-forge-artifact-fuchsia-handle-purse-bearer.png	3d94beab15c42838f7b89a9e6e7bc9d37ebde4aa1ee332627487424dfb882b12	Fuchsia clutch-shell purse bearer with cyan handle frame, violet clasp, gold latch apron, coarse square modules, and integrated fixed LCD.
nouns_classified_1973/B06-OBJ__Artifact_&_Architecture/noun-0306__head-dictionary.png	B06-OBJ__Artifact/aachat-forge-artifact-crimson-openbook-lectern-scholar.png	c77019465ad8b7793eec70770930dd4d707be3020a04b329d6f17fbcd4a2a94e	Ivory open-dictionary head, cobalt page edges, structural crimson clasp, graphite lectern body, and mint bookmark accent; the source face is fully replaced by the fixed aachat LCD.
nouns_classified_1973/B06-OBJ__Artifact_&_Architecture/noun-0310__head-pencil-tip.png	B06-OBJ__Artifact/aachat-forge-artifact-prismatic-pencil-tip-scribe.png	88dd6b2e38007bc272e1d20f3badd2aec5b2b95ccf7b1bd580483432ef1ac7e2	Reference-mode pencil-tip totem with stepped graphite crown, coral block frame, rainbow-banded body, and fixed integrated LCD.
nouns_classified_1973/B06-OBJ__Artifact_&_Architecture/noun-0315__head-wall.png	B06-OBJ__Artifact/aachat-forge-artifact-russet-brickwall-sentinel.png	d8484393cf888de38a9525afe91538c077b7e0c8bbe8decbf741f31c584e8bc8	Russet brickwall sentinel preserving the source's broad stacked-brick head, terracotta masonry palette, narrow body, and long-legged architectural silhouette while structurally replacing the complete original face with the fixed aachat LCD.
nouns_classified_1973/B06-OBJ__Artifact_&_Architecture/noun-0317__head-mirror.png	B06-OBJ__Artifact/aachat-forge-artifact-ivory-mirror-plinth-keeper.png	b28fdb421a0b8fb596c499e1b243690a44fbc16c73fb06ad2dda11eb509e2988	Reference-mode Level 4 mirror-plinth keeper; broad stepped ivory frame, taupe pedestal body, pale-cyan reflection bands, fixed near-frontal LCD, and unified coarse square modules.
nouns_classified_1973/B06-OBJ__Artifact_&_Architecture/noun-0318__head-crown.png	B06-OBJ__Artifact/aachat-forge-artifact-ochre-jewel-coronet-steward.png	8bfa02e6df7ae50caeda741f6fddfee395358278bac811e9550f46376d63a9aa	Warm ochre stepped coronet, sparse red blue and green crown jewels, thin purple LCD band, and pale sandstone columnar body rebuilt as coarse square 3D modules around the fixed aachat LCD.
nouns_classified_1973/B06-OBJ__Artifact_&_Architecture/noun-0321__head-hardhat.png	B06-OBJ__Artifact/aachat-forge-artifact-sunbeam-brim-masonry-warden.png	ee7f979f1fab43af39b13ad0e7334e559d5e938882f71956db209f98f6f13d4d	Reference-mode Level 4: safety-yellow hardhat brim, cobalt LCD housing, and green masonry block body; source face fully replaced by the fixed aachat LCD.
nouns_classified_1973/B06-OBJ__Artifact_&_Architecture/noun-0323__head-vent.png	B06-OBJ__Artifact/aachat-forge-artifact-pearl-twin-vent-airkeeper.png	f584181b1f34d5cacc51e316bdbea3541ce651133be4afe4cf3219136144abd3	Pearl-gray modular ventilation airkeeper with twin RGB indicator grilles on the torso, cyan stepped airflow panels, and a structurally integrated fixed aachat LCD replacing the source face.
nouns_classified_1973/B06-OBJ__Artifact_&_Architecture/noun-0324__head-crown.png	B06-OBJ__Artifact/aachat-forge-artifact-golden-jewel-diadem-regent.png	6ee865a5fe85bdd348c143e56a0cbb7ec3bc32cb7bd32402a59cd1ab8b03168c	Golden stepped crown regent with emerald jewel geometry, cobalt and coral crown-tip accents, pale-cyan modular robe, and complete source-face replacement by the fixed aachat LCD.
nouns_classified_1973/B06-OBJ__Artifact_&_Architecture/noun-0330__head-wizardhat.png	B06-OBJ__Artifact/aachat-forge-artifact-cobalt-starbrim-spellkeeper.png	2494b9eab5403cddca73ce263ca60587d212e6c850159e12be40f049a7228329	Reference mode Level 4: oversized cobalt stepped wizard hat with sparse gold stars, orange tower robe, and red trim; the original face was fully replaced by the canonical 1.65:1 aachat LCD.
nouns_classified_1973/B06-OBJ__Artifact_&_Architecture/noun-0336__head-glasses-big.png	B06-OBJ__Artifact/aachat-forge-artifact-rose-optic-pedestal.png	45842f3d1c15e6262f1e108acf33e2fbf07a6276e29b40bb9c62d7d1895960b1	Rose optic pedestal with a wide plum, ivory, and hot-rose optical housing, salmon tower body, and cyan control mosaic; one integrated LCD fully replaces the source glasses.
nouns_classified_1973/B06-OBJ__Artifact_&_Architecture/noun-0339__head-ruler-triangular.png	B06-OBJ__Artifact/aachat-forge-artifact-magenta-set-square-surveyor.png	9a967cbe7be09f7e91b06ac4687a777b98aba7c7f813123d6bebdf529bfbc719	Magenta stepped set-square head shell, yellow measuring-rule body, restrained black tick blocks, and a fixed near-frontal LCD fully replacing the source face.
nouns_classified_1973/B06-OBJ__Artifact_&_Architecture/noun-0341__head-bag.png	B06-OBJ__Artifact/aachat-forge-artifact-violet-buckle-pack-porter.png	bcad100312ddb06477fe3aec559b4a5f4da509bf7944ffdc5a8663bd697a63eb	Boxy violet living travel-pack porter with a blue-violet top handle, twin yellow harness straps, a structurally integrated fixed aachat LCD, and consistent coarse square modules.
nouns_classified_1973/B06-OBJ__Artifact_&_Architecture/noun-0342__head-crown.png	B06-OBJ__Artifact/aachat-forge-artifact-sunlit-jewel-crown-envoy.png	8afc36349434bb7808bc0c38c516f4de8e31e388bb7b0139d6c87fdaa7fb669c	Sunlit jewel-crown envoy with a structurally integrated aachat LCD, tiered gold coronet silhouette, ivory heraldic body, and vertical gem pendant built from coarse square 3D modules.
nouns_classified_1973/B06-OBJ__Artifact_&_Architecture/noun-0345__head-boxingglove.png	B06-OBJ__Artifact/aachat-forge-artifact-scarlet-glovehead-ring-marshal.png	0225075cc48ffa4aa4a65e67927cf70e230d684148c088883775f0982100b137	Reference-mode Level 4 with a scarlet boxing-glove head shell, forest-green fighter body, and golden V accents; the original face is fully replaced by the integrated fixed LCD and the entire character uses coarse square 3D modules.
nouns_classified_1973/B06-OBJ__Artifact_&_Architecture/noun-0360__head-weight.png	B06-OBJ__Artifact/aachat-forge-artifact-graphite-kettlebell-lime-lifter.png	f371b12a2a3a3899c28059b2243547e0620041e72773b3b81fce43950bd6afa8	Graphite kettlebell head shell with a stepped carrying grip, vivid lime modular tunic, ivory structural bands, and complete source-face replacement by the fixed cobalt-glow aachat LCD in consistent coarse square 3D modules.
nouns_classified_1973/B06-OBJ__Artifact_&_Architecture/noun-0364__head-film-strip.png	B06-OBJ__Artifact/aachat-forge-artifact-saffron-filmstrip-frame-keeper.png	cd4f50dbc54eccf49bd031712ce3f9c72a2440d9b74828d38fb68498e078826b	Saffron filmstrip-frame head rebuilt around the fixed cobalt LCD; coarse square-module yellow archive keeper with generous full-body margins.
nouns_classified_1973/B06-OBJ__Artifact_&_Architecture/noun-0369__head-bagpipe.png	B06-OBJ__Artifact/aachat-forge-artifact-jade-bagpipe-column-piper.png	924cc1ea5c0c1ea12bab671bee0b179612e5107b103b700c27047f730405ae14	Jade tartan bagpipe crown and cobalt column body with charcoal drone pipes; the source face was fully replaced by the integrated fixed aachat LCD.
nouns_classified_1973/B06-OBJ__Artifact_&_Architecture/noun-0395__head-baseball-gameball.png	B06-OBJ__Artifact/aachat-forge-artifact-scarlet-seam-dugout-keeper.png	e8f179aa2def6e94115473005d7dca623dfaa81fbafa1926fda09d5b2bbd486d	Spherical stitched game-ball head shell with scarlet seam bands, warm brown dugout uniform, restrained green equipment accents, and a fully integrated fixed LCD.
nouns_classified_1973/B06-OBJ__Artifact_&_Architecture/noun-0400__head-watch.png	B06-OBJ__Artifact/aachat-forge-artifact-saffron-crown-minute-warden.png	f60f00a1ee88f68401e018685ffe5ac9b4b2be683eda2f32b68ac66bbd7eadda	Retro saffron-and-ivory wristwatch sentinel with segmented band limbs, a side winding crown, vermilion accents, and the original face fully replaced by the fixed cobalt LCD.
nouns_classified_1973/B06-OBJ__Artifact_&_Architecture/noun-0402__head-glasses-big.png	B06-OBJ__Artifact/aachat-forge-artifact-crimson-sideframe-sentry.png	a488264d7432056ecd16d57bb44e1cb45c10d965a7dbf0873815511fad3c482f	Crimson, ivory, and dark-ink compact sentry; the source's oversized twin-frame rhythm becomes stepped architectural side brackets around a fully replaced canonical LCD head, with coarse square modules throughout.
nouns_classified_1973/B06-OBJ__Artifact_&_Architecture/noun-0403__head-wine-barrel.png	B06-OBJ__Artifact/aachat-forge-artifact-oak-lime-hoop-cellarer.png	7c3ce9c118757fecf2710381630a87e0e1815e642763d445736009559a9d619d	Stepped oak wine-barrel cellar guardian with lime hoop bands, a structurally integrated fixed LCD, and one upright cellar rod.
nouns_classified_1973/B06-OBJ__Artifact_&_Architecture/noun-0406__head-couch.png	B06-OBJ__Artifact/aachat-forge-artifact-copper-cushion-sofa-steward.png	2c16ee350dc5d81dafbd717179dc8001b499b0c84c4ebd32286047c1f309228a	Copper-orange couch forms the broad head; raised arms and cushion seams retained; original face fully replaced by the integrated fixed aachat LCD.
nouns_classified_1973/B06-OBJ__Artifact_&_Architecture/noun-0407__head-paperclip.png	B06-OBJ__Artifact/aachat-forge-artifact-ivory-clasp-loop-clerk.png	8afff8a80d9c11b3f359f6e1046cc8528d06cdfe54563993f2e63a1686cfa57c	Reference mode Level 4: rectangular ivory clerk with charcoal interlocking paperclip-loop panels, muted cyan/ochre accents, and integrated square-module paperclip clasp; original face fully replaced by fixed aachat LCD.
nouns_classified_1973/B06-OBJ__Artifact_&_Architecture/noun-0408__head-trashcan.png	B06-OBJ__Artifact/aachat-forge-artifact-charcoal-bin-handle-custodian.png	f1ed2befe53f10bca1ac1634a93cf5375ebba59cc316e5cd93dc8fb715a8670d	Reference-mode Level 4 charcoal trash-bin custodian; stepped lid and raised handle retained, original face fully replaced by fixed LCD, coarse square modules and full-body white-studio framing.
nouns_classified_1973/B06-OBJ__Artifact_&_Architecture/noun-0410__head-couch.png	B06-OBJ__Artifact/aachat-forge-artifact-walnut-sofa-crown-sentinel.png	ceeb651414c12f61f831821462374ead0951dc39be99867b56760c47b19ffef6	Walnut stepped sofa-crown head with squared scroll ends, plain royal-purple modular body, simple cyan trim, and complete source-face replacement around the fixed aachat LCD.
nouns_classified_1973/B06-OBJ__Artifact_&_Architecture/noun-0412__head-bank.png	B06-OBJ__Artifact/aachat-forge-artifact-slate-column-ledger-keeper.png	ea52643f5f21199b19306f6a5ddbf51d9894cd61031a40b6b64b6c03271ed6c5	Slate-gray walking bank facade with a stepped pediment, block-built column stacks, deep-green ledger tunic, fixed frontal LCD, and uniform coarse square modules.
nouns_classified_1973/B06-OBJ__Artifact_&_Architecture/noun-0414__head-firehydrant.png	B06-OBJ__Artifact/aachat-forge-artifact-scarlet-rainbow-hydrant-warden.png	35eea7051a65503c129cb44e008b7738c88b63ba3d4cc4bdb5cf0d9c8e38bca5	Reference-mode Level 4 scarlet hydrant warden with stepped cap and side nozzles, broad rainbow modular cladding, complete source-face replacement by the fixed frontal LCD, and generous full-body white margins.
nouns_classified_1973/B06-OBJ__Artifact_&_Architecture/noun-0416__head-pillow.png	B06-OBJ__Artifact/aachat-forge-artifact-ivory-pillow-tower-steward.png	a348bc7a84aca249cca2cee55c84fba7a5ab91e7b6ce783fa275041019c0a5b6	Ivory pillow-tower steward with pale periwinkle cushion modules, restrained red seam accents, and a structurally integrated fixed aachat LCD.
nouns_classified_1973/B06-OBJ__Artifact_&_Architecture/noun-0421__head-hockeypuck.png	B06-OBJ__Artifact/aachat-forge-artifact-graphite-arena-disc-keeper.png	09a6dd3d895163d1b7cf35868fb8a89b91b446dd13b9ff25d7035db9ecb69b75	Layered graphite hockey-puck head rebuilt around the fixed LCD, with a compact safety-orange coarse-module body and amber chest accents.
nouns_classified_1973/B06-OBJ__Artifact_&_Architecture/noun-0427__head-pill.png	B06-OBJ__Artifact/aachat-forge-artifact-scarlet-mint-capsule-apothecary.png	b4fe76ffde059219b9d3ad1dfee73ff3be16659bc4e315603d20cbf2180c0ca8	Scarlet-and-mint capsule steward with a blank warm-white modular body and the original face fully replaced by the fixed frontal aachat LCD.
nouns_classified_1973/B06-OBJ__Artifact_&_Architecture/noun-0429__head-paperclip.png	B06-OBJ__Artifact/aachat-forge-artifact-silver-clipframe-badge-clerk.png	1aa87646cdda57764bb16bc2a1e37596e4ccb8f4833c28d19a47296c53914247	Reference-mode silver-gray paperclip-framed clerk with a compact upper-left clip badge, fixed cobalt aachat LCD, tiny gold chest tag, and consistent coarse square modules with generous full-body white margins.
nouns_classified_1973/B06-OBJ__Artifact_&_Architecture/noun-0433__head-wizardhat.png	B06-OBJ__Artifact/aachat-forge-artifact-midnight-checker-spellhat-sage.png	767d1e110f5efebfa67ed181c795ec193f08f9a2679333375ea59408a6018371	Reference-mode midnight checker spellhat sage with a stepped cobalt wizard hat, sparse yellow star ornaments, black-white checker bands, muted moss robe, consistent coarse square modules, and the source face fully replaced by the fixed compact aachat LCD.
nouns_classified_1973/B06-OBJ__Artifact_&_Architecture/noun-0434__head-treasurechest.png	B06-OBJ__Artifact/aachat-forge-artifact-mahogany-strongbox-treasurer.png	b995e5afc3ee4481955815854a66f497ac0801c7aeeb63d3b30a8b15754b2b46	Mahogany strongbox treasurer with a stepped chest-lid shell, warm brass reinforcement, canonical fixed LCD, and complete source-face replacement in coarse square Level 4 modules.
nouns_classified_1973/B06-OBJ__Artifact_&_Architecture/noun-0439__head-chain.png	B06-OBJ__Artifact/aachat-forge-artifact-bronze-chain-crown-bearer.png	07907e4a5c75931a3aa3e03f591947347d29b05f0bd111b1e2853bbcaa28fb16	Level 4 reference reinterpretation preserving the broad bronze chain-lattice head, turquoise and cobalt accents, slim violet segmented body, and upright pose while fully replacing the source face with the fixed integrated aachat LCD in coarse square-module 3D construction.
nouns_classified_1973/B06-OBJ__Artifact_&_Architecture/noun-0449__head-stapler.png	B06-OBJ__Artifact/aachat-forge-artifact-scarlet-staple-press-clerk.png	6cb16222994ce0ade6f3889432731559859ac27bdc3a2fdd96c648ab934aacd6	Scarlet hinged stapler head rebuilt around the fixed aachat LCD, with a blue-red checker clerk body in coarse square 3D modules.
nouns_classified_1973/B06-OBJ__Artifact_&_Architecture/noun-0456__head-snowman.png	B06-OBJ__Artifact/aachat-forge-artifact-scarlet-frost-effigy.png	abc5efb5b83049d84e177d922240650d9efad66410a8fda5ef5f29604d1907a5	Snow-effigy design rebuilt as a coarse square-module frost reliquary with raised block-twig arms, scarlet scarf panels, cyan ice boots, and the original face fully replaced by the fixed aachat LCD.
nouns_classified_1973/B06-OBJ__Artifact_&_Architecture/noun-0472__head-box.png	B06-OBJ__Artifact/aachat-forge-artifact-walnut-archive-box-scribe.png	fcf060fdb8a0eea2f5866cc04de98457f9cb7526748b5a3494679c3005306159	Reference-mode Level 4: source head-box silhouette reinterpreted as a coarse modular walnut and taupe archive scribe with black robe and emerald structural chest latch; complete source face replaced by the fixed frontal aachat LCD; full body safely framed on white.
nouns_classified_1973/B06-OBJ__Artifact_&_Architecture/noun-0474__head-hanger.png	B06-OBJ__Artifact/aachat-forge-artifact-azure-hanger-crest-keeper.png	b3ebf534530929e1b7e9c9d90353199b30b40eac256d50637fbbf8b2d628f0a1	Azure hanging-panel keeper with white hanger shoulders, magenta structural brackets, gold chest crest, and a fully replaced fixed aachat LCD in coarse square modules.
nouns_classified_1973/B06-OBJ__Artifact_&_Architecture/noun-0475__head-retainer.png	B06-OBJ__Artifact/aachat-forge-artifact-coral-headframe-brace-warden.png	a0fd0c143d86026b82c3ddee24c71eca5ea54004a7bda634e7ba83373a58f9ed	Coral head-retainer guardian with blue-violet support braces; source face fully replaced by the integrated fixed aachat LCD.
nouns_classified_1973/B06-OBJ__Artifact_&_Architecture/noun-0476__head-cone.png	B06-OBJ__Artifact/aachat-forge-artifact-scarlet-cone-beam-inspector.png	d8ea89d6eb14421a44a3b96705242ad427cfe0706858c102c45b71a7d7890293	Scarlet stepped cone and charcoal beam over an ivory-tan support-pylon body, with the original face fully replaced by the fixed cobalt aachat LCD and coarse square Level 4 construction.
nouns_classified_1973/B06-OBJ__Artifact_&_Architecture/noun-0478__head-outlet.png	B06-OBJ__Artifact/aachat-forge-artifact-ivory-outlet-checker-porter.png	fa19bbf20e6ecf4f948bb45bf499f21f99cf43cf2155a21ba7bfe6592fe523ae	Reference mode Level 4: warm ivory outlet-shell porter with black and electric-lime checkerboard body, consistent coarse square modules, and the original face fully replaced by the fixed cobalt aachat LCD.
nouns_classified_1973/B06-OBJ__Artifact_&_Architecture/noun-0479__head-treasurechest.png	B06-OBJ__Artifact/aachat-forge-artifact-walnut-latch-vault-keeper.png	a671851141d0b692a68c5dcad6a98b7c9bfc1764c4e81286d9e4914eecffdf35	Walnut treasure-chest vault keeper with black iron bands, brass latch, charcoal tailoring, white gloves, red tie, and a fully integrated fixed LCD.
nouns_classified_1973/B06-OBJ__Artifact_&_Architecture/noun-0486__head-watch.png	B06-OBJ__Artifact/aachat-forge-artifact-parchment-watchcase-timekeeper.png	bba0f2359e458a4648beea74a2973248e5dd925e1b780495a9a175a6f7bf6877	Cream modular watchcase head with gold crown knob, warm-brown strap body, restrained lime time accents, and complete source-face replacement around the fixed aachat LCD.
nouns_classified_1973/B06-OBJ__Artifact_&_Architecture/noun-0487__head-index-card.png	B06-OBJ__Artifact/aachat-forge-artifact-ruled-card-cataloger.png	e2b5838ef28616160528b24aeab97010b1b22ec50eb54299af3730d1fd1ac4a6	Reference-mode ruled index-card cataloger with olive card-drawer torso, cobalt LCD face, and coarse block-built folio; source face fully replaced.
nouns_classified_1973/B06-OBJ__Artifact_&_Architecture/noun-0488__head-crown.png	B06-OBJ__Artifact/aachat-forge-artifact-golden-temple-spire-guardian.png	9afe915ee5985dd7bfaa0ba5a78dcc51e5cad1798d1b50d84929d2eebef8cde8	Reference-mode golden temple-crown guardian with three jewel-tipped stepped spires, vermilion-and-ivory architectural bands, a slender column body, and the source face fully replaced by the fixed integrated aachat LCD.
nouns_classified_1973/B06-OBJ__Artifact_&_Architecture/noun-0489__head-bank.png	B06-OBJ__Artifact/aachat-forge-artifact-slate-pediment-teller-warden.png	79b23ec918d4512aad0112fbe377f73193119aec8287afaf81c061a6a2bb4578	Slate-gray walking bank facade with stepped pediment and cornice, restrained red-and-green teller bands, uniform coarse square 3D modules, and the original face fully replaced by the integrated fixed aachat LCD.
nouns_classified_1973/B06-OBJ__Artifact_&_Architecture/noun-0492__head-snowman.png	B06-OBJ__Artifact/aachat-forge-artifact-ivory-snowstack-scarf-warden.png	5694af59f140f77d354e6de3970de99b7184dd8a15fba96f4d1d037629b4a07a	Block-built snow warden preserving the pale ice column, cobalt scarf, and raised twig silhouette; original face fully replaced by the integrated fixed LCD.
nouns_classified_1973/B06-OBJ__Artifact_&_Architecture/noun-0498__head-baseball-gameball.png	B06-OBJ__Artifact/aachat-forge-artifact-pearl-redseam-dugout-catcher.png	e263ec4b4e0ee10b9923ae42c064c6fab6d592195e0fcabbf34b6420144677a7	Pearl-white coarse modular game-ball head and compact body with sparse red seam modules; original face fully replaced by the fixed integrated aachat LCD, framed with generous full-body white-space.
nouns_classified_1973/B06-OBJ__Artifact_&_Architecture/noun-0501__head-pirateship.png	B06-OBJ__Artifact/aachat-forge-artifact-russet-pennant-prow-captain.png	ba4afcb9876ec42be5d147f220ccbe859934e4e09a07a623f7ae34bef2c62ba7	Reference-mode Level 4 pirate-ship captain with russet stepped hull, charcoal deck crown, red pennants, gold prow tips, and fixed frontal LCD fully replacing the source face.
nouns_classified_1973/B06-OBJ__Artifact_&_Architecture/noun-0505__head-wallsafe.png	B06-OBJ__Artifact/aachat-forge-artifact-graphite-keypad-vault-sentinel.png	c0727c1522ed5d6f6804953aab6efd93ce0f6b088d52e6ec2bfe800f6c212879	Graphite wall-safe sentinel; fixed LCD replaces original eyes and 505, red keypad retained, coarse modular vault build.
nouns_classified_1973/B06-OBJ__Artifact_&_Architecture/noun-0506__head-trashcan.png	B06-OBJ__Artifact/aachat-forge-artifact-graphite-lid-can-caretaker.png	70fa461dd6ecf0e3d9f4fc388fa681bcd1905361308c391a29b80a35e9522000	Graphite lidded-can caretaker preserving the source handle, stepped lid, tall bin silhouette, and ember-orange accents while structurally replacing the original face with the fixed cobalt-glow LCD.
nouns_classified_1973/B06-OBJ__Artifact_&_Architecture/noun-0508__head-ring.png	B06-OBJ__Artifact/aachat-forge-artifact-saffron-halo-pillar-bearer.png	fd2044f562cccea625611b816975e7d3d1091fbf7d98215b9eb392380f482bee	Saffron stepped halo-pillar silhouette with a magenta capstone and ivory chest charm, rebuilt in coarse square modules around the fully replacing fixed aachat LCD.
nouns_classified_1973/B06-OBJ__Artifact_&_Architecture/noun-0509__head-toiletpaper-full.png	B06-OBJ__Artifact/aachat-forge-artifact-ivory-rollcore-valet.png	7f1c8e2bf9dd69af38f7530bc121cc018012b30f2dfe9621abe1e89f6a4d469f	Ivory toilet-paper roll head with structural LCD, charcoal valet body, and restrained lime modular trim.
nouns_classified_1973/B06-OBJ__Artifact_&_Architecture/noun-0518__head-piggybank.png	B06-OBJ__Artifact/aachat-forge-artifact-magenta-coinbox-mosaic-treasurer.png	fe68e63342a46bd521d8d504906f81e1cebdec7acf96dee917f080839532a18e	Reference-mode Level 4 magenta piggy-bank treasurer with a stepped coinbox head, golden coin-slot cap, multicolor mosaic block body, fully replaced fixed LCD face, and generous full-body white margin; first attempt passed.
nouns_classified_1973/B06-OBJ__Artifact_&_Architecture/noun-0521__head-fence.png	B06-OBJ__Artifact/aachat-forge-artifact-russet-picket-sash-sentinel.png	c61a816ad5043a239dfaaff427a9bd13f2cc53a98829c42ffd948ea9472debb0	Warm russet picket-crown head shell and compact charcoal uniform with one stepped diagonal sash, rebuilt from coarse square modules around the fixed aachat LCD.
nouns_classified_1973/B06-OBJ__Artifact_&_Architecture/noun-0523__head-chefhat.png	B06-OBJ__Artifact/aachat-forge-artifact-ivory-toque-redband-steward.png	a591c5c0c3bc4b29a073762892762af5bcc4db997835dcd64c745ff0c6293e9f	Broad pleated ivory toque and slim cook silhouette rebuilt as coarse square modules, with restrained coral-red bands and the original face fully replaced by the fixed frontal aachat LCD.
nouns_classified_1973/B06-OBJ__Artifact_&_Architecture/noun-0530__head-wizardhat.png	B06-OBJ__Artifact/aachat-forge-artifact-sapphire-starbuckle-checker-sorcerer.png	d54806f7df80bf1064029cc64fb3526b74376f49b277cf2f2c5e1e4553a9442a	Sapphire star-buckle checker sorcerer with a crooked cobalt hat, yellow celestial ornaments, black-gold checker modules, sturdy block limbs, and a structurally integrated fixed aachat LCD.
nouns_classified_1973/B06-OBJ__Artifact_&_Architecture/noun-0535__head-stapler.png	B06-OBJ__Artifact/aachat-forge-artifact-scarlet-clampjaw-registrar.png	b870f26de763a28d750fc994de7b5711323829ff5efd1cadfc2657aa21024633	Scarlet stepped stapler shell rebuilt as a compact clamp-jaw registrar with a structurally integrated fixed LCD and consistent coarse square modules.
nouns_classified_1973/B06-OBJ__Artifact_&_Architecture/noun-0538__head-trashcan.png	B06-OBJ__Artifact/aachat-forge-artifact-graphite-magenta-bin-porter.png	25d6bd97abfa54721dd7f58adccdc7c5cadb4989d943d42ce307b6c2d4eff74a	Graphite lidded bin head with integrated fixed LCD, magenta container torso, and consistent coarse square modules.
nouns_classified_1973/B06-OBJ__Artifact_&_Architecture/noun-0555__head-snowman.png	B06-OBJ__Artifact/aachat-forge-artifact-snowcapped-signal-post-sentinel.png	0f8f38a19627c543549d5edcbd0cb91e630229085ce277b024b4fd1096fd513d	Snowcapped signal-post sentinel with a structurally integrated fixed LCD, snow-white stepped head shell, orange cap ridge, ice-blue collar, olive tower body, and brown branch antennae in coarse square 3D modules.
nouns_classified_1973/B06-OBJ__Artifact_&_Architecture/noun-0556__head-snowman.png	B06-OBJ__Artifact/aachat-forge-artifact-cranberry-snowbox-twig-keeper.png	fae9f1622227787c7fe89a410d80a49acd045ee94c81b70abba8a1227062c8c8	White stepped snowcap shell and cranberry-magenta checker gift-box body with branching brown twig arms, cyan trim, and complete source-face replacement by the integrated canonical LCD.
nouns_classified_1973/B06-OBJ__Artifact_&_Architecture/noun-0557__head-igloo.png	B06-OBJ__Artifact/aachat-forge-artifact-glacier-brick-dome-keeper.png	b904c00d5a354bebf8e32664632802f27476c1b221f1d356999046f40d230fa3	Reference-mode igloo dome keeper with a white and pale-blue ice-brick shell rebuilt around the fixed LCD, a red parka with turquoise clasp, consistent coarse square modules, and generous full-body white-background framing.
nouns_classified_1973/B06-OBJ__Artifact_&_Architecture/noun-0560__head-bell.png	B06-OBJ__Artifact/aachat-forge-artifact-golden-belfry-brick-keeper.png	ffda6087fa3895dbf34d70666447d21e532e37970dca17f7dc50cbb2d8682517	Golden stepped belfry head shell over a dark russet brick-tower body with restrained lime accents; original face fully replaced by the fixed frontal aachat LCD.
nouns_classified_1973/B06-OBJ__Artifact_&_Architecture/noun-0563__head-treasurechest.png	B06-OBJ__Artifact/aachat-forge-artifact-umber-coffer-clasp-custodian.png	e55e290e936609f5c48ad7ed064e91ffda45897f242fae64d92b2f1b53430390	Full-body coarse-module treasure-coffer custodian preserving the walnut-and-gold coffer silhouette and checker torso, with the original face fully replaced by the fixed front-facing aachat LCD.
nouns_classified_1973/B06-OBJ__Artifact_&_Architecture/noun-0569__head-basketball.png	B06-OBJ__Artifact/aachat-forge-artifact-tangerine-seam-hoop-playmaker.png	f928905c9c9140c690cd9ea5bacbf7dfbf97e1d9520a18b93a35576db2204d8c	Orange basketball-shell playmaker with dark seam grooves, magenta-purple courtwear, and a structurally integrated fixed LCD.
nouns_classified_1973/B06-OBJ__Artifact_&_Architecture/noun-0570__head-pyramid.png	B06-OBJ__Artifact/aachat-forge-artifact-sandstone-pyramid-robe-warden.png	818545e29d3b4a5a0d8bf364d7ea53ceaecad5a1b6721ded0de69788687a302c	Sandstone stepped-pyramid hood structurally houses the fixed LCD above a crimson block robe with a restrained gold collar; coarse square modules and generous full-body margins preserve the source design language without its original face or glasses.
nouns_classified_1973/B06-OBJ__Artifact_&_Architecture/noun-0578__head-bell.png	B06-OBJ__Artifact/aachat-forge-artifact-golden-bell-crest-keeper.png	d74c4a12af1ebb11686fe2f5c8be111757edf3b82105a5a9e1efe007efe18c94	Golden bell crest and flared rim, deep navy keeper body, and descending gold stepped ornament rebuilt as coarse square 3D modules around the fixed LCD.
nouns_classified_1973/B06-OBJ__Artifact_&_Architecture/noun-0582__head-goldcoin.png	B06-OBJ__Artifact/aachat-forge-artifact-gilded-ledger-steward.png	3fd92717ec1dc86409355597042712a685410c5eecbedeca89d399c0a069e77a	Circular gilded coin-rim head shell, white formal modular suit and red ledger tie; the original face is fully replaced by the fixed aachat LCD in coarse square Level 4 modules.
nouns_classified_1973/B06-OBJ__Artifact_&_Architecture/noun-0586__head-wizardhat.png	B06-OBJ__Artifact/aachat-forge-artifact-azure-checker-starhat-oracle.png	16008e57aa97d57868b60a237d72fe28974815d7101af33addbb38e2353db484	Reference mode Level 4: cobalt stepped wizard hat with gold star ornaments and a blue-white checker robe in coarse square modules; the source face was structurally replaced by the canonical fixed LCD.
nouns_classified_1973/B06-OBJ__Artifact_&_Architecture/noun-0590__head-chefhat.png	B06-OBJ__Artifact/aachat-forge-artifact-ivory-toque-copper-bowtie.png	107ec9a9abc6b0e18950132179dc239d4586fd2a92d4cfe07ada591ed41b51c5	Reference-mode chef steward preserving the oversized ivory toque, copper-red block torso, white collar, and black bow tie; the original face and glasses are fully replaced by the fixed frontal aachat LCD.
nouns_classified_1973/B06-OBJ__Artifact_&_Architecture/noun-0592__head-mirror.png	B06-OBJ__Artifact/aachat-forge-artifact-cobalt-mirror-tile-warden.png	98588f97464c2acc869517a552606241042dddab41f65e053395f007d3cba5ef	Broad walnut mirror-frame LCD housing with cobalt-and-white checker-tile body, coarse modular limbs, and the original mirror face fully replaced.
nouns_classified_1973/B06-OBJ__Artifact_&_Architecture/noun-0594__head-piano.png	B06-OBJ__Artifact/aachat-forge-artifact-violet-key-crown-maestro.png	3463e695e76b9cf76d24186bd4dc923cb879c2185ccef164a42c5b79e37534af	Violet upright-piano maestro with a modular black-and-white key crown above the fully replaced frontal LCD, cobalt vest panel, and coarse square block limbs.
nouns_classified_1973/B06-OBJ__Artifact_&_Architecture/noun-0596__head-pencil-tip.png	B06-OBJ__Artifact/aachat-forge-artifact-ochre-pencil-crown-drafter.png	c015e1696bc1cb406688fac39c035aa18ec8fcd21dfe1b822a71ea3459f86774	Ochre drafting instrument preserving the source pencil-tip crown, yellow block body, magenta accents, and graphite lower rhythm; original face structurally replaced by the fixed frontal LCD.
nouns_classified_1973/B06-OBJ__Artifact_&_Architecture/noun-0600__head-paintbrush.png	B06-OBJ__Artifact/aachat-forge-artifact-canary-bristle-crimson-dauber.png	b87915e625041ec2b255e397ccbebbff6a4dc1b33285148167a6ee3322e3ac79	Reference-mode Level 4 warm-gray paintbrush artisan with canary block bristles, crimson paint edge and drip, integrated fixed LCD, consistent coarse square 3D modules, and generous full-body white margin; first image passed visual and mechanical QA.
nouns_classified_1973/B06-OBJ__Artifact_&_Architecture/noun-0612__head-wizardhat.png	B06-OBJ__Artifact/aachat-forge-artifact-sapphire-starbrim-tower-magus.png	251c68b743bd4e04db47a6cd33360cd9548666f866c58e414607e959dcf16d48	Oversized cobalt starry wizard hat and warm terracotta tower-robed body rebuilt as one coarse-module Level 4 form; source face fully replaced by the frontal aachat LCD.
nouns_classified_1973/B06-OBJ__Artifact_&_Architecture/noun-0614__head-toiletpaper-full.png	B06-OBJ__Artifact/aachat-forge-artifact-pearl-paperroll-caretaker.png	cebe2e98d394c68a04797340bbb32db646163fb1ceccfb0daf31894040709595	Pearl-white modular paper-roll caretaker with a stepped hanging paper tail, warm oatmeal body, and fully integrated fixed aachat LCD replacing the source face.
nouns_classified_1973/B06-OBJ__Artifact_&_Architecture/noun-0615__head-box.png	B06-OBJ__Artifact/aachat-forge-artifact-umber-boxcrown-weavekeeper.png	2609bf201fff39ed156eaaa63a8d8bb9a5cd0ff22fcf101dd833b81f592703a1	Broad umber box-crown and green/blush diagonal weave rebuilt in coarse square modules around the fixed LCD.
nouns_classified_1973/B06-OBJ__Artifact_&_Architecture/noun-0617__head-piano.png	B06-OBJ__Artifact/aachat-forge-artifact-scarlet-keyboard-tower-minstrel.png	6c2692b1c3c1020892e4fac8aa2724d60e6a352fbdc6e798a003ed8a0e3fdc7b	Scarlet-and-black upright piano minstrel built from coarse square modules, with dual keyboard tiers framing a completely replaced 1.65:1 frontal LCD and full-body white-background margins.
nouns_classified_1973/B06-OBJ__Artifact_&_Architecture/noun-0618__head-watch.png	B06-OBJ__Artifact/aachat-forge-artifact-cream-dial-olive-timekeeper.png	b084572e0278d004cc0e225e442064f562c339b561b2618e21e43e83260e5bde	Cream square watch housing, ochre winding crown, olive modular body, and turquoise-orange time inlay; original face fully replaced by the fixed aachat LCD.
nouns_classified_1973/B06-OBJ__Artifact_&_Architecture/noun-0620__head-retainer.png	B06-OBJ__Artifact/aachat-forge-artifact-rose-twin-brace-marshal.png	d7515f86a4f277786492c5f4b665ac40a3fb44e45775a7e44a9db998de39370d	Reference mode Level 4: rose retainer perimeter and paired cobalt-white clamps reinterpreted as one coarse block-built marshal; the original face was fully replaced by one fixed aachat LCD.
nouns_classified_1973/B06-OBJ__Artifact_&_Architecture/noun-0625__head-outlet.png	B06-OBJ__Artifact/aachat-forge-artifact-porcelain-outlet-vine-keeper.png	6ea91a4d526b110e714c7a7546a322fc363d22cc9c158b762cc7d7f9401dac1f	Reference mode Level 4: warm porcelain outlet-plate guardian with a clean utility-column body and one asymmetrical deep-green cable-vine accent; the source face and socket openings are fully replaced by the fixed cobalt aachat LCD.
nouns_classified_1973/B06-OBJ__Artifact_&_Architecture/noun-0627__head-wizardhat.png	B06-OBJ__Artifact/aachat-forge-artifact-sapphire-starlit-stripe-magister.png	b5eb7a622661c5a80246738bc6d915f790b8817efc29f005724d8fcd64348d8f	Reference-mode Level 4 sapphire starlit stripe magister with an oversized cobalt stepped wizard hat, flush yellow star tiles, warm orange banding, a blue-orange striped robe, consistent coarse square modules, and the source glasses-face fully replaced by the fixed aachat LCD.
nouns_classified_1973/B06-OBJ__Artifact_&_Architecture/noun-0629__head-chefhat.png	B06-OBJ__Artifact/aachat-forge-artifact-ivory-toque-yellowcoat-chef.png	44e16a18c9444ca470d55d97ba773929c63725b287c231d17f6df2b9a0f27d1c	Ivory chef-toque silhouette, yellow block coat, red trim, and diagonal black closure rebuilt as coarse square modules around the fixed LCD.
nouns_classified_1973/B06-OBJ__Artifact_&_Architecture/noun-0631__head-house.png	B06-OBJ__Artifact/aachat-forge-artifact-porcelain-gable-chimney-warden.png	180187283b55e10fade99905ad6c929b5a6de8d14dcab5fabac74744b29428d0	Reference-mode gable-house warden; porcelain facade, terracotta roof, dark timber body, coarse square modules, original face fully replaced by fixed aachat LCD.
nouns_classified_1973/B06-OBJ__Artifact_&_Architecture/noun-0638__head-ruler-triangular.png	B06-OBJ__Artifact/aachat-forge-artifact-magenta-prism-tile-surveyor.png	cdd6573268a2ef0d1429a18c352a447dc4daf28d3d3c659af197abba2a80c2d3	Magenta stepped triangular ruler crest, fixed cobalt LCD, red collar, orange-white tiled surveyor body, and a matching modular set-square prop.
nouns_classified_1973/B06-OBJ__Artifact_&_Architecture/noun-0642__head-firehydrant.png	B06-OBJ__Artifact/aachat-forge-artifact-scarlet-hydrant-greenline-keeper.png	30c116ec36d9370fa376ec1df28714f300c655ca667c68d08eab3c13e302a22f	Reference-mode Level 4 hydrant keeper with stepped scarlet crown and side nozzles, lime-green service-column body, complete source-face replacement by the fixed frontal LCD, coarse square modules, and generous full-body white margins.
nouns_classified_1973/B06-OBJ__Artifact_&_Architecture/noun-0644__head-trashcan.png	B06-OBJ__Artifact/aachat-forge-artifact-slate-lid-magenta-custodian.png	a4229694233f646eda473bb2f6d3530ce38be6baf8aa0d787ffca6bf6abd0e26	Slate-gray stepped trashcan-lid head, dark-brown coarse modular uniform, and one magenta tie stripe; original face fully replaced by the fixed frontal aachat LCD.
nouns_classified_1973/B06-OBJ__Artifact_&_Architecture/noun-0647__head-road.png	B06-OBJ__Artifact/aachat-forge-artifact-charcoal-canopy-route-guide.png	c9ba3667c58ed89d2e2b99964f1ce97670f6acb65bedc99a77d6e68aef28da95	Level 4 charcoal roadside canopy guide with a pale-gray modular pillar body, yellow route band, cobalt accents, and complete LCD face replacement.
nouns_classified_1973/B06-OBJ__Artifact_&_Architecture/noun-0648__head-trashcan.png	B06-OBJ__Artifact/aachat-forge-artifact-pewter-lid-bin-porter.png	3fbeca2645be49cb5b2ca2c04f65885b25234b3522b551fc29549dea5dc31f2d	Reference-mode Level 4 lidded trashcan porter; pale sage bin body, graphite stepped lid and handling frame, restrained amber joints, no source face or markings, fixed near-frontal aachat LCD.
nouns_classified_1973/B06-OBJ__Artifact_&_Architecture/noun-0650__head-wine-barrel.png	B06-OBJ__Artifact/aachat-forge-artifact-mahogany-stave-redcoat-cooper.png	806d7bc4b7b79666612754e502d2288b0599a8a559f07f71a648deab4ca39c47	Mahogany block-stave wine-barrel head with charcoal hoops, a compact red cooper tunic, pale modular limbs, generous white margins, and complete structural replacement of the source face by the fixed frontal aachat LCD.
nouns_classified_1973/B06-OBJ__Artifact_&_Architecture/noun-0651__head-queencrown.png	B06-OBJ__Artifact/aachat-forge-artifact-gilded-lattice-crown-regent.png	9520f91659b51ac9fade21816471711e5dc33c0bde0c94855ff13afef932ca67	Gold-red crown architecture with a blue jewel and pale-cyan lattice column body; the original face is fully replaced by the compact canonical LCD.
nouns_classified_1973/B06-OBJ__Artifact_&_Architecture/noun-0653__head-dictionary.png	B06-OBJ__Artifact/aachat-forge-artifact-coral-openpage-lexicon-scribe.png	77906cda42caa98215402a6eed1cab7e9251402c6020438f63abb19a82c044e0	Reference-mode Level 4 dictionary archivist; open-page cobalt head housing replaces the source face with the fixed aachat LCD, preserving the coral volume torso and parchment accents in coarse square 3D modules.
nouns_classified_1973/B06-OBJ__Artifact_&_Architecture/noun-0658__head-factory-dark.png	B06-OBJ__Artifact/aachat-forge-artifact-charcoal-smokestack-night-foreman.png	f5817ea4cbb1a42b29e5335d0bbee545e0abb58bdad1881074f969f920f82048	Charcoal factory-tower watchkeeper with a stepped sawtooth crown, three smokestacks, pale module smoke, and amber indicators; the original face is fully replaced by the fixed aachat LCD.
nouns_classified_1973/B06-OBJ__Artifact_&_Architecture/noun-0660__head-boot.png	B06-OBJ__Artifact/aachat-forge-artifact-russet-boot-pier-cobbler.png	2d741f9a1eb25ad848d2d5ef1ff7aa7652da9308562be06962a72289053dc476	Russet boot-shaped architectural head with integrated fixed LCD, pale-aqua pier body, and coarse square modules.
nouns_classified_1973/B06-OBJ__Artifact_&_Architecture/noun-0662__head-crown.png	B06-OBJ__Artifact/aachat-forge-artifact-ochre-mosaic-crown-regent.png	fb2025c42d7ea351b2dbdfab76f04323122803785a255b4e872853cd6e484013	Reference-mode Level 4: three-point ochre crown head with inset colored jewels, ivory banding, multicolor mosaic robe, fixed frontal aachat LCD, and coarse square modules.
nouns_classified_1973/B06-OBJ__Artifact_&_Architecture/noun-0664__head-cone.png	B06-OBJ__Artifact/aachat-forge-artifact-vermilion-cone-signal-keeper.png	d1bcfcca4ab6142697edc0f84a94f813aa19985cfd4146a2dcceb6564eb201db	Vermilion signal-cone crest, black-white LCD yoke, and stacked amber-to-red block body preserve the source language while fully replacing the original face with the fixed aachat LCD.
nouns_classified_1973/B06-OBJ__Artifact_&_Architecture/noun-0667__head-faberge.png	B06-OBJ__Artifact/aachat-forge-artifact-violet-mosaic-reliquary-custodian.png	990ddc349e9cb3d13b594715872c3154953fc343ff570dcb029966510f98de70	Violet-and-gold crowned mosaic reliquary custodian with a frosted block-vessel torso; source face fully replaced by an integrated fixed aachat LCD.
nouns_classified_1973/B06-OBJ__Artifact_&_Architecture/noun-0677__head-pirateship.png	B06-OBJ__Artifact/aachat-forge-artifact-ebony-redflag-bowsprit-raider.png	e4947a2bfe37989506bc383ea85f54235a79049d2f697026b3ac9c7fa3a070f9	Reference-mode walking pirate-ship raider with a solid walnut hull head rebuilt around the fixed LCD, stepped ebony sails, scarlet pennants, a golden tunic, and an integrated ochre bowsprit in consistent coarse square modules.
nouns_classified_1973/B06-OBJ__Artifact_&_Architecture/noun-0679__head-pirateship.png	B06-OBJ__Artifact/aachat-forge-artifact-mahogany-redflag-bowsprit-corsair.png	b39e572993e7cdafb88f0c9ae78097d3a4fb4e75ae40ac6fe2125983fb9b2447	Mahogany pirate-ship deckhand with stepped hull head, black mast cabin, scarlet sails and flags, golden bowsprit, muted magenta lower garment, and the original face fully replaced by the fixed aachat LCD.
nouns_classified_1973/B06-OBJ__Artifact_&_Architecture/noun-0683__head-shower.png	B06-OBJ__Artifact/aachat-forge-artifact-cobalt-rainhead-checker-keeper.png	8c9108993f683705f1321a11cbcdbe809eea1e7285e430a96707da07b9328088	Preserved the charcoal stepped shower crown, cobalt LCD shell, green-black checker body, and thin legs as one coarse modular rainhead keeper.
nouns_classified_1973/B06-OBJ__Artifact_&_Architecture/noun-0684__head-wizardhat.png	B06-OBJ__Artifact/aachat-forge-artifact-indigo-moonbrim-robe-oracle.png	a02b44320cf2c840c0da2e25c78ffa707bf241297c731b6e00585e3921c27f69	Deep-indigo star-and-moon wizard-hat head with fixed front LCD, magenta striped robe-body, and coarse square modules.
nouns_classified_1973/B06-OBJ__Artifact_&_Architecture/noun-0691__head-piano.png	B06-OBJ__Artifact/aachat-forge-artifact-ebony-keyboard-cabinet-maestro.png	aa7784f11bef3c43899186b6f49959a1af2ef50c462860f12abc57a98ea8a074	Reference-mode Level 4 upright-piano sentinel with ebony cabinet modules, ivory key chest, restrained orange trim, and complete fixed-LCD face replacement.
nouns_classified_1973/B06-OBJ__Artifact_&_Architecture/noun-0698__head-chefhat.png	B06-OBJ__Artifact/aachat-forge-artifact-porcelain-pleat-redband-chef.png	051c66f6d1d42502237580fdccf505f603ffeb4ff5709100a204da5e5e6a0cbb	Reference-mode porcelain chef-toque guardian; stepped white toque, narrow red collar, fixed integrated LCD, coarse square modules, generous full-body margins.
nouns_classified_1973/B06-OBJ__Artifact_&_Architecture/noun-0706__head-factory-dark.png	B06-OBJ__Artifact/aachat-forge-artifact-obsidian-sawroof-foundry-warden.png	f37b5272892c4716913779a03fbbea84340bf4287cf1016be772e87b14544cb2	Reference-mode obsidian factory steward with stepped sawtooth roof, banded chimney, torso control lights, fixed 1.65:1 cobalt LCD, complete source-face replacement, and generous full-body white margin in coarse square Level 4 modules.
nouns_classified_1973/B06-OBJ__Artifact_&_Architecture/noun-0710__head-trashcan.png	B06-OBJ__Artifact/aachat-forge-artifact-pewter-checker-bin-custodian.png	5b950089f241636b967fae608c862dcbfe63c020a83837b3752a4d6664bd93d3	Pewter modular trash-bin custodian with a raised carry-handle lid, fully integrated fixed LCD, and a cyan-magenta-violet checker torso band.
nouns_classified_1973/B06-OBJ__Artifact_&_Architecture/noun-0711__head-piano.png	B06-OBJ__Artifact/aachat-forge-artifact-ebony-keyboard-pedestal-virtuoso.png	93d331939f5c3a0ee57741d6f41d6cc450cdf22b27ab92e0bcd8f2078b84067d	Ebony upright-piano virtuoso with a broad stepped lid crown, a torso-mounted ivory keyboard, pale-cyan pedestal accents, and the original face fully replaced by the fixed frontal LCD.
nouns_classified_1973/B06-OBJ__Artifact_&_Architecture/noun-0712__head-pillow.png	B06-OBJ__Artifact/aachat-forge-artifact-ivory-striped-headrest-keeper.png	87e66a086ed766e746db7dc63beaf29850bc7d768df602fe2e4efdec07d10b11	Reference Level 4; ivory pillow-shell LCD head, blue-orange striped coarse modular body, red modular arms.
nouns_classified_1973/B06-OBJ__Artifact_&_Architecture/noun-0722__head-highheel.png	B06-OBJ__Artifact/aachat-forge-artifact-vermilion-heelcrest-catwalker.png	8a03feedb2d4a87c1f032d5d8d4a50d68e9f321c15a7493e6a2696d92ee11563	Asymmetric high-heel crest with vermilion rear counter, charcoal LCD shell, saffron sole trim, and tiny cyan insets.
nouns_classified_1973/B06-OBJ__Artifact_&_Architecture/noun-0724__head-queencrown.png	B06-OBJ__Artifact/aachat-forge-artifact-scarlet-jewel-canopy-regent.png	e1e7e27f2194783a9a7e0b9095da5fa0d855e12a2545a5a20e3c3db1e9e8a7bb	Scarlet-and-gold queen-crown architecture with jewel side panels, black ceremonial robe, gold starburst chest motif, and a structurally integrated fixed aachat LCD.
nouns_classified_1973/B06-OBJ__Artifact_&_Architecture/noun-0731__head-calendar.png	B06-OBJ__Artifact/aachat-forge-artifact-ivory-ringbound-date-keeper.png	6811cb3add68711134dc2326e2b7fae2f15bd2ef266ceb11e6e84384ccd703e0	Ring-bound calendar guardian with an ivory stepped page frame, saffron accents, russet pedestal body, fixed cobalt-glow LCD, and coarse square 3D modules.
nouns_classified_1973/B06-OBJ__Artifact_&_Architecture/noun-0737__head-lipstick2.png	B06-OBJ__Artifact/aachat-forge-artifact-scarlet-lipstick-column-courier.png	20caf19a16af556703e10b3d25f5b06d315addcbb5161d5d1a624a826e1686d2	Solid scarlet lipstick crown, yellow collar, pink-black LCD housing, and violet stepped tube body with sparse lavender diagonal modules.
nouns_classified_1973/B06-OBJ__Artifact_&_Architecture/noun-0742__head-factory-dark.png	B06-OBJ__Artifact/aachat-forge-artifact-charcoal-sawtooth-foundry-keeper.png	c5094c216cbacb6b8fd463cf62342033461d7c693b25ba46dc48aff6c0835118	Charcoal sawtooth foundry keeper with a structurally integrated LCD factory head, ember furnace chest, long block legs, and dusty-pink maintenance claw.
nouns_classified_1973/B06-OBJ__Artifact_&_Architecture/noun-0747__head-weight.png	B06-OBJ__Artifact/aachat-forge-artifact-violet-ballast-handle-bearer.png	00d195d95c431826f2dd4bb635a005a4187b9febaaeb16c0916edbea2299891e	Reference-mode Level 4 head-weight bearer with a slate modular carry-handle shell, violet column body, restrained chartreuse trim, and complete source-face replacement by the fixed aachat LCD.
nouns_classified_1973/B06-OBJ__Artifact_&_Architecture/noun-0752__head-dictionary.png	B06-OBJ__Artifact/aachat-forge-artifact-scarlet-open-ledger-walker.png	92e44391f55e67c1b1c360e9f67c80fb7d2446082d1660a8100cbfdc0180e922	Scarlet open-ledger walker with page-stack torso, blue binding, fixed aachat LCD, and coarse square-module construction.
nouns_classified_1973/B06-OBJ__Artifact_&_Architecture/noun-0759__head-pipe.png	B06-OBJ__Artifact/aachat-forge-artifact-copper-pipe-checker-sentinel.png	0b9a05520ff2a7bc89df46a9116aab3c3c25675465e658aa086a0774f659caec	Reference-mode Level 4 copper pipe-checker sentinel; offset chimney crown, nonfacial side exhausts, black-ivory checker body, coarse square 3D modules, and fixed near-frontal LCD.
nouns_classified_1973/B06-OBJ__Artifact_&_Architecture/noun-0761__head-queencrown.png	B06-OBJ__Artifact/aachat-forge-artifact-scarlet-checker-crown-sovereign.png	c240b55a980c5497f9078ddf220f020bf5f57fe2549e3cefb2a74f8a3e478d17	Scarlet-and-gold block crown sovereign with a black-and-white checker tabard and blue-violet royal body; original face fully replaced by the fixed frontal aachat LCD.
nouns_classified_1973/B06-OBJ__Artifact_&_Architecture/noun-0767__head-treasurechest.png	B06-OBJ__Artifact/aachat-forge-artifact-mahogany-gilt-lid-treasurer.png	48d7637e1c3c690a5b28b68fed10ddf4daefc211d793696daaa953f52723ee04	Reference mode: mahogany treasure-chest head with warm-gold bands and pale icy-cyan keeper body; original face fully replaced by fixed 1.65:1 LCD; coarse same-scale square 3D modules, full-body white-background composition.
nouns_classified_1973/B06-OBJ__Artifact_&_Architecture/noun-0776__head-queencrown.png	B06-OBJ__Artifact/aachat-forge-artifact-ruby-turret-crown-sovereign.png	674ccf3c842f1a7f409b051c93ef0c31a9d5f53db0191f13ccb6227ab0812950	Ruby-and-gold turret crown sovereign with cobalt jewels, restrained green regalia, a fully integrated fixed LCD, and generous full-body white-space framing.
nouns_classified_1973/B06-OBJ__Artifact_&_Architecture/noun-0777__head-gavel.png	B06-OBJ__Artifact/aachat-forge-artifact-saffron-gavel-checker-magistrate.png	4ce38b38fe88528a98d8d0c6aa559e30cd5e4077fac23a0d30d40538bd231c18	Reference-mode Level 4 verdict magistrate with a broad dark-walnut gavel canopy, saffron LCD housing, green-and-white checker tribunal robe, integrated mallet, fixed frontal cobalt LCD, and coarse square 3D modules.
nouns_classified_1973/B06-OBJ__Artifact_&_Architecture/noun-0788__head-paperclip.png	B06-OBJ__Artifact/aachat-forge-artifact-silver-paperclip-mosaic-clerk.png	16651d1f853d52b29c351e3b73580420bed63deda35a0f154587e5db31e2f430	Pale-silver rectangular module shell with structural magenta paperclip loop, fixed aachat LCD, and restrained coarse multicolor mosaic chest.
nouns_classified_1973/B06-OBJ__Artifact_&_Architecture/noun-0789__head-volleyball.png	B06-OBJ__Artifact/aachat-forge-artifact-ivory-panel-court-sentinel.png	e7bd797a0faf8c52092becfac5fbea8866f457225155e6e4c2b63c7eb3f02d6d	Reference-mode Level 4: oversized ivory volleyball-panel head shell rebuilt from coarse square modules around the fixed frontal LCD, with compact slate-gray athletic body and generous full-body white-space framing.
nouns_classified_1973/B06-OBJ__Artifact_&_Architecture/noun-0794__head-couch.png	B06-OBJ__Artifact/aachat-forge-artifact-ochre-couchback-colorbar-keeper.png	a5e3b675c79516284c01f1ad08dc8c2b249dbcb821930f0d659bfe776ad60366	Warm ochre couch-back head architecture with stepped cushion modules, a pale block-built body, and a restrained red-orange-magenta colorbar; the source face is fully replaced by the fixed frontal aachat LCD.
nouns_classified_1973/B06-OBJ__Artifact_&_Architecture/noun-0796__head-ring.png	B06-OBJ__Artifact/aachat-forge-artifact-lemon-halo-crest-warden.png	10bc42b78fd7c8f73da9cda4e87622ea4b65ffb8bb33bfb52106cd103ffbf51e	Lemon-yellow stepped halo head shell with a magenta crest, dark columnar warden body, and modular ceremonial staff, rebuilt in coarse square 3D modules around the fully replacing fixed aachat LCD.
nouns_classified_1973/B06-OBJ__Artifact_&_Architecture/noun-0801__head-couch.png	B06-OBJ__Artifact/aachat-forge-artifact-umber-settee-crown-steward.png	50ece1e27eaa2ea0476f71b96586cf7e45fe960c8284c07513ec1b8968e9fe82	Wide umber settee-crown head rebuilt from coarse square modules around the fixed cobalt-glow LCD; compact steward body echoes the cushion geometry.
nouns_classified_1973/B06-OBJ__Artifact_&_Architecture/noun-0803__head-queencrown.png	B06-OBJ__Artifact/aachat-forge-artifact-scarlet-gem-crown-monarch.png	7829c53c89c06723e7b11640ebb5221d13d996a55dff13b694c5351a55acec6d	Scarlet-and-gold jeweled crown housing with white ceremonial block body and black crossed sash; original face fully replaced by the fixed cobalt-glow LCD.
nouns_classified_1973/B06-OBJ__Artifact_&_Architecture/noun-0806__head-beanie.png	B06-OBJ__Artifact/aachat-forge-artifact-scarlet-tassel-beanie-keeper.png	d378fedcc26cf7852cb9a56c97f4d615cda452423eef0728e9e618804c5c6aae	Scarlet tassel beanie shell with a long charcoal modular tunic, fully rebuilt around the fixed frontal aachat LCD.
nouns_classified_1973/B06-OBJ__Artifact_&_Architecture/noun-0808__head-backpack.png	B06-OBJ__Artifact/aachat-forge-artifact-olive-trail-pack-porter.png	e8a327c6304468709b21866bddff09e67bf31add8693e6d1e5d1f52be734a512	Olive trail backpack head with brown handle and straps, cobalt LCD frame, warm-orange body, white foot bands, and coarse square modules.
nouns_classified_1973/B06-OBJ__Artifact_&_Architecture/noun-0809__head-curling-stone.png	B06-OBJ__Artifact/aachat-forge-artifact-emerald-curlstone-skip.png	8f69eec6c47853cd1d6a7952da085985b01be3a5fbfd086a474041630cee4966	Broad gray curling-stone head shell with vivid blue handle crest and cyan rim, emerald rink uniform, modular broom, fixed cobalt-glow aachat LCD, and coarse square 3D construction with generous full-body white margins.
nouns_classified_1973/B06-OBJ__Artifact_&_Architecture/noun-0827__head-backpack.png	B06-OBJ__Artifact/aachat-forge-artifact-olive-packframe-checker-courier.png	053a9e5af4af48a4e6cc9318bae9c981d1f33620f3b50ddba59104fc764b905f	Forest-green pack-frame courier with an ochre top flap and handle, brown side straps, a black-white checker band, fixed integrated LCD, and one-scale coarse square 3D modules.
nouns_classified_1973/B06-OBJ__Artifact_&_Architecture/noun-0830__head-shower.png	B06-OBJ__Artifact/aachat-forge-artifact-cobalt-rain-nozzle-keeper.png	200eae9a3b34d3de1675e2b9bd9fc72fd03c730d58c79193687b26847c8fb3e6	Reference mode Level 4: cobalt shower-head keeper with tiered charcoal cap, broad nozzle rim, lattice body, fixed LCD, and consistent coarse square modules.
nouns_classified_1973/B06-OBJ__Artifact_&_Architecture/noun-0831__head-trashcan.png	B06-OBJ__Artifact/aachat-forge-artifact-jade-lid-bin-steward.png	2e831967a81bb3531413e519033c3a9444e4f6258ad2020a8cd91180c6484f81	Reference mode Level 4: jade-green bin steward with graphite lid and handle, small ochre utility clasp, fixed aachat LCD fully replacing the source face, and coarse square 3D modules.
nouns_classified_1973/B06-OBJ__Artifact_&_Architecture/noun-0832__head-stapler.png	B06-OBJ__Artifact/aachat-forge-artifact-scarlet-staple-pillar-clerk.png	63fce45d21e1211192b6ccc491b60eea68621259bf78509d0fbdddde77dbc551	Reference-mode scarlet stapler clerk with stepped red shell, projecting jaw, charcoal pedestal body, complete source-face replacement by the fixed aachat LCD, and consistent coarse square Level 4 modules.
nouns_classified_1973/B06-OBJ__Artifact_&_Architecture/noun-0840__head-outlet.png	B06-OBJ__Artifact/aachat-forge-artifact-ivory-socket-magenta-runner.png	d0bd905ada946f771476ebf253c838c00276fac95f096fff7c1da0a04d398ae7	Ivory outlet-shell head rebuilt around the fixed LCD, with black side terminals, a magenta box torso, and yellow coarse-module limbs.
nouns_classified_1973/B06-OBJ__Artifact_&_Architecture/noun-0841__head-cone.png	B06-OBJ__Artifact/aachat-forge-artifact-vermilion-cone-parapet-surveyor.png	af6f84e756a09bc45ae0a71c762b03c81f0ba798c978db2261250e523d2187d7	Stepped vermilion cone crown and parapet, cobalt LCD housing, and a green banded survey-tower body with ivory trim, fully block-built with the source face completely replaced.
nouns_classified_1973/B06-OBJ__Artifact_&_Architecture/noun-0844__head-faberge.png	B06-OBJ__Artifact/aachat-forge-artifact-violet-jeweled-egg-custodian.png	7f4849ea7b27843aeb695cc1db890a8d7c48d305d3b690b7dd96e5ccc68b6e34	Stepped violet jeweled egg dome with restrained gold filigree, olive-and-ivory ceremonial modules, and a fully integrated fixed aachat LCD.
nouns_classified_1973/B06-OBJ__Artifact_&_Architecture/noun-0845__head-road.png	B06-OBJ__Artifact/aachat-forge-artifact-charcoal-roadway-window-guide.png	4215803282bfea4aff70f696294d74039582795793cb130b71f9d06f2e89ae95	Reference-mode charcoal roadway-window guide with a broad stepped canopy, magenta-and-ivory architectural bands, a safety-yellow route stripe, coarse square modules, and complete source-face replacement by the fixed aachat LCD.
nouns_classified_1973/B06-OBJ__Artifact_&_Architecture/noun-0862__head-wallsafe.png	B06-OBJ__Artifact/aachat-forge-artifact-charcoal-redkey-lockbox-warden.png	6ca47009dbad62197ef29911d9dff239bbad4e0e9b5b4cf9a1acf605b9ade6a0	Charcoal wall-safe custodian with warm-gray square-module casing, integrated scarlet keypad, and a complete fixed-LCD face replacement.
nouns_classified_1973/B06-OBJ__Artifact_&_Architecture/noun-0870__head-ruler-triangular.png	B06-OBJ__Artifact/aachat-forge-artifact-rose-triangle-rule-keeper.png	7ef9ae60fc43e678e0bfea30cb023e50c1bf76746e4188071b4ba9d6f728ba16	Magenta stepped triangular drafting-rule head with integrated frontal LCD, warm ivory coarse modular body, and restrained charcoal measuring accents.
nouns_classified_1973/B06-OBJ__Artifact_&_Architecture/noun-0871__head-pillow.png	B06-OBJ__Artifact/aachat-forge-artifact-ivory-lime-pillow-dreamkeeper.png	483cb12f42cae893222fcb47c5b3f8a657f52470d390f226556b93718241a868	Reference mode Level 4: ivory pillow-headrest dreamkeeper with a lime modular body, pale-blue seams, checker belt, and the original face fully replaced by the fixed aachat LCD.
nouns_classified_1973/B06-OBJ__Artifact_&_Architecture/noun-0879__head-bagpipe.png	B06-OBJ__Artifact/aachat-forge-artifact-verdant-reedpack-piper.png	54f40061e6bc73cef3a2cb5e807c2b601521117d23320e25b5cf24743518eb92	Reference mode Level 4: verdant tartan reedpack piper with three rising wooden drone pipes, integrated side chanter and air bag, fixed aachat LCD fully replacing the source face, broad white breathing room, and coarse square 3D modules.
nouns_classified_1973/B06-OBJ__Artifact_&_Architecture/noun-0881__head-factory-dark.png	B06-OBJ__Artifact/aachat-forge-artifact-midnight-rainbow-smokeworks-foreman.png	54d4a57fe7927cd6bc599a7982bb6102d1fec21c83b5eec3307ce1e8748ab368	Midnight modular smokeworks foreman preserving charcoal sawtooth roof, red-orange chimney and furnace accents, and rainbow lower bands; original face fully replaced by canonical front-facing LCD.
nouns_classified_1973/B06-OBJ__Artifact_&_Architecture/noun-0901__head-mirror.png	B06-OBJ__Artifact/aachat-forge-artifact-silver-mirror-portal-custodian.png	1d1ec1ce3743175696ebf231435e9f83f380120840de1655ab5033a863cf3b6f	Pale-silver mirror-portal head, pale-cyan plinth body, restrained coral module accents, and complete source-face and lettering replacement around the fixed aachat LCD.
nouns_classified_1973/B06-OBJ__Artifact_&_Architecture/noun-0904__head-curling-stone.png	B06-OBJ__Artifact/aachat-forge-artifact-cobalt-curling-handle-skip.png	7a998a0cf80e4e2841f633b59cf67a503ce1370954fe8df9a40f3d0ad5b0ba9a	Compact cobalt curling-stone steward; rounded charcoal module head, cubical top handle, plain blue body, and complete fixed-LCD face replacement.
nouns_classified_1973/B06-OBJ__Artifact_&_Architecture/noun-0905__head-hanger.png	B06-OBJ__Artifact/aachat-forge-artifact-ivory-hook-wardrobe-valet.png	c40689006fd06c0cecaaa408a0f9c830f89843246c5964fe9e04163aba8e0baa	Reference-mode ivory wardrobe valet preserving the source hanger silhouette, hook crest, broad shoulder rail, straight supports, and saffron accent, with the original face fully replaced by the integrated fixed LCD and consistent coarse square modules.
nouns_classified_1973/B06-OBJ__Artifact_&_Architecture/noun-0906__head-saw.png	B06-OBJ__Artifact/aachat-forge-artifact-slate-sawhead-joiner.png	8ca4dede2473c85d89e6d1a8f4c0cce2f1e3ab729cb201425a569abe5578ceed	Slate toothed saw-head with walnut handle brace and cobalt workwear; complete source face replaced by integrated fixed aachat LCD; coarse consistent square 3D modules.
nouns_classified_1973/B06-OBJ__Artifact_&_Architecture/noun-0907__head-toothbrush-fresh.png	B06-OBJ__Artifact/aachat-forge-artifact-mint-bluebar-brushkeeper.png	724399dc83e0638136b703650b8a0d57da23de0cc104b859634538539103a5b2	Fresh toothbrush brushkeeper with a tall mint-green handle body, stepped white-and-mint brush-head crown, strong cobalt-blue horizontal bristle bar, sparse lime accent modules, and the original face fully replaced by the fixed frontal aachat LCD.
nouns_classified_1973/B06-OBJ__Artifact_&_Architecture/noun-0910__head-crown.png	B06-OBJ__Artifact/aachat-forge-artifact-golden-checker-crown-regent.png	96701db69ff93ee6486139e82207aef8a9c771504f8f3c9c4fd2b988d15e99e9	Golden crenellated crown-head regent with a controlled red-blue-green checker-mosaic body, generous full-body white margin, coarse square Level 4 modules, and complete source-face replacement by the fixed aachat LCD.
nouns_classified_1973/B06-OBJ__Artifact_&_Architecture/noun-0912__head-pipe.png	B06-OBJ__Artifact/aachat-forge-artifact-ebony-copper-pipe-caretaker.png	ab044559463a0ed1c08b0f0a1628343d775cdfe03cd8bdf969a538b2d0024626	Ebony modular pipe caretaker with twin warm-copper head extensions, compact block-built body, fixed cobalt LCD, complete source-face replacement, and generous full-body white margin.
nouns_classified_1973/B06-OBJ__Artifact_&_Architecture/noun-0914__head-chefhat.png	B06-OBJ__Artifact/aachat-forge-artifact-ivory-toque-ember-steward.png	5c895edbf1ea59fc0fd27325d7aa5c297f49f106d9432fec62272cccb26e985a	Level 4 ivory toque-crowned ember steward preserving the source's white chef-hat silhouette and red-to-umber palette, rebuilt in coarse square 3D modules with the original face fully replaced by the fixed aachat LCD.
nouns_classified_1973/B06-OBJ__Artifact_&_Architecture/noun-0916__head-wine-barrel.png	B06-OBJ__Artifact/aachat-forge-artifact-verdant-oak-cask-vintner.png	379c351effc04be6c7f432e5df0d0a8914fac950fa46a3b352169cc42c58c3bb	Warm oak-stave barrel head with charcoal hoops, structurally integrated fixed LCD, bottle-green modular body, pale limbs, and a restrained scarlet center sash.
nouns_classified_1973/B06-OBJ__Artifact_&_Architecture/noun-0923__head-crown.png	B06-OBJ__Artifact/aachat-forge-artifact-golden-gemspike-crown-regent.png	ed7d1c5ec6de2f7dc936678dd113eb9effb405e0b112901e18479e420a1247c9	Reference-mode golden crown regent with three blue-green-red gem-tipped spires, a vermilion mantle body, consistent coarse square 3D modules, and the source face fully replaced by the fixed integrated aachat LCD.
nouns_classified_1973/B06-OBJ__Artifact_&_Architecture/noun-0926__head-crystalball.png	B06-OBJ__Artifact/aachat-forge-artifact-amethyst-orb-pedestal-seer.png	3994550c5249c27cd4975ea0dc8f0606f18d129b05405a2def3302a4109a79d5	Stepped amethyst crystal-ball oracle with structurally integrated fixed LCD, pale star module, charcoal pedestal body, and restrained gold collar, cuffs, and ankle bands.
nouns_classified_1973/B06-OBJ__Artifact_&_Architecture/noun-0929__head-toiletpaper-full.png	B06-OBJ__Artifact/aachat-forge-artifact-ivory-perforated-roll-keeper.png	7174e1a4217b3da911401a12599848dd0fd66565e285331e0befa8c5b99a2a5f	Oversized ivory paper-roll head with block side spindle and perforated front flap; the original face is fully replaced by the fixed cobalt-glow LCD, carried by a compact coarse-module keeper body.
nouns_classified_1973/B06-OBJ__Artifact_&_Architecture/noun-0931__head-box.png	B06-OBJ__Artifact/aachat-forge-artifact-walnut-boxhead-tie-clerk.png	506afdc68221afec8a2eae3b869112c3b36bd86583bc98da33ccae1656c01e9c	Reference-mode Level 4 preserving the walnut-gray square head-box silhouette, deep green uniform, and yellow diagonal tie while fully replacing the source face with the fixed aachat LCD in coarse square 3D modules.
nouns_classified_1973/B06-OBJ__Artifact_&_Architecture/noun-0932__head-hockeypuck.png	B06-OBJ__Artifact/aachat-forge-artifact-graphite-hockeypuck-tower-steward.png	a61d64e5d651417f679846b87151b187938550caa57c2a1e0a744b7c3859992c	Graphite puck-headed tower steward with a fixed cobalt LCD, slate block chassis, and sparse white structural inlays.
nouns_classified_1973/B06-OBJ__Artifact_&_Architecture/noun-0938__head-crystalball.png	B06-OBJ__Artifact/aachat-forge-artifact-amethyst-orb-plinth-seer.png	0260e5e0af85af5e6a6de6ad7a02bf28fb083777873ac6f5d9aa5d62678efb94	Amethyst crystal-orb head rebuilt around the fixed LCD above a coarse walnut divination plinth with restrained green accents.
nouns_classified_1973/B06-OBJ__Artifact_&_Architecture/noun-0957__head-snowglobe.png	B06-OBJ__Artifact/aachat-forge-artifact-frostglass-crown-reliquary.png	3b9b2afe88e34445f1c7f4306589734f6287372f27a6e56db3cd6024b578c02d	Reference-mode frostglass snow-globe reliquary with a pale ice-blue stepped crown, warm gold LCD frame, charcoal pedestal body, cyan-green chest jewel, and complete source-face replacement by the fixed aachat LCD.
nouns_classified_1973/B06-OBJ__Artifact_&_Architecture/noun-0959__head-box.png	B06-OBJ__Artifact/aachat-forge-artifact-walnut-lattice-headbox-warden.png	1f09d969fa4c213e9825e91b6c5fcd362d5119d0f642b6aa1a2a2fe2a2a2a690	Walnut gabled head-box warden with cream structural trim and a gray-white lattice body; the source face is fully replaced by the integrated fixed aachat LCD in coarse square Level 4 modules.
nouns_classified_1973/B06-OBJ__Artifact_&_Architecture/noun-0965__head-wizardhat.png	B06-OBJ__Artifact/aachat-forge-artifact-indigo-starcone-amber-augur.png	9851c43d66a78b8a5d346e5d27ed600d8af5dee0994aad6c194e4920297ab732	Indigo star-patterned wizard hat with amber module trim, deep-blue robe body, and a fully integrated fixed aachat LCD in coarse square-module Level 4 form.
nouns_classified_1973/B06-OBJ__Artifact_&_Architecture/noun-0966__head-calendar.png	B06-OBJ__Artifact/aachat-forge-artifact-ivory-spiral-plum-datekeeper.png	d65a1d11738e496da954680c253b174463fff8ac24522079e2fca792dfd0f98b	Ivory spiral-bound calendar sentinel with saffron page-frame architecture, a slim plum pedestal body, coarse square 3D modules, and a fully replaced fixed aachat LCD face.
nouns_classified_1973/B06-OBJ__Artifact_&_Architecture/noun-0972__head-trashcan.png	B06-OBJ__Artifact/aachat-forge-artifact-pewter-lid-gear-custodian.png	7d072c34f73cba1099ca62f0340b19a2f11d64ed3540c616321d36def03d2e97	Pewter modular waste-bin custodian with overhanging handled lid, integrated 1.65:1 LCD, and retained black gear chest motif.
nouns_classified_1973/B06-OBJ__Artifact_&_Architecture/noun-0975__head-glasses-big.png	B06-OBJ__Artifact/aachat-forge-artifact-violet-viewfinder-curator.png	0572f81f9aa7013c80c8356d5fd55405b940eb4accd9cee6a7b9ff9d95a4bd4d	Recast the source's oversized optical head as a violet stepped structural LCD housing over a compact pale-cyan coarse-module curator body; the original glasses-and-face system was removed completely.
nouns_classified_1973/B06-OBJ__Artifact_&_Architecture/noun-0984__head-shower.png	B06-OBJ__Artifact/aachat-forge-artifact-cerulean-showerhead-steward.png	63987f2c326c7b4a8221436936fc3ef0fe4b1cdddb8b6d638fc18c21eccd2f98	Broad graphite shower canopy, cobalt stepped water curtains, magenta plumbing torso, small blue-green fittings, and complete source-face replacement around the fixed aachat LCD in coarse square 3D modules.
nouns_classified_1973/B06-OBJ__Artifact_&_Architecture/noun-0988__head-wizardhat.png	B06-OBJ__Artifact/aachat-forge-artifact-indigo-spellcap-column-sage.png	1bcfc490bab86dc91150126f7b1b4be75fb01475aaf711751581fc5dc309d13c	Indigo spellcap sage preserving the source's crooked star hat and lattice-column silhouette, with the original face fully replaced by the fixed aachat LCD and uniform coarse Level 4 modules.
nouns_classified_1973/B06-OBJ__Artifact_&_Architecture/noun-0996__head-boot.png	B06-OBJ__Artifact/aachat-forge-artifact-walnut-boot-lace-bearer.png	4516e0ad4245300da93f5ce04ae02b1a45f397df9c944134b98da68d362481eb	Walnut boot-head bearer preserving the source olive body, cobalt chest emblem, raised boot tabs, dark sole, and lacing geometry; the original face is fully replaced by the fixed frontal aachat LCD in coarse square Level 4 modules.
nouns_classified_1973/B06-OBJ__Artifact_&_Architecture/noun-1002__head-pipe.png	B06-OBJ__Artifact/aachat-forge-artifact-copper-pipe-stack-custodian.png	61b3e6cd9cbe4f9d59379239a24db55a35ad9bd61950fc28823c66c1658a1a62	Dark charcoal pipe-stack custodian with warm copper cap and elbow outlet, cyan cuffs, lime control lights, and a fully integrated fixed aachat LCD.
nouns_classified_1973/B06-OBJ__Artifact_&_Architecture/noun-1005__head-chefhat.png	B06-OBJ__Artifact/aachat-forge-artifact-ivory-cloud-toque-saucier.png	f15063e29192588ee6a09ec604d72eda5450c7b1f9bdb7f6f1cca3ced20f2441	Tall ivory cloud-toque saucier with charcoal block uniform, vermilion trim, and a fully integrated fixed LCD replacing the source face and glasses.
nouns_classified_1973/B06-OBJ__Artifact_&_Architecture/noun-1007__head-retainer.png	B06-OBJ__Artifact/aachat-forge-artifact-rose-cranial-brace-medic.png	5bfa409e20b5b84381301c82d24201261d6bf3fb1658161df28d914bb5642f54	Rose-pink cranial restraint frame integrated around the fixed LCD, with a compact jade medical-smock body built from consistent coarse square modules.
nouns_classified_1973/B06-OBJ__Artifact_&_Architecture/noun-1012__head-goldcoin.png	B06-OBJ__Artifact/aachat-forge-artifact-auric-medallion-mintwarden.png	b8598963a054cd8de6d23eca1a3ae895c12ef59b29d1e7f6c88e068169bcbfa8	Gold-coin source reinterpreted as an auric medallion mintwarden with a stepped square-module coin halo, integrated frontal LCD, ivory columnar tunic, and charcoal joints.
nouns_classified_1973/B06-OBJ__Artifact_&_Architecture/noun-1015__head-pill.png	B06-OBJ__Artifact/aachat-forge-artifact-coral-mint-capsule-mender.png	34a6063e95846cf1e19cb68b87271f463ed3a06cbb5367ed2a63bf299c514eae	Coral-and-mint split capsule caretaker rebuilt in coarse square modules; original face fully replaced by the fixed cobalt-glow aachat LCD.
nouns_classified_1973/B06-OBJ__Artifact_&_Architecture/noun-1021__head-index-card.png	B06-OBJ__Artifact/aachat-forge-artifact-ivory-index-grid-clerk.png	36952e5b9cd859ca8f5c5bc6f0cc0f08a85a2898196b8ddaf64af4bb6c0f392b	Ivory ruled index-card head rebuilt around the fixed LCD; compact green checker-grid body in coarse square 3D modules.
nouns_classified_1973/B06-OBJ__Artifact_&_Architecture/noun-1022__head-chain.png	B06-OBJ__Artifact/aachat-forge-artifact-brass-chain-checker-warden.png	83c37bd188d3e819e00a6d5d19e41602163b15969e149a6da60dc2ed35f80f6e	Reference-mode Level 4 brass chain-crown warden preserving stacked link rails, turquoise accents, and rose-ivory checker pedestal; complete source face replaced by the fixed integrated aachat LCD.
nouns_classified_1973/B06-OBJ__Artifact_&_Architecture/noun-1024__head-paintbrush.png	B06-OBJ__Artifact/aachat-forge-artifact-sunset-bristle-stroke-dauber.png	28cf89941047670047947b52b2fde6365ebf004dba1e3cac6edbf161969580fe	Reference-mode Level 4 living paintbrush dauber; amber bristles, pale ferrule, scarlet paint drip, warm handle-body palette, complete source-face replacement by integrated fixed aachat LCD, and uniform coarse square 3D modules.
nouns_classified_1973/B06-OBJ__Artifact_&_Architecture/noun-1029__head-igloo.png	B06-OBJ__Artifact/aachat-forge-artifact-crimson-igloo-knit-keeper.png	5d1c976bc615de4cb47bbacba356575b008e9a9b6a72817eb0d2e90307f179c4	Reference mode Level4: igloo-block dome with integrated fixed LCD, crimson knit tunic, and ice-blue accents.
nouns_classified_1973/B06-OBJ__Artifact_&_Architecture/noun-1032__head-basketball.png	B06-OBJ__Artifact/aachat-forge-artifact-tangerine-seam-basketball-guard.png	c696cd5ee573e78a7b3defc4fe1c5c687c2b4a93167fc52b3a9c25fc60dca0c5	Tangerine basketball-headed court guard with dark seam modules, black block uniform, and a structurally integrated cobalt LCD.
nouns_classified_1973/B06-OBJ__Artifact_&_Architecture/noun-1033__head-queencrown.png	B06-OBJ__Artifact/aachat-forge-artifact-crimson-jewel-dais-queen.png	4b1e2a2a4422df8ed64241cc5fb97e01ae1b9be5e76d2fbeff7e81542bdda9c1	Scarlet-and-gold crown guardian with stepped openwork arches, a cobalt jewel, and a tall ceremonial dais body built from coarse square modules.
nouns_classified_1973/B06-OBJ__Artifact_&_Architecture/noun-1034__head-pencil-tip.png	B06-OBJ__Artifact/aachat-forge-artifact-lemon-graphite-nib-scribe.png	46ff5dcb530f9a4d37adbdec9f4c9844262c3eec20f5dca33b9b79ae935f7607	Lemon-yellow pencil-scribe preserving the sharpened pale-wood and graphite crown, restrained warm-red joinery, and dark limb rhythm; the original face is structurally replaced by the fixed frontal aachat LCD in consistent coarse square modules.
nouns_classified_1973/B06-OBJ__Artifact_&_Architecture/noun-1036__head-igloo.png	B06-OBJ__Artifact/aachat-forge-artifact-frostbrick-dome-keeper.png	80fb9117485155d71ad772dfa08b4a76c07ed4f5da83df044a76dfaef6b93b80	Rounded frostbrick igloo dome with plain pale-cyan buttresses over a narrow deep-navy module body; fixed 1.65:1 LCD fully replaces the source face.
nouns_classified_1973/B06-OBJ__Artifact_&_Architecture/noun-1044__head-toiletpaper-full.png	B06-OBJ__Artifact/aachat-forge-artifact-ivory-rainbow-roll-keeper.png	d00cdf115578d172e38a550338b76044b4be33dc11aabdf72aea1ce64e5aea5c	Coarse ivory toilet-roll head with a square-module side spindle, structurally integrated canonical LCD, rainbow-banded torso, and short blue-purple legs.
nouns_classified_1973/B06-OBJ__Artifact_&_Architecture/noun-1052__head-outlet.png	B06-OBJ__Artifact/aachat-forge-artifact-ivory-socket-panel-steward.png	a204c2b8cc85f6b10253b6252cc4b2ea94f26cdbdd27469573c859855f039db0	Reference-mode ivory wall-outlet steward with a structurally integrated fixed LCD, black recessed socket-panel torso, coarse square modules, and full-body white-background framing.
nouns_classified_1973/B06-OBJ__Artifact_&_Architecture/noun-1060__head-factory-dark.png	B06-OBJ__Artifact/aachat-forge-artifact-onyx-sawroof-foundry-foreman.png	274e930ab876a61d7d8afbbf2b3183439bfcbd0a321935174050091f6930fddd	Dark sawtooth factory foreman with an integrated fixed LCD, coarse onyx and ivory modules, and a restrained red smokestack cap.
nouns_classified_1973/B06-OBJ__Artifact_&_Architecture/noun-1061__head-toiletpaper-full.png	B06-OBJ__Artifact/aachat-forge-artifact-ochre-tissue-tower-custodian.png	5b7045245df7397074f9a251c3caf3e8f6f5228625c97667e532a876f46bce2b	White tissue-roll tower head with side spindle, warm ochre modular body and long legs, and the original face fully replaced by the fixed frontal aachat LCD.
nouns_classified_1973/B06-OBJ__Artifact_&_Architecture/noun-1065__head-pill.png	B06-OBJ__Artifact/aachat-forge-artifact-coral-mint-capsule-healer.png	f7c4d31410d525ff586a0ac1c4f7ed181af99156d789cc1e62c6825c99086dbc	Coral-and-mint capsule head rebuilt around the fixed LCD, with a pale-aqua healer body, coarse same-scale square modules, and full-body white-studio framing.
nouns_classified_1973/B06-OBJ__Artifact_&_Architecture/noun-1070__head-saw.png	B06-OBJ__Artifact/aachat-forge-artifact-pewter-sawtooth-joiner.png	3f1fa945d70beec85ce4705c4b440ce1bafc7c15eacfb1e2e7e5254fe8305c1f	Reference-mode Level 4 preserving the source's long right-facing serrated pewter saw-head silhouette, dark walnut rear handle, warm ivory workwear, and compact upright stance while fully replacing the original face system with the fixed aachat LCD in coarse square 3D modules.
nouns_classified_1973/B06-OBJ__Artifact_&_Architecture/noun-1072__head-beanie.png	B06-OBJ__Artifact/aachat-forge-artifact-crimson-knit-grid-keeper.png	23d296b0f1a0b30517a6262bced4e5108b5c6184c7272637eeadd966fd924671	Reference-mode Level 4 winter-cap keeper preserving the crimson stepped beanie, charcoal block tunic, and yellow woven grid band; the original face is fully replaced by the fixed aachat LCD in coarse square 3D modules.
nouns_classified_1973/B06-OBJ__Artifact_&_Architecture/noun-1078__head-film-strip.png	B06-OBJ__Artifact/aachat-forge-artifact-cobalt-celluloid-tail-archivist.png	9d8cdeae579f641c6bf0717fdd91db62642ad59a4098be6e937a3724830230a1	Reference-mode film-archive guardian with a charcoal perforated head frame, cobalt coarse modules, one amber splice tab, a cyan celluloid tail, and the source face completely replaced by the fixed aachat LCD.
nouns_classified_1973/B06-OBJ__Artifact_&_Architecture/noun-1081__head-outlet.png	B06-OBJ__Artifact/aachat-forge-artifact-ivory-conduit-panel-keeper.png	dda6655b67bf4cb514d9590cf0be17dc7751601cfc108e80fe60874b0c6b3a30	Reference-mode Level 4 outlet guardian with an ivory ceramic panel head, coral conduit rails, clean graphite body, and fully replaced fixed aachat LCD.
nouns_classified_1973/B06-OBJ__Artifact_&_Architecture/noun-1091__head-retainer.png	B06-OBJ__Artifact/aachat-forge-artifact-coral-retainer-frame-keeper.png	289abab4002521783c2b2f371af49e2db6785a4643449feefdbe55eee23dda56	Coral-and-mint retainer-frame guardian on a warm-orange post body; the source face was fully replaced by the fixed integrated aachat LCD.
nouns_classified_1973/B06-OBJ__Artifact_&_Architecture/noun-1094__head-cone.png	B06-OBJ__Artifact/aachat-forge-artifact-scarlet-cone-kiosk-warden.png	dc2487d1483dfa0af561c22ba865b3a561430b88a5c7cf6221ff5b84f4583973	Scarlet cone-crown signal kiosk with ivory bands, cobalt chest inset, sturdy block limbs, and the source face fully replaced by the fixed integrated aachat LCD.
nouns_classified_1973/B06-OBJ__Artifact_&_Architecture/noun-1101__head-queencrown.png	B06-OBJ__Artifact/aachat-forge-artifact-crimson-regalia-crown-bearer.png	0c4a05f8f0266d8f0dee8ef777be6de0761af22a2140c800043958c69c5cbd98	Crimson velvet and gold lattice crown modules frame the fixed LCD above cobalt royal vestments, preserving the source's regal silhouette while fully replacing its original face system.
nouns_classified_1973/B06-OBJ__Artifact_&_Architecture/noun-1109__head-cone.png	B06-OBJ__Artifact/aachat-forge-artifact-scarlet-cone-gate-warden.png	cd88d7813ea21e01e19e6f1879e449d1de8b9b5eca144827f7a4fcd4fbf0c2ff	Scarlet stepped cone gate warden with lime LCD housing, warm-gray block body, and restrained yellow signal badge.
nouns_classified_1973/B06-OBJ__Artifact_&_Architecture/noun-1112__head-toiletpaper-full.png	B06-OBJ__Artifact/aachat-forge-artifact-ivory-paper-roll-custodian.png	e610afcded1b63e289a0837990292f03dcaff08dfd11146b1bdc0c5371458ac6	Ivory block-built paper-roll custodian with a cobalt side spindle, structurally integrated fixed LCD, and restrained confetti-mosaic torso.
nouns_classified_1973/B06-OBJ__Artifact_&_Architecture/noun-1115__head-cone.png	B06-OBJ__Artifact/aachat-forge-artifact-scarlet-apex-column-watchman.png	eed6395c4bc0651674379efee99f7ffd04a16986fc48af6d362dd44f3126ef61	Scarlet-to-russet block-built head-cone watchman preserving the source column silhouette and centered crest, with the original face fully replaced by the fixed frontal aachat LCD.
nouns_classified_1973/B06-OBJ__Artifact_&_Architecture/noun-1119__head-pillow.png	B06-OBJ__Artifact/aachat-forge-artifact-ivory-pillow-stripe-dreamkeeper.png	a093441eb36b9d3405ada339d5df04efa572216a80d1abc827c764a4b20f329f	Ivory corner-tab pillow head with pale-blue edging and emerald-cobalt striped coarse modular body; original face fully replaced by the fixed frontal aachat LCD.
nouns_classified_1973/B06-OBJ__Artifact_&_Architecture/noun-1120__head-piano.png	B06-OBJ__Artifact/aachat-forge-artifact-ebony-keyboard-nocturne-maestro.png	46d4c8d4b3f4bebfbe4d04676473ead2dabe1c3c8131310baa5fc8719a3e389d	Reference-mode ebony piano architecture with a stepped grand-piano LCD crown, ivory upright keyboard cabinet, and restrained brass pedal accents; the original face was fully replaced.
nouns_classified_1973/B06-OBJ__Artifact_&_Architecture/noun-1122__head-pillow.png	B06-OBJ__Artifact/aachat-forge-artifact-periwinkle-pillow-lime-dreamer.png	c800ca931cae485296ebef176d0285ccdacdecaa126ba32e95f4ac3940b09d31	Pillow silhouette with periwinkle corner modules, coral collar band, lime stitch motif, and fully integrated fixed LCD.
nouns_classified_1973/B06-OBJ__Artifact_&_Architecture/noun-1124__head-cassettetape.png	B06-OBJ__Artifact/aachat-forge-artifact-scarlet-cassette-ribbon-archivist.png	1fe1d4f8b5381f2e60808b57c58a061df5915a826a95b2d86a8448e56a114a73	Reference-mode Level 4 scarlet cassette ribbon archivist with an ivory cassette shell, graphite modular body, torso reel motif, gold tape-chain, and fixed LCD fully replacing the source face.
nouns_classified_1973/B06-OBJ__Artifact_&_Architecture/noun-1135__head-goldcoin.png	B06-OBJ__Artifact/aachat-forge-artifact-sunlit-coin-pillar-treasurer.png	714f60a7dc6c3b52df6312a1709b227d64a5cec5a212a2f6fd82506a272a2f6c	Round stepped gold-coin LCD head over a warm orange-red pillar body, built in one coarse square-module scale.
nouns_classified_1973/B06-OBJ__Artifact_&_Architecture/noun-1136__head-beanie.png	B06-OBJ__Artifact/aachat-forge-artifact-scarlet-rainbow-knit-keeper.png	f2ecbbc376d362ff9ae4d507b255602cf7d647fe72cc900f691e957864818383	Scarlet pom-pom beanie keeper with teal folded LCD housing and a rainbow-knit coarse modular body.
nouns_classified_1973/B06-OBJ__Artifact_&_Architecture/noun-1143__head-treasurechest.png	B06-OBJ__Artifact/aachat-forge-artifact-sienna-goldclasp-cachekeeper.png	91687c553e1f6db8161fa5b9253c642a1e149148c30cd348aa60cd6c8db7be4d	Sienna treasure-chest keeper with brass-banded lid/head, gold clasps, red-orange cabinet torso, coarse square modules, and the original face fully replaced by the fixed LCD.
nouns_classified_1973/B06-OBJ__Artifact_&_Architecture/noun-1146__head-watch.png	B06-OBJ__Artifact/aachat-forge-artifact-ivory-redbezel-strap-timekeeper.png	a2561d4e52f5f9d1825083aa8727a6713c9e3430be7580ffadf1ad043f5903b2	Reference-mode Level 4 watch timekeeper; ivory and saffron square-module case, orange-red LCD bezel, cool-gray segmented strap body, canonical LCD fully replaces the source face.
nouns_classified_1973/B06-OBJ__Artifact_&_Architecture/noun-1147__head-pyramid.png	B06-OBJ__Artifact/aachat-forge-artifact-ochre-pyramid-apex-keeper.png	21699fb5406b4f8db7734dbb098ec2d8d1a62d425dfd1645a94738557fe83703	Ochre stepped-pyramid apex shell, coral-and-charcoal tiled tunic, black-and-ivory modular limbs, and complete source-face replacement by the fixed cobalt aachat LCD.
nouns_classified_1973/B06-OBJ__Artifact_&_Architecture/noun-1151__head-film-strip.png	B06-OBJ__Artifact/aachat-forge-artifact-cobalt-filmstrip-projectionist.png	1417a4104c9fcd126d19f71fe1063bdc700a53fa182c437bf7bc7a6312aa6a67	Black perforated film-strip crown, cobalt 1.65:1 LCD housing, and compact charcoal projectionist pillar body in coarse square modules.
nouns_classified_1973/B06-OBJ__Artifact_&_Architecture/noun-1154__head-index-card.png	B06-OBJ__Artifact/aachat-forge-artifact-ivory-ruled-card-registrar.png	01a0fe86fc1ea9fddf7a8caecc73c86b941997eb4914f2abb8337ccac42c9d82	Ivory ruled index-card registrar with pastel bands, rainbow register, checker ledger belt, and a fully integrated fixed LCD built from coarse square modules.
nouns_classified_1973/B06-OBJ__Artifact_&_Architecture/noun-1156__head-hockeypuck.png	B06-OBJ__Artifact/aachat-forge-artifact-graphite-redline-puck-warden.png	f1985f1abf8a27094e3e4e440f0a2cb60195369948954dcbac4ea41a2d464ddf	Graphite rink-disc warden with red-white banded uniform, fixed integrated LCD, and coarse square modules.
nouns_classified_1973/B06-OBJ__Artifact_&_Architecture/noun-1159__head-retainer.png	B06-OBJ__Artifact/aachat-forge-artifact-rose-ladder-brace-warden.png	3c9b90a7a578b3b51de42548963ecdd32c2c756815ce2835a8df7077037cd91a	Rose-pink stepped retainer frame around the fixed LCD, ivory joint blocks, dark-brown ladder-ribbed torso, sparse teal hardware, and complete source-face replacement in one-scale coarse square 3D modules.
nouns_classified_1973/B06-OBJ__Artifact_&_Architecture/noun-1166__head-paperclip.png	B06-OBJ__Artifact/aachat-forge-artifact-ivory-paperclip-indexer.png	5445e0b833aafe7e490d35bcc95c44d11113484202601db440f2651e547e885f	Reference-mode ivory rectangular paperclip indexer with a magenta structural clip crown, warm yellow-to-rust striped block torso, fixed aachat LCD, and consistent coarse square 3D modules.
nouns_classified_1973/B06-OBJ__Artifact_&_Architecture/noun-1167__head-wallet.png	B06-OBJ__Artifact/aachat-forge-artifact-azure-billfold-clasp-keeper.png	f00152e209f971d274496948d175775f5497a603304a768a33152781094a9677	Level 4 Reference mode; preserved the layered tan wallet head, cobalt inset blocks, copper clasp, and slim pale-blue body while fully replacing the original face with the fixed 1.65:1 aachat LCD; coarse square 3D modules with generous full-body white framing.
nouns_classified_1973/B06-OBJ__Artifact_&_Architecture/noun-1169__head-paperclip.png	B06-OBJ__Artifact/aachat-forge-artifact-cobalt-paperclip-ledger-clerk.png	f95d7c584e0159a0f4abe0eae40eb217c6c8e641346b18347ae3808a7ff0dc13	Wide paperclip head reinterpreted as a pale-cyan modular ledger clerk with fixed frontal LCD, cobalt and green accents, and a block-built ledger.
nouns_classified_1973/B06-OBJ__Artifact_&_Architecture/noun-1170__head-clutch.png	B06-OBJ__Artifact/aachat-forge-artifact-fuchsia-clasp-case-porter.png	8ec28189ed62d76bd5d24d28e5686176481a18df31ba0d3051d8c5507a1a46cf	Fuchsia clutch-case head shell with purple top clasp and gold side hardware, mint-blue block body, fixed LCD face replacement, and coarse square Level 4 modules.
nouns_classified_1973/B06-OBJ__Artifact_&_Architecture/noun-1171__head-bagpipe.png	B06-OBJ__Artifact/aachat-forge-artifact-verdant-tartan-reed-piper.png	eb35b32514cee12f6d79e4cb3e4f2e7b11ecb37142ad3a02a20efcdd6b682509	Verdant modular bagpipe piper with an emerald air-bag head, rosewood drone pipes, pale marching uniform, restrained tartan accents, and a fully integrated canonical LCD.
nouns_classified_1973/B06-OBJ__Artifact_&_Architecture/noun-1175__head-sand-castle.png	B06-OBJ__Artifact/aachat-forge-artifact-azure-pennant-castle-keeper.png	8bfcf4322cf00b3b45a165e07eeb74cd8d15cbfbafb3d5d1928f111a7119e41a	Level 4 sand-castle guardian with tan crenellated modules, azure pennant, rust tunic, cyan accent, and a fully integrated fixed LCD replacing the source face.
nouns_classified_1973/B06-OBJ__Artifact_&_Architecture/noun-1176__head-tuba.png	B06-OBJ__Artifact/aachat-forge-artifact-amber-tuba-coil-minstrel.png	0e77c877534a88e0214e6ee78d455f3424c63166b29c7057f7b3fa98c1fd957e	Amber-brass tuba bell crown and coiled chest tubing reinterpreted in coarse square modules, with a dark walnut body, restrained green accents, and the original face fully replaced by the fixed cobalt LCD.
nouns_classified_1973/B06-OBJ__Artifact_&_Architecture/noun-1181__head-wizardhat.png	B06-OBJ__Artifact/aachat-forge-artifact-cobalt-starhat-arcane-keeper.png	be8ce3bafbaca700ba69ebe8760d81a81328cc88b16e68a05aad54b653df786c	Cobalt starhat arcane keeper preserving the crooked blue hat, gold star ornaments, and warm orange robe in uniform coarse square modules, with the source face fully replaced by the fixed frontal aachat LCD.
nouns_classified_1973/B06-OBJ__Artifact_&_Architecture/noun-1183__head-pipe.png	B06-OBJ__Artifact/aachat-forge-artifact-terracotta-pipe-scholar.png	ac619ad98adcb527e02f8c316525bd3f34dec7993a9fa739c6862c4c1a671add	Reference-mode Level 4 retaining the warm terracotta and deep-umber stepped pipe-head silhouette and dark scholar body, with the source face fully replaced by the fixed aachat LCD.
nouns_classified_1973/B06-OBJ__Artifact_&_Architecture/noun-1184__head-toothbrush-fresh.png	B06-OBJ__Artifact/aachat-forge-artifact-mint-bristle-rinse-keeper.png	946d24c70fc5d7eb56089e457fe46d10c61e1eff6b56fc2142955c16aa4108c6	Fresh toothbrush-rinse keeper preserving the mint bristle crest, cobalt crossbar and tall green utility body in consistent coarse square 3D modules, with the source face fully replaced by the fixed frontal aachat LCD.
nouns_classified_1973/B06-OBJ__Artifact_&_Architecture/noun-1189__head-shower.png	B06-OBJ__Artifact/aachat-forge-artifact-azure-shower-canopy-caretaker.png	b059d7a581d480722b706e92d4d2beebe38005237f57f4b2b9db75dd0f5c4793	Reference-mode shower canopy caretaker: charcoal stepped spray-head housing, pale-aqua water-column body, cobalt droplet arms; original face fully replaced by the fixed aachat LCD.
nouns_classified_1973/B06-OBJ__Artifact_&_Architecture/noun-1193__head-tuba.png	B06-OBJ__Artifact/aachat-forge-artifact-brass-bell-coil-minstrel.png	bc5840836871dc8c4f246bb102ba3c1c9b30c840232dcde90db20f9d60ce202f	Orange-brass tuba coil and raised bell rebuilt as coarse square modules around a fully replaced front LCD, with cobalt block uniform and integrated chest valves.
nouns_classified_1973/B06-OBJ__Artifact_&_Architecture/noun-1201__head-mailbox.png	B06-OBJ__Artifact/aachat-forge-artifact-violet-redflag-postbox-courier.png	b5be26c3e40a9c7f506565f613db8a2af181c72ef10a9432b14d96e301b4107c	Level 4 living head-mailbox artifact with a gray mailbox shell, raised crimson signal flag, violet pedestal body, side mail slot, fixed cobalt LCD, and consistent coarse square modules.
nouns_classified_1973/B06-OBJ__Artifact_&_Architecture/noun-1204__head-crystalball.png	B06-OBJ__Artifact/aachat-forge-artifact-violet-starry-dome-augur.png	e68a8848572b4df26b6c14c3b02a4e16126cf6f30e433fa762924b41ca28e0f4	Reference-mode Level 4 with a stepped violet crystal-dome shell, sparse warm-gold star inlays, a vermilion oracle-pedestal body, and complete source-face replacement by the fixed frontal aachat LCD in consistent coarse square 3D modules.
nouns_classified_1973/B06-OBJ__Artifact_&_Architecture/noun-1207__head-highheel.png	B06-OBJ__Artifact/aachat-forge-artifact-ruby-heel-crown-strider.png	afdb8a61982aab9456362f4b6f3ef2ca3142324f9f54a95f5d4a1b596f93ec5e	Ruby-red high-heel head architecture with a crown-like rear heel, gold structural accents, and the original face fully replaced by the fixed aachat LCD.
nouns_classified_1973/B06-OBJ__Artifact_&_Architecture/noun-1216__head-sand-castle.png	B06-OBJ__Artifact/aachat-forge-artifact-ochre-sandkeep-flagbearer.png	a0b85eac363b6bc2dd33a0c4909d272044b4b839e41d252d932f9acdbe43127d	Reference mode Level 4: warm ochre sand-castle battlement head rebuilt around the integrated LCD, salmon tower body, blue block flag, and consistent coarse square modules.
nouns_classified_1973/B06-OBJ__Artifact_&_Architecture/noun-1218__head-factory-dark.png	B06-OBJ__Artifact/aachat-forge-artifact-charcoal-twin-chimney-millwarden.png	5c65de91ac8e340e856ff90b56839df8165e9f757907ad3c6ceae46c9e20fabe	Reference mode: compact charcoal factory-tower keeper with twin smokestacks and a serrated roofline; original face fully replaced by the fixed front-facing LCD; coarse square modules with cobalt and acid-green accents.
nouns_classified_1973/B06-OBJ__Artifact_&_Architecture/noun-1222__head-goldcoin.png	B06-OBJ__Artifact/aachat-forge-artifact-sunburst-milled-disc-custodian.png	f68fa30d16fbac5791f90c676cb1572b1a2c3b8923bdf5ae34ca0b3a43e19594	Broad stepped gold coin shell around an integrated fixed LCD, paired with a narrow charcoal uniform body and low-density gold seams in coarse square Level 4 modules.
nouns_classified_1973/B06-OBJ__Artifact_&_Architecture/noun-1224__head-shower.png	B06-OBJ__Artifact/aachat-forge-artifact-azure-raincap-droplet-keeper.png	d124497287a6e14f4bcd4d962cc135fc6f78f1882aadc9c510516135ad2cbe51	Reference mode Level 4: broad stepped charcoal raincap, cobalt shower shell, restrained magenta connectors, yellow-orange long legs, blue droplet nozzles, fixed LCD, and consistent coarse square 3D modules.
nouns_classified_1973/B06-OBJ__Artifact_&_Architecture/noun-1230__head-igloo.png	B06-OBJ__Artifact/aachat-forge-artifact-snowbrick-dome-orange-guide.png	0891a5a23294209f477dd87f1aff956f5aeacb65b6ca9d9cc45cea7d6903a8d7	Stepped snow-brick igloo dome with pale-blue blocks and an orange modular parka; original face fully replaced by the fixed integrated aachat LCD.
nouns_classified_1973/B06-OBJ__Artifact_&_Architecture/noun-1231__head-bag.png	B06-OBJ__Artifact/aachat-forge-artifact-cobalt-loop-satchel-courier.png	1db4ac23098d86b6219e1485d3c32724f5c8d57535cb63833837d969b65937c8	Cobalt handbag-head courier with arched carry handle, gold clasp, yellow strapwork, fixed LCD, and coarse square Level 4 modules.
nouns_classified_1973/B06-OBJ__Artifact_&_Architecture/noun-1239__head-lipstick2.png	B06-OBJ__Artifact/aachat-forge-artifact-scarlet-lipstick-bloom-vendor.png	de6d7ce54c12366e63a92ee0f51889cf59666861b2dad7279024ffbdf810f4a3	Reference-mode Level 4 scarlet lipstick bloom vendor with stepped red crown, yellow tube body, RGB bloom modules, fixed LCD, and generous full-body white margin; two rejected attempts corrected framing and LCD proportions.
nouns_classified_1973/B06-OBJ__Artifact_&_Architecture/noun-1240__head-saw.png	B06-OBJ__Artifact/aachat-forge-artifact-amber-crosscut-joinery-warden.png	44941cf7dd85892f7e314a211ec125fc96530d58d46d448acbc16af43ad7e015	Broad walnut-handle crosscut saw head with integrated frontal LCD, stepped steel teeth, mustard joinery smock, and block work boots.
nouns_classified_1973/B06-OBJ__Artifact_&_Architecture/noun-1244__head-sand-castle.png	B06-OBJ__Artifact/aachat-forge-artifact-ochre-rampart-stripe-warden.png	62e38f06df0b05291e021bf5340e3aa36c08584bb0045805c662c3f395264e44	Reference mode Level 4: warm ochre crenellated sand-castle head rebuilt around the fixed LCD, tiny cobalt pennant, coral-and-cobalt striped tower body, and consistent coarse square modules.
nouns_classified_1973/B06-OBJ__Artifact_&_Architecture/noun-1248__head-baseball-gameball.png	B06-OBJ__Artifact/aachat-forge-artifact-ivory-redstitch-clubhouse-captain.png	5d46ea2a0417fe110f173c3986c41e5266ef2b7f0adf2b4fa18774d1ee766370	Ivory game-ball head shell with scarlet seam modules and a compact burgundy clubhouse uniform; the original green glasses and face are fully replaced by the fixed integrated aachat LCD.
nouns_classified_1973/B06-OBJ__Artifact_&_Architecture/noun-1249__head-cone.png	B06-OBJ__Artifact/aachat-forge-artifact-scarlet-cone-crossbar-sentinel.png	b9360c05fffb008f227c344bcd529986d6da4ff32096f02e511e0b771bc5fbfd	Scarlet stepped traffic-cone crown, ivory crossbar LCD housing, orange-red banded barrel torso, pale modular limbs, and charcoal block feet with the source face fully replaced by the fixed aachat LCD.
nouns_classified_1973/B06-OBJ__Artifact_&_Architecture/noun-1251__head-firehydrant.png	B06-OBJ__Artifact/aachat-forge-artifact-scarlet-hydrant-checker-warden.png	2cc43586c8846250b9fd76b780ba140c6c83c65f46e9b5f2cab87744fa251ff5	Red stepped hydrant crown and side outlets structurally frame the fixed LCD; a yellow collar and blue-white checker module body preserve the source motif.
nouns_classified_1973/B06-OBJ__Artifact_&_Architecture/noun-1253__head-index-card.png	B06-OBJ__Artifact/aachat-forge-artifact-scarlet-ruled-tab-curator.png	ea0c3232a2be1e01c0c5a6e69bf7a473cbd1fb1402db0d4f031b4d1309d43bf6	Warm-ivory ruled index-card curator with scarlet and cobalt bands, four catalog drawers, coarse square modules, and the source face fully replaced by the fixed LCD.
nouns_classified_1973/B06-OBJ__Artifact_&_Architecture/noun-1255__head-firehydrant.png	B06-OBJ__Artifact/aachat-forge-artifact-vermilion-hydrant-limeband-custodian.png	3a6fba364b4a7871e96b1ba32f243dfcc73e0ffaa5aeedc253711be36df2a21e	Vermilion fire-hydrant custodian with stepped crown, paired side nozzles, lime-white band, orange body tiers, broad full-body margins, and the source face fully replaced by the fixed aachat LCD.
nouns_classified_1973/B06-OBJ__Artifact_&_Architecture/noun-1257__head-curling-stone.png	B06-OBJ__Artifact/aachat-forge-artifact-cobalt-slate-rink-skipper.png	d4c495049b913828ddc984f4a3fff106fa28cd6a8859d13e23d8219f3be03a91	Compact curling-stone guardian with a dark slate module-built head and body, cobalt arched handle, restrained brick-red and white rink banding, and a fully integrated fixed aachat LCD.
nouns_classified_1973/B06-OBJ__Artifact_&_Architecture/noun-1264__head-piano.png	B06-OBJ__Artifact/aachat-forge-artifact-ebony-keycrown-stripe-bard.png	d6292545fe657e79535dc7d0857762385d065663c769db53d97f327557515198	Ebony piano-headed bard with a stepped key crown, coarse torso keyboard modules, cyan LCD housing, and orange-mint striped limbs; the original face was fully replaced by the fixed frontal LCD.
nouns_classified_1973/B06-OBJ__Artifact_&_Architecture/noun-1265__head-retainer.png	B06-OBJ__Artifact/aachat-forge-artifact-fuchsia-cranial-harness-warden.png	42374f318c2fa5f067ef532cbf1aae9fc3ef552f1e4bd6aad5c05d9fa6b5f6b7	Reference mode Level 4; preserved the source's vivid fuchsia cranial-retainer arch, pale side clamps, and twin support logic as coarse square 3D guardian modules while completely replacing the original face with the fixed aachat LCD.
nouns_classified_1973/B06-OBJ__Artifact_&_Architecture/noun-1267__head-sand-castle.png	B06-OBJ__Artifact/aachat-forge-artifact-sandstone-battlement-flag-keeper.png	e8b241c33a0b545890a3e052f5013c466c00f0847b781a75a5ebebabcf937fa4	Pale sandstone castle keeper with stepped crenellations, solid twin turrets, and an integrated cobalt pennant; the fixed LCD fully replaces the original face.
nouns_classified_1973/B06-OBJ__Artifact_&_Architecture/noun-1271__head-bell.png	B06-OBJ__Artifact/aachat-forge-artifact-golden-bell-mosaic-herald.png	d67b9b984ef21f6be445aec3df9bdd978d707d9ebe655bf815323e0ebc7081af	Reference-mode golden bell mosaic herald preserving the source yellow domed bell shell, flared rim, emerald tunic, cream-gold geometric bands, and coral accents, rebuilt from consistent coarse square 3D modules with the original face fully replaced by the fixed aachat LCD.
nouns_classified_1973/B06-OBJ__Artifact_&_Architecture/noun-1272__head-bag.png	B06-OBJ__Artifact/aachat-forge-artifact-indigo-clasp-satchel-porter.png	c13addf48d887eb9f4e8f54aa786eb09f1ad2c307ae5baee5241f44130e22e0c	Indigo-violet modular satchel porter preserving the squared handle, gold clasp, strap details, and sky-blue lower body, with the original face fully replaced by the fixed aachat LCD.
nouns_classified_1973/B06-OBJ__Artifact_&_Architecture/noun-1278__head-boot.png	B06-OBJ__Artifact/aachat-forge-artifact-chestnut-boot-crown-runner.png	02fec921585f6b948dfadbeb9dadc723b2fd857b23e5a818568e4d16773639bb	Chestnut boot-shaped crown shell over an ivory module-built body with lime stitch accents; the source face was fully replaced by the fixed aachat LCD.
nouns_classified_1973/B06-OBJ__Artifact_&_Architecture/noun-1287__head-outlet.png	B06-OBJ__Artifact/aachat-forge-artifact-ivory-receptacle-custodian.png	db4ce1d9db8e80743ef368d93c7ff6a745edebfebc33b1897b44781e94e0a1a3	Reference-mode Level 4 outlet-panel custodian with an ivory LCD head, cobalt receptacle chest, warm ochre pillar body, and coarse square modules.
nouns_classified_1973/B06-OBJ__Artifact_&_Architecture/noun-1289__head-pirateship.png	B06-OBJ__Artifact/aachat-forge-artifact-russet-magenta-window-skipper.png	c898012e53c2c817a1877b519d477b4d132e829889a49b487448b80d774f8e00	Reference-mode Level 4 pirate-ship artifact with russet hull head, stepped ivory-black sterncastle, magenta glazing, scarlet pennants, ochre bowsprit, fixed aachat LCD, and coarse square 3D modules.
nouns_classified_1973/B06-OBJ__Artifact_&_Architecture/noun-1292__head-queencrown.png	B06-OBJ__Artifact/aachat-forge-artifact-mint-scarlet-coronet-sovereign.png	1f28c10cabfff7490e0808e017c0e352ef5bb760c7b6123d22c84ae5a475895f	Gold-and-scarlet jeweled coronet sentinel with mint column body; complete source face replaced by the integrated fixed aachat LCD; coarse single-scale square modules and generous white full-body margins.
nouns_classified_1973/B06-OBJ__Artifact_&_Architecture/noun-1295__head-hardhat.png	B06-OBJ__Artifact/aachat-forge-artifact-canary-hardhat-site-warden.png	5c736c7d885134dc63be7f6c8e3a09c5645bb7bc51f1aa0f3512f22105aa17ba	Reference-mode canary-yellow hardhat site warden with a broad stepped brim, vermilion chest brace, gray work gloves, brown safety soles, and complete source-face and eyewear replacement by the fixed frontal aachat LCD.
nouns_classified_1973/B06-OBJ__Artifact_&_Architecture/noun-1298__head-chefhat.png	B06-OBJ__Artifact/aachat-forge-artifact-porcelain-sunband-toque-steward.png	ef77bffe06a8667c6d7936e2cd5f913abdeb7f5dd0bc78b736066a80c5273b3e	Level 4 porcelain chef-toque steward preserving the scalloped white crown, yellow sunband, pale-cyan apron column, and coral neck accent; fixed LCD fully replaces the source face; consistent coarse square modules.
nouns_classified_1973/B06-OBJ__Artifact_&_Architecture/noun-1300__head-paintbrush.png	B06-OBJ__Artifact/aachat-forge-artifact-scarlet-bristle-drip-painter.png	c7b3ed17505cd3f01db98b537b883b51a5d6e1f42dd2c525a6c4429d122eeb96	Scarlet paintbrush artisan with a broad gray ferrule, golden block bristles, ochre handle body, controlled red paint drips, and a structurally integrated fixed aachat LCD.
nouns_classified_1973/B06-OBJ__Artifact_&_Architecture/noun-1301__head-cd.png	B06-OBJ__Artifact/aachat-forge-artifact-iridescent-disc-spindle-curator.png	c528e5958bb9c7dbd8d16830aac7eb25b9cc1f0b979f057ba1af60f1ebdb829e	Reference-mode Level 4 compact-disc archivist with a stepped iridescent circular shell, warm-ivory spindle body, consistent coarse square 3D modules, and the complete source face structurally replaced by the fixed aachat LCD.
nouns_classified_1973/B06-OBJ__Artifact_&_Architecture/noun-1305__head-pipe.png	B06-OBJ__Artifact/aachat-forge-artifact-russet-pipe-stem-steward.png	ead5ecf6ddd6a685491da488b42663fa7c1bd5cd4e606c6525df3cf7831465b3	Russet smoking-pipe steward with a tall square bowl crown, right-projecting stepped stem, charcoal service coat, pale cuffs, fixed frontal LCD, and full-body coarse square Level 4 modules.
nouns_classified_1973/B06-OBJ__Artifact_&_Architecture/noun-1308__head-cassettetape.png	B06-OBJ__Artifact/aachat-forge-artifact-tangerine-cassette-deck-archivist.png	cec48f290c93865410d6f2aed89bbac1e821c6a690b4d65cfbcb234389a679eb	Tangerine cassette-deck archivist with a broad stepped cassette housing, fully replaced fixed LCD face, orange modular body, archival tape cartridge, and compact media case.
nouns_classified_1973/B06-OBJ__Artifact_&_Architecture/noun-1313__head-mailbox.png	B06-OBJ__Artifact/aachat-forge-artifact-slate-crimson-mailbox-courier.png	4411c3fcfb2082a8158683022a1058db1a43a44c94a0fffa1021e8ad8e341198	Reference-mode Level 4 living head-mailbox courier with a slate modular shell, raised crimson signal flag, ivory mail chute, ochre trim, compact blue-gray body, and the original face fully replaced by the fixed aachat LCD.
nouns_classified_1973/B06-OBJ__Artifact_&_Architecture/noun-1322__head-bagpipe.png	B06-OBJ__Artifact/aachat-forge-artifact-emerald-bagpipe-reed-piper.png	0384da98de2e30c0479f868d2afe82d79ca482f354b0c1dfd7e755e28bdeb0e3	Emerald modular bagpipe piper with three tall brown-green drones, geometric white tartan accents, integrated fixed LCD, and generous full-body white-space framing.
nouns_classified_1973/B06-OBJ__Artifact_&_Architecture/noun-1324__head-watch.png	B06-OBJ__Artifact/aachat-forge-artifact-saffron-redbar-watchkeeper.png	b90db2796a2bf55a62371c35e7bd3509576f91fb0e59deeaa1b2781e10ad99e3	Saffron-and-ivory square wristwatch keeper with crimson side bars and winding crown, pale-cyan modular body, and the complete source face replaced by the fixed cobalt-glow aachat LCD.
nouns_classified_1973/B06-OBJ__Artifact_&_Architecture/noun-1329__head-bag.png	B06-OBJ__Artifact/aachat-forge-artifact-violet-handle-fringe-porter.png	b91db5951a870ae89769665a3d75c795c74ef31128cffcc272446a35f4d05497	Reference-mode violet head-bag porter with a rounded pack-head, cobalt carry handle and side mounts, amber clasp, coral LCD bezel, cyan fringe, and compact block-built limbs.
nouns_classified_1973/B06-OBJ__Artifact_&_Architecture/noun-1338__head-faberge.png	B06-OBJ__Artifact/aachat-forge-artifact-amethyst-enamel-egg-keeper.png	140a4e69e7ea67ddb27119e137655ada5f2c81a3d7ee831feaae0276d324e4fd	Amethyst-and-gold jeweled egg crown, verdant keeper tunic, abstract link ornament, and complete source-face replacement around the fixed aachat LCD in coarse square modules.
nouns_classified_1973/B06-OBJ__Artifact_&_Architecture/noun-1343__head-house.png	B06-OBJ__Artifact/aachat-forge-artifact-terracotta-gable-dwelling-keeper.png	7358d64db3ffded6d6dd505133278262404a885c61b651eccb3a949399a27ddc	Terracotta-gabled homestead guardian rebuilt from coarse square modules, with the source face fully replaced by the fixed front-facing aachat LCD.
nouns_classified_1973/B06-OBJ__Artifact_&_Architecture/noun-1350__head-calendar.png	B06-OBJ__Artifact/aachat-forge-artifact-orange-calendar-grid-timekeeper.png	7dad787f816005a974a6aa2f26fb1965f1c51c22684a54253c4bc63f6e2a5b16	Reference-mode Level 4 calendar timekeeper with white bound-page crown, orange leaf shell, purple pedestal body, checker band, and a fully integrated fixed aachat LCD.
nouns_classified_1973/B06-OBJ__Artifact_&_Architecture/noun-1351__head-lipstick2.png	B06-OBJ__Artifact/aachat-forge-artifact-vermilion-lipstick-citadel-keeper.png	21594cef3f13eae45439752cf21c91158e5481aca3f55083d8eb80cfd9499273	Reference-mode vermilion lipstick citadel keeper with stepped red cap, gold trim, warm tiered body, fixed frontal LCD, and consistent coarse square modules.
nouns_classified_1973/B06-OBJ__Artifact_&_Architecture/noun-1360__head-outlet.png	B06-OBJ__Artifact/aachat-forge-artifact-porcelain-receptacle-checker-steward.png	085361feb5415e54bfa076ec9f681f3222223c5b13559dd26cca12af541cfe21	Level 4 porcelain receptacle steward preserving the source white appliance silhouette, black side housings, and checker band; original face fully replaced by the fixed cobalt LCD in coarse square modules.
nouns_classified_1973/B06-OBJ__Artifact_&_Architecture/noun-1367__head-sand-castle.png	B06-OBJ__Artifact/aachat-forge-artifact-ochre-sandkeep-mason.png	49c5d5cc413f10c8b37a3936038a0796d1e062058ac5b0c3db164fe97d3ba63b	Warm ochre sandkeep mason with a crenellated LCD tower head, cobalt pennant, and charcoal stair masonry.
nouns_classified_1973/B06-OBJ__Artifact_&_Architecture/noun-1368__head-cassettetape.png	B06-OBJ__Artifact/aachat-forge-artifact-ivory-tape-vault-curator.png	4259e28c090fcdb6ec273f5518fc0b1b55822dfad9b07de8556423b17b1f8556	Reference-mode cassette archive curator with a broad ivory tape-shell head, pale-cyan modular body, warm-orange tape band, and complete source-face replacement by the fixed aachat LCD; consistent coarse square modules and generous white full-body margin.
nouns_classified_1973/B06-OBJ__Artifact_&_Architecture/noun-1370__head-basketball.png	B06-OBJ__Artifact/aachat-forge-artifact-tangerine-lime-hoopshell-guard.png	18e7abfa797dff9a18201e304cb9a7c81e22e46766022ad777ae8deed97145eb	Orange basketball-shell head rebuilt around the fixed LCD, with a lime athletic block tunic and court shoes in consistent coarse modules.
nouns_classified_1973/B06-OBJ__Artifact_&_Architecture/noun-1372__head-pirateship.png	B06-OBJ__Artifact/aachat-forge-artifact-walnut-redsail-rainbow-corsair.png	a92f5e4deec2b7aa81dad96a0c7c3c8c3bacecac1c49d96b2ec8009826206c8c	Reference-mode walking pirate-ship corsair with a broad walnut hull head rebuilt around the fixed LCD, stepped ebony sails, scarlet pennants, an integrated gold bowsprit, and a restrained rainbow sash in consistent coarse square modules.
nouns_classified_1973/B06-OBJ__Artifact_&_Architecture/noun-1373__head-queencrown.png	B06-OBJ__Artifact/aachat-forge-artifact-gilded-ruby-crown-regent.png	24207d5d0174f707684b61454abcdff3e98c155b8edc270b774e75e7bc02b9a2	Reference-mode gilded queen-crown regent with crimson cushion, cobalt jewels, olive star-crested body, exact integrated LCD, and coarse square Level 4 modules.
nouns_classified_1973/B06-OBJ__Artifact_&_Architecture/noun-1380__head-backpack.png	B06-OBJ__Artifact/aachat-forge-artifact-olive-rucksack-courier.png	70686e8531836e43902ae29b3d1c93577a85da9e68612ebffea38d6a9a61a58e	Olive rucksack-head courier with brown straps, orange storage panels, pale-cyan modular uniform, and a fully replaced fixed aachat LCD.
nouns_classified_1973/B06-OBJ__Artifact_&_Architecture/noun-1383__head-tuba.png	B06-OBJ__Artifact/aachat-forge-artifact-amber-coiled-horn-sentinel.png	bdb656e034dc7ae70247e8f65d04755b61dcbeb7c285fd4db3692cbdab7dc491	Warm amber-and-gold coiled-tuba head architecture with top valve and right bell, fixed LCD fully replacing the source face, over a russet modular tunic with diagonal gold band.
nouns_classified_1973/B06-OBJ__Artifact_&_Architecture/noun-1395__head-cassettetape.png	B06-OBJ__Artifact/aachat-forge-artifact-magenta-reel-rainbow-archivist.png	403f9a57796ed931edd9f4f84cc11f9b0c69502bbbc1db9a84a63c923a8b3600	Ivory cassette archivist with rainbow deck bands, checker accents, magenta hip reels, and a fully integrated fixed LCD.
nouns_classified_1973/B06-OBJ__Artifact_&_Architecture/noun-1397__head-dictionary.png	B06-OBJ__Artifact/aachat-forge-artifact-indigo-openfolio-wordkeeper.png	df04b8cfcd75739df1884d63c351cd2c6528220b267da6379e9fc252ccaf7081	Indigo-violet modular wordkeeper with a broad open-folio head, white stepped page wings, restrained registry tabs, and complete source-face replacement by the fixed aachat LCD.
nouns_classified_1973/B06-OBJ__Artifact_&_Architecture/noun-1398__head-pirateship.png	B06-OBJ__Artifact/aachat-forge-artifact-ebony-skull-schooner-captain.png	bd315a89a23dd50b7b304bd68d23703137bb77edfe44ff312e8d55c83945250c	Ship-shaped timber head rebuilt around the fixed LCD, with a scarlet sail, gold bowsprit, cobalt captain coat, coarse square modules, and generous full-body margins.
nouns_classified_1973/B06-OBJ__Artifact_&_Architecture/noun-1403__head-hanger.png	B06-OBJ__Artifact/aachat-forge-artifact-tangerine-hanger-loop-valet.png	d01f72e88e9522a09fbbe4cf26fa33b57e741534ac1f0eacb07b04cc39c9aedc	Reference-mode tangerine wardrobe valet preserving the source hanger shoulder rail, top loop, yellow frame accent, and orange garment body, with the original face fully replaced by the integrated fixed aachat LCD and one consistent scale of coarse square modules.
nouns_classified_1973/B06-OBJ__Artifact_&_Architecture/noun-1404__head-mirror.png	B06-OBJ__Artifact/aachat-forge-artifact-mahogany-looking-glass-jester.png	a02f290ca35e6ebe6b7b8d1179e1c85e5ff2b974e28a990606429a4307120411	Mahogany-framed looking-glass jester with icy-blue glass accents, vivid magenta-cyan checker modules, and the source face fully replaced by the fixed frontal aachat LCD.
nouns_classified_1973/B06-OBJ__Artifact_&_Architecture/noun-1406__head-couch.png	B06-OBJ__Artifact/aachat-forge-artifact-tangerine-daybed-visor-steward.png	f837681b7b6b1d510c02b99edfc81b164f0bc6106175f5e585c491efe652758b	Level 4 reference reinterpretation: caramel daybed/couch head shell, vivid tangerine block body, turquoise/cobalt accents; original face fully replaced by fixed aachat LCD.
nouns_classified_1973/B06-OBJ__Artifact_&_Architecture/noun-1413__head-chefhat.png	B06-OBJ__Artifact/aachat-forge-artifact-scarlet-toque-kitchen-steward.png	0192c89951dade73656a2bb871fac86e720c16a62f2ed30f8aa11d3410cfd52e	Scarlet cabinet-bodied kitchen steward with oversized ivory cloud toque; source face and eyewear fully replaced by the integrated fixed aachat LCD.
nouns_classified_1973/B06-OBJ__Artifact_&_Architecture/noun-1414__head-vent.png	B06-OBJ__Artifact/aachat-forge-artifact-ivory-vent-pedestal-keeper.png	cdcacf0ae9d92a9519ccdd4adad68afa34cc25b722f47c1baf68330024839f8e	Reference-mode Level 4 preserving the ivory vent housing, dark top fins, lime hardware, magenta pedestal body, and amber vent slots while structurally replacing the complete source face with the fixed aachat LCD.
nouns_classified_1973/B06-OBJ__Artifact_&_Architecture/noun-1415__head-stapler.png	B06-OBJ__Artifact/aachat-forge-artifact-scarlet-stapler-press-clerk.png	613c4f0acb17f530fa45abcdf9c848ac1c3ef8e9f48c400552a4232bace145eb	Reference-mode scarlet stapler-head clerk with a hinged coarse-block shell, warm-beige pedestal body, dark-steel mechanism accents, and the complete source face structurally replaced by the fixed aachat LCD.
nouns_classified_1973/B06-OBJ__Artifact_&_Architecture/noun-1418__head-lock.png	B06-OBJ__Artifact/aachat-forge-artifact-saffron-shackle-stripe-sentinel.png	c0c6cd6d82ac3033b7548efa253cfc827bb2fbd3bc89268f90b521a1f46e92f4	Reference-mode saffron padlock sentinel with graphite shackle crown and coral-white striped coarse square-module body; original face fully replaced by the fixed aachat LCD.
nouns_classified_1973/B06-OBJ__Artifact_&_Architecture/noun-1419__head-gavel.png	B06-OBJ__Artifact/aachat-forge-artifact-magenta-gavel-plinth-bailiff.png	b12c9a626f80773d78ccc55b81414eff571ce93de9a69b3e231549d029899bc4	Reference-mode Level 4 magenta gavel-plinth bailiff; connected walnut head-gavel beam and handle, saffron 28:17 LCD housing, coarse square modules, and full-body white-studio framing.
nouns_classified_1973/B06-OBJ__Artifact_&_Architecture/noun-1423__head-treasurechest.png	B06-OBJ__Artifact/aachat-forge-artifact-cocoa-gilt-coffer-keeper.png	916e9c8b1530841eb4fa870541420457e8a14ea8c021a5e3ea7b2a0b3b49c48c	Cocoa coffer lid with gilt braces and coral-gold checker modules; source face fully replaced by integrated fixed LCD.
nouns_classified_1973/B06-OBJ__Artifact_&_Architecture/noun-1424__head-factory-dark.png	B06-OBJ__Artifact/aachat-forge-artifact-charcoal-sawtooth-limeworks-foreman.png	0f858ddf6aab0067b48e839994ade2cd3ce1f157a7a3722e70f2775436c91a14	Reference-mode Level 4 preserving the dark sawtooth factory roof, single chimney, lime body panel, and cobalt/yellow accents as coarse square modules; the original face is fully replaced by the fixed aachat LCD.
nouns_classified_1973/B06-OBJ__Artifact_&_Architecture/noun-1426__head-cd.png	B06-OBJ__Artifact/aachat-forge-artifact-prismatic-disc-column-archivist.png	4e4bde34fcf5f4b8c830e3bd71294c0f93fc7f662bdd7a11db70f582b2d70e0e	Reference-mode Level 4; source iridescent optical-disc head and coral pedestal body rebuilt as coarse square 3D modules; original face fully replaced by fixed integrated aachat LCD.
nouns_classified_1973/B06-OBJ__Artifact_&_Architecture/noun-1430__head-bagpipe.png	B06-OBJ__Artifact/aachat-forge-artifact-prismatic-bagpipe-marcher.png	8508ae520fad6f456870bcde0a33c8c282a3aeb868c8d352c00a8d2c9ad5c2db	Reference-mode Level 4 prismatic bagpipe marcher with an emerald modular air-bag body, three compact rising drone pipes, red-orange waist modules, rainbow-striped legs, broad white breathing room, and the fixed aachat LCD fully replacing the source face.
nouns_classified_1973/B06-OBJ__Artifact_&_Architecture/noun-1431__head-pirateship.png	B06-OBJ__Artifact/aachat-forge-artifact-obsidian-skull-sloop-corsair.png	ac6a24d0231bd745a9f1a092e343ad3a85ec01804faf38d905cc79a1b99796d2	Reference-mode Level 4 corsair with a broad timber sloop head, plain black sail, red signal sails, golden prow, compact purple block-built body, and the fixed aachat LCD structurally replacing the complete original face.
nouns_classified_1973/B06-OBJ__Artifact_&_Architecture/noun-1432__head-lipstick2.png	B06-OBJ__Artifact/aachat-forge-artifact-crimson-lipstick-spire-keeper.png	7c5aa042b07e6bf3c1c6c74a801942915bb41ff4945316479fb6800e139ed7df	Crimson lipstick-spire silhouette with yellow and magenta enamel bands, a near-black modular column body, and complete structural replacement of the source face by the fixed cobalt-glow aachat LCD.
nouns_classified_1973/B06-OBJ__Artifact_&_Architecture/noun-1436__head-snowglobe.png	B06-OBJ__Artifact/aachat-forge-artifact-crimson-snowglobe-lodge-keeper.png	5f78c55789d4c7e6bf94a2cb89d4dd2cb00d4ab7ce632b4b19ab4a39a4b714d3	Reference mode; sky-blue snow-globe dome and plain warm lodge crown over a crimson-white mosaic body; original face fully replaced by the fixed frontal LCD; consistent coarse square modules with generous full-body margins.
nouns_classified_1973/B06-OBJ__Artifact_&_Architecture/noun-1440__head-paintbrush.png	B06-OBJ__Artifact/aachat-forge-artifact-scarlet-brush-greenweave-dauber.png	4b17bdfa0f89a6f960491c975d66f6ce28479c04f5729dd9be46d40e43df3735	Reference-mode Level 4 paintbrush artisan with a broad warm-gray ferrule head, canary bristle burst, scarlet paint edge and controlled drip, green-and-ochre checker apron, complete source-face replacement by the integrated fixed aachat LCD, and uniform coarse square 3D modules.
nouns_classified_1973/B06-OBJ__Artifact_&_Architecture/noun-1441__head-glasses-big.png	B06-OBJ__Artifact/aachat-forge-artifact-silver-wideframe-token-steward.png	6e0877af1fe0cbc0cf274bba5d4eeca31e647b6dd6035a77a132defe4c4f927c	Level4 Reference mode; pale silver credential-terminal silhouette with charcoal edging, magenta structural wideframe rails, blank emerald chest panel, and fixed LCD replacing the complete source face.
nouns_classified_1973/B06-OBJ__Artifact_&_Architecture/noun-1442__head-firehydrant.png	B06-OBJ__Artifact/aachat-forge-artifact-scarlet-valve-dome-custodian.png	90d23e04a79b8977e76cb08e4147ec59857ca3eeb276fd13bcd502c70e91e4ab	Scarlet hydrant-dome custodian with paired side valves, charcoal pressure-body modules, and a structurally integrated fixed aachat LCD.
nouns_classified_1973/B06-OBJ__Artifact_&_Architecture/noun-1444__head-backpack.png	B06-OBJ__Artifact/aachat-forge-artifact-olive-strap-pack-scout.png	422f6bbf2870766d85b2ca597ea920485e4c89b7f2d9a4fd048a9ff6aca87e35	Olive backpack-headed trail scout with top carry handle, brown modular harness straps, pale-blue laced tunic, and the fixed frontal LCD fully replacing the source face.
nouns_classified_1973/B06-OBJ__Artifact_&_Architecture/noun-1454__head-cd.png	B06-OBJ__Artifact/aachat-forge-artifact-prismatic-optical-platter-curator.png	dc61d2495d1a7ff8d48d6f831b4a9ec339ebfa4f279c24670983adef383373a5	Prismatic rainbow optical-platter head over a slim charcoal media-spine body, rebuilt from coarse square 3D modules with the original face fully replaced by the fixed aachat LCD.
nouns_classified_1973/B06-OBJ__Artifact_&_Architecture/noun-1455__head-goldcoin.png	B06-OBJ__Artifact/aachat-forge-artifact-gilded-coinchain-steward.png	32c7b2cdac46575545270ad572ea0195541742e82bd19888323b5c00ce7fdb0a	Reference-mode Level 4 coin steward with a stepped gilded medallion shell, mint-teal modular tunic, front-hanging coin chain, and complete source-face replacement by the fixed aachat LCD.
nouns_classified_1973/B06-OBJ__Artifact_&_Architecture/noun-1458__head-calendar.png	B06-OBJ__Artifact/aachat-forge-artifact-orange-almanac-crown-clerk.png	73f4b81a6f74a68585a9d8c266e1c343d198946579f8597a1029d36cad0b922f	Ivory spiral-bound almanac crown clerk with an orange pedestal body, golden page tabs, plum accents, coarse square 3D modules, and a fully replaced fixed aachat LCD face.
nouns_classified_1973/B06-OBJ__Artifact_&_Architecture/noun-1468__head-index-card.png	B06-OBJ__Artifact/aachat-forge-artifact-ivory-cyan-ruleband-indexer.png	3c12d18c7b5684cfcffea0360fab2903a50afc33915b1d603e0704e510246aef	Warm-ivory index-card indexer with scarlet header rule, cyan rulebands, card-drawer torso, coarse square modules, and the source face fully replaced by the fixed LCD.
nouns_classified_1973/B06-OBJ__Artifact_&_Architecture/noun-1469__head-index-card.png	B06-OBJ__Artifact/aachat-forge-artifact-lilac-cardfile-registrar.png	af3e0076c92ba2a4c2f26ec559f0018a4e7f9c024669bdd662b05ddfb01b7647	Reference-mode lilac index-card registrar with a structurally integrated fixed LCD, ivory ruled-card head, lilac catalog-drawer torso, warm-yellow tabs, and coarse square modular full-body construction.
nouns_classified_1973/B06-OBJ__Artifact_&_Architecture/noun-1471__head-crystalball.png	B06-OBJ__Artifact/aachat-forge-artifact-violet-starglass-orb-augur.png	cb363dc2662d9cc0a54c7955cf4d1df03e165bdf2efe0128a134b37e94fe8858	Reference mode Level 4: compact violet starglass orb augur with stepped crystal-module crown, dark pedestal body, star-glint crown accents, and the source face fully replaced by the fixed aachat LCD.
nouns_classified_1973/B06-OBJ__Artifact_&_Architecture/noun-1472__head-pipe.png	B06-OBJ__Artifact/aachat-forge-artifact-umber-flue-robe-warden.png	08e06b753272196a065ce054b2b6a5a5ecfc45131e06b83a3ef88f115494b23e	Reference-mode Level 4: source-derived stepped chimney crown and rear flue silhouette, warm umber and salmon metal, deep magenta robe with restrained amber square-weave motif; complete original face replaced structurally by the fixed aachat LCD.
nouns_classified_1973/B06-OBJ__Artifact_&_Architecture/noun-1475__head-house.png	B06-OBJ__Artifact/aachat-forge-artifact-ivory-redroof-homestead-steward.png	942d547774711ae2140618710f75c3a7d0991982c2e67d2137962604aea9c659	Compact walking cottage caretaker with a white gable, warm red roof, cyan side window, yellow floral-cross garment, and the original face fully replaced by the fixed integrated aachat LCD in consistent coarse square 3D modules.
nouns_classified_1973/B06-OBJ__Artifact_&_Architecture/noun-1476__head-cd.png	B06-OBJ__Artifact/aachat-forge-artifact-mint-chroma-disc-gentleman.png	763567b89bd63d0d838fa7e8899cb368dfb9c59b86ee657aae6b2770477c8685	Mint circular optical-disc head rebuilt from coarse square 3D modules with vivid chromatic sectors, an integrated fixed aachat LCD, and a slim olive-black tailored body.
nouns_classified_1973/B06-OBJ__Artifact_&_Architecture/noun-1479__head-mirror.png	B06-OBJ__Artifact/aachat-forge-artifact-walnut-reflection-tower-watcher.png	4245652184e8725eee9760a6e3e3e77fa97b7c8a5e74e3c1e2be96bfb778ba2f	Level 4 Reference mode: oversized white-framed mirror head structurally replaced by the fixed aachat LCD above a narrow walnut pedestal body; pale-cyan and mint accents plus the asymmetric torso inset are retained in coarse square 3D modules.
nouns_classified_1973/B06-OBJ__Artifact_&_Architecture/noun-1481__head-piggybank.png	B06-OBJ__Artifact/aachat-forge-artifact-fuchsia-coincrest-treasurer.png	d6e963eab1539cae932e011bfcc9bad316cd36299c2c29227c9b2fdfe5e59888	Fuchsia piggy-bank treasury custodian with a broad stepped coinbox head, golden coin-slot crest, charcoal modular uniform, restrained gold latch accents, and fixed frontal LCD fully replacing the source face.
nouns_classified_1973/B06-OBJ__Artifact_&_Architecture/noun-1486__head-index-card.png	B06-OBJ__Artifact/aachat-forge-artifact-ivory-redline-index-steward.png	b0f32a708d4a5efd2e85e89d8fb349cfd28c57ad5fbb532a8cd12fb0881be060	Level 4 index-card record steward with ivory ruled-card head architecture, red and cobalt rule accents, rust-red block body, and complete fixed-LCD face replacement.
nouns_classified_1973/B06-OBJ__Artifact_&_Architecture/noun-1491__head-ruler-triangular.png	B06-OBJ__Artifact/aachat-forge-artifact-fuchsia-set-square-drafter.png	e6a8ccf5f9a0f55c6242850d152641a13362e92e9ed05533e34ddc3ae5ebdbce	Fuchsia stepped set-square drafter with a plain charcoal body, restrained yellow joints, same-scale coarse square modules, generous full-body margins, and the original face fully replaced by the fixed aachat LCD.
nouns_classified_1973/B06-OBJ__Artifact_&_Architecture/noun-1492__head-bag.png	B06-OBJ__Artifact/aachat-forge-artifact-cobalt-buckle-cowl-carrier.png	474ddca1e9f158e4d98084f275525eaa8ba2f7edff723f373415fb1d699befed	Indigo-blue modular head-bag carrier with broad handled cowl, yellow buckle, red screen trim, and fully integrated fixed aachat LCD.
nouns_classified_1973/B06-OBJ__Artifact_&_Architecture/noun-1495__head-bagpipe.png	B06-OBJ__Artifact/aachat-forge-artifact-jade-tartan-bagpipe-marcher.png	e7d8780eda387e23fbf18414c6e4ea7fd073e64201fc6206d1c573e34b5b9326	Jade tartan bagpipe marcher with compact stepped drone pipes, coral banding, and pale icy-cyan marching attire; the source face is fully replaced by the fixed frontal aachat LCD.
nouns_classified_1973/B06-OBJ__Artifact_&_Architecture/noun-1497__head-sock.png	B06-OBJ__Artifact/aachat-forge-artifact-olive-ribbed-cowl-keeper.png	2798ddd4bc80718d96eede54838b736e5bbe1f46eb1808dcdf60b15c3f7fb025	Olive textile reliquary with a white ribbed cowl, scarlet side blocks, turquoise stitch tiles, and a fully integrated fixed LCD.
nouns_classified_1973/B06-OBJ__Artifact_&_Architecture/noun-1498__head-paintbrush.png	B06-OBJ__Artifact/aachat-forge-artifact-canary-bristle-vermilion-painter.png	139034cc2e3cc1566feebbcd0a0f077c05d913c43d0d711c3456a7b8510801bd	Level 4 Reference mode; canary-bristle paintbrush head with vermilion drip and green-white striped work-tunic body; original face fully replaced by fixed aachat LCD; coarse square 3D modules.
nouns_classified_1973/B06-OBJ__Artifact_&_Architecture/noun-1501__head-chefhat.png	B06-OBJ__Artifact/aachat-forge-artifact-snowy-toque-green-apron.png	2e43cde03024f5c496ea5e037fe83694331b1681cf7d3cc49b833a2de17c9e69	Reference-mode Level 4 preserves the snowy pleated chef toque, red band, green apron body, and blue fasteners; the original face is fully replaced by the canonical frontal LCD in consistent coarse square modules.
nouns_classified_1973/B06-OBJ__Artifact_&_Architecture/noun-1502__head-toiletpaper-full.png	B06-OBJ__Artifact/aachat-forge-artifact-ivory-tissue-hood-caretaker.png	b94d7859e135ab8c1d0331753be246bd397e3698cc44e08ff7f09c478fe849ad	Ivory tissue-roll hood with a charcoal layered-paper body; the source face is fully replaced by the frontal fixed LCD, using one consistent coarse square-module scale.
nouns_classified_1973/B06-OBJ__Artifact_&_Architecture/noun-1504__head-lipstick2.png	B06-OBJ__Artifact/aachat-forge-artifact-ruby-lipstick-cap-keeper.png	ac2683f990baabb5d56fb0a1ff70c7d042e77be04ff9c4b21e946c2729ca6afc	Ruby lipstick tower keeper preserving the scarlet stepped crown, gold collar, charcoal head band, brick-red body, and ivory accent with the original face fully replaced by the fixed aachat LCD in coarse square Level 4 modules.
nouns_classified_1973/B06-OBJ__Artifact_&_Architecture/noun-1505__head-wallsafe.png	B06-OBJ__Artifact/aachat-forge-artifact-gunmetal-redkey-vault-keeper.png	4ec1aeefebe395806a7084a99a8a46986c1c20359f76bd2eac2fcf651f5a31e9	Broad gunmetal wall-safe keeper with burgundy inset trim and red chest access keys; the original face is fully replaced by the integrated fixed aachat LCD.
nouns_classified_1973/B06-OBJ__Artifact_&_Architecture/noun-1506__head-stapler.png	B06-OBJ__Artifact/aachat-forge-artifact-crimson-staplehead-press-clerk.png	9487410ca1ccdd28ad1bf086f6fdf17d82b8281efe2759bdfe46b93b19855b08	Crimson stapler upper jaw becomes the structural LCD head canopy, with silver hinge mechanics and a white-patterned press-clerk body built from coarse square modules.
nouns_classified_1973/B06-OBJ__Artifact_&_Architecture/noun-1507__head-chain.png	B06-OBJ__Artifact/aachat-forge-artifact-verdigris-timber-chaincrown-custodian.png	04d5dd991a184f76a5124c2882eaad9d3afd8bfb873ada38c3be7530d1df95df	Verdigris block custodian with stacked dark timber chain-lattice crown architecture around the fully integrated fixed aachat LCD and one tiny vermilion neck clasp.
nouns_classified_1973/B06-OBJ__Artifact_&_Architecture/noun-1515__head-outlet.png	B06-OBJ__Artifact/aachat-forge-artifact-ivory-socket-cross-custodian.png	e3ca0bcf662703248ccddea7707177e1e0e78631661b4ccab5fe3fc906b0dbb7	Ivory outlet-casing custodian with lime control tunic, red cable-plug prop, and paired red/cobalt cross modules; source face fully replaced by the fixed frontal LCD.
nouns_classified_1973/B06-OBJ__Artifact_&_Architecture/noun-1516__head-lock.png	B06-OBJ__Artifact/aachat-forge-artifact-golden-shackle-mosaic-warden.png	a475e347a927199274dc3abf081dc57a824c6318bed10488a7ac829c02ed4c57	Golden padlock warden with a graphite U-shackle, integrated frontal LCD, magenta mosaic-block body, sparse cyan, lime, coral, and pale-yellow inlays, short block arms, sturdy gold-trimmed feet, and generous white full-body framing.
nouns_classified_1973/B06-OBJ__Artifact_&_Architecture/noun-1517__head-film-strip.png	B06-OBJ__Artifact/aachat-forge-artifact-cobalt-filmframe-checker-projectionist.png	5fd72686576c67efd1b0ecf047425260269a75a3443396caf16ef445c2944b65	Wide black perforated film-frame LCD shell, cobalt coarse-module body, and pink-cobalt checker panels; original face fully replaced by the fixed aachat LCD.
nouns_classified_1973/B06-OBJ__Artifact_&_Architecture/noun-1518__head-pipe.png	B06-OBJ__Artifact/aachat-forge-artifact-vermilion-flue-stack-tender.png	a28f6bc56ebe3aa67305915eed357ffd12f489b1115b74a4919a196ab9ede71a	Reference-mode Level 4 preserving the capped left chimney, broad dark pipe head, stepped right exhaust, and vermilion body; the original face and wrench icon are fully removed and structurally replaced by the fixed aachat LCD in consistent coarse square modules.
nouns_classified_1973/B06-OBJ__Artifact_&_Architecture/noun-1522__head-bank.png	B06-OBJ__Artifact/aachat-forge-artifact-slate-pediment-vault-teller.png	91692a6a44c24ef2d2b59ee57c27ceeb1402045f6530d1a1da1f9c63c1798d94	Slate bank-pediment vault teller with ivory masonry body, restrained gold lockwork, fixed LCD, and coarse square modules.
nouns_classified_1973/B06-OBJ__Artifact_&_Architecture/noun-1526__head-bank.png	B06-OBJ__Artifact/aachat-forge-artifact-granite-pediment-bank-teller.png	8eee2e6f9bf92e8371c366f2e57c91f5363c4495da97c048dccd9ce1723dc818	Recast the gray neoclassical bank-head silhouette as a coarse modular granite-and-charcoal teller with sparse burnt-orange trim; rebuilt the pediment around the fixed frontal LCD.
nouns_classified_1973/B06-OBJ__Artifact_&_Architecture/noun-1527__head-bagpipe.png	B06-OBJ__Artifact/aachat-forge-artifact-kelly-tartan-drone-bearer.png	229d9ac3b191056dd07d5d25a5f34ecf59c0848808d9fb4747d7ab6e19da62e4	Kelly-green tartan bagpipe bearer with a block-built air-bag head, five rising dark drone pipes with red joints, bright yellow marching body, side chanter, generous full-body white-space framing, and the fixed aachat LCD fully replacing the source face.
nouns_classified_1973/B06-OBJ__Artifact_&_Architecture/noun-1529__head-cone.png	B06-OBJ__Artifact/aachat-forge-artifact-vermilion-traffic-cone-warden.png	deb54e8d42f0afaf4cb450c56c6420adca3f42ecc3d7735182569716c59f59ba	Compact vermilion traffic-cone warden with a stepped white LCD shell, cyan structural trim, box-cabinet torso, broad modular boots, and the source face fully replaced by the fixed aachat LCD.
nouns_classified_1973/B06-OBJ__Artifact_&_Architecture/noun-1532__head-road.png	B06-OBJ__Artifact/aachat-forge-artifact-charcoal-highway-gantry-guide.png	7cf24d0ad9187b9bd11e1ecba72ac27cf31732fa9a6a42ea92c7c7c2594cb9fb	Wide charcoal highway-gantry head with yellow lane markers and a deep magenta structural body, rebuilt in coarse square modules with the source face fully replaced by the fixed cobalt aachat LCD.
nouns_classified_1973/B06-OBJ__Artifact_&_Architecture/noun-1536__head-paper-bag.png	B06-OBJ__Artifact/aachat-forge-artifact-kraft-sack-fold-bearer.png	9d8b9d2c7511a0dbadc3c295709371f3a1047c8d02e5dace92f31458aad05966	Kraft paper-bag head shell rebuilt around the fixed LCD, with a stepped folded crown, red-magenta block tunic and legs, and restrained cobalt cuff and sole accents.
nouns_classified_1973/B06-OBJ__Artifact_&_Architecture/noun-1538__head-pyramid.png	B06-OBJ__Artifact/aachat-forge-artifact-sandstone-pyramid-checker-surveyor.png	711586af73c12913be8e5d9d24091bc94e8fd72e72591d2c47706af62aea2267	Sandstone stepped-pyramid head structurally integrates the fixed cobalt LCD; the pink-white checker body is retained in coarse square Level 4 modules.
nouns_classified_1973/B06-OBJ__Artifact_&_Architecture/noun-1539__head-pirateship.png	B06-OBJ__Artifact/aachat-forge-artifact-walnut-twinflag-sloop-raider.png	0cd0568eedbcbf87d222e92a484fd3b1251ff820fb7faab7d93b56322761249d	Walnut block-built sloop head with black sail, twin scarlet pennants, golden bowsprit, purple captain coat, and the fixed frontal LCD fully replacing the source face.
nouns_classified_1973/B06-OBJ__Artifact_&_Architecture/noun-1540__head-watch.png	B06-OBJ__Artifact/aachat-forge-artifact-cream-checker-bezel-chronometer.png	f64a745da54e72a4b1cfd23b6d4f96777e51503780ae82ed33129f59b96cea91	Cream-and-gold chronometer sentinel retaining the rectangular watch-case silhouette, cobalt side lugs, and black-green checker torso; the original face is fully replaced by the fixed LCD in coarse square Level 4 modules.
nouns_classified_1973/B06-OBJ__Artifact_&_Architecture/noun-1543__head-hanger.png	B06-OBJ__Artifact/aachat-forge-artifact-ivory-twinframe-hatstand-valet.png	e58e25cc1b1a363e38bbcb753c477aad6d98fb7ed3ba3f39e31881d14ae55c7c	Broad ivory hanger canopy and top hook, orange twin brackets, espresso valet-cabinet torso, lime mosaic tiles, and complete fixed-LCD face replacement rebuilt as coarse square 3D modules with generous full-body margins.
nouns_classified_1973/B06-OBJ__Artifact_&_Architecture/noun-1545__head-vent.png	B06-OBJ__Artifact/aachat-forge-artifact-lime-vent-panel-keeper.png	76acd86797f30e618f2fd91c4f1cc357838a0c00f35d1f0f874b5638fe3c5142	Reference-mode Level 4 vent-panel keeper with a broad warm-white housing, lime filter insets, lavender structural modules, and the complete source front-face system replaced by the fixed aachat LCD.
nouns_classified_1973/B06-OBJ__Artifact_&_Architecture/noun-1546__head-queencrown.png	B06-OBJ__Artifact/aachat-forge-artifact-crimson-sapphire-diadem-matriarch.png	6c12551f65d4e8ae424d5e1960f37e20ac1f004814b814c8f927774ed0e2c072	Level4 reference reinterpretation: gold-and-crimson queen-crown reliquary with sapphire regalia, fixed LCD replacing the original face, and consistent coarse square 3D modules.
nouns_classified_1973/B06-OBJ__Artifact_&_Architecture/noun-1548__head-snowman.png	B06-OBJ__Artifact/aachat-forge-artifact-pine-frostbox-twig-keeper.png	72891e07bd9b9973e7f60f692fef85ab0d682cc1f27ef5b8bc9b306b497e1ec8	Pine-green frost parcel keeper with a white snow-shell LCD head, orange scarf panels, cyan collar, and raised brown square-module twig arms; the source face is fully replaced by the fixed aachat LCD.
nouns_classified_1973/B06-OBJ__Artifact_&_Architecture/noun-1553__head-pillow.png	B06-OBJ__Artifact/aachat-forge-artifact-crimson-cushion-dreamwarden.png	8997651929218caf5b7a6742b481368ace5fa4d9a1598c9a1a9fc42e4d965222	Reference-mode Level 4 with an ivory cushion-shaped module head, pale-blue seam blocks, crimson tunic, and yellow stitch badge; original face fully replaced by the fixed aachat LCD.
nouns_classified_1973/B06-OBJ__Artifact_&_Architecture/noun-1554__head-ring.png	B06-OBJ__Artifact/aachat-forge-artifact-gilded-halo-jewel-keeper.png	1813649c8e3ca244f44a3ffb76cc19c7be0b3d4848ca015da3f24cef6cc970cc	Reference-mode Level 4 preserving the golden ring head, magenta crown jewel, ivory body, and orange-green accent while fully rebuilding the original face as the canonical integrated LCD in coarse square 3D modules.
nouns_classified_1973/B06-OBJ__Artifact_&_Architecture/noun-1555__head-shower.png	B06-OBJ__Artifact/aachat-forge-artifact-cobalt-rainhead-plumber.png	63ad1c180cd2383a033e15efc4fb873e23fbc163930b158f03511df73225ceb6	Cobalt block-built rainhead plumber with a charcoal shower-cap crown, cyan spray droplets, twin water-stream legs, and complete fixed-LCD face replacement.
nouns_classified_1973/B06-OBJ__Artifact_&_Architecture/noun-1557__head-watch.png	B06-OBJ__Artifact/aachat-forge-artifact-lemon-wristband-timekeeper.png	bb307eb9a637d8f0a35d5296d5767cfd12cb878cecfa098ba4968c1334abe115	Reference-mode Level 4 wristwatch guardian; lemon band body, ivory square watchcase, lime module accents, ochre side crown, fixed aachat LCD replacing the original face.
nouns_classified_1973/B06-OBJ__Artifact_&_Architecture/noun-1564__head-cassettetape.png	B06-OBJ__Artifact/aachat-forge-artifact-russet-cassette-plinth-archivist.png	850194e543535b0c59911f764d42b4bad84f9676ac8a7e598c94cc4397ed37a4	Top-heavy gray cassette-console archivist with asymmetric tape-window torso, russet plinth body, ochre controls, fixed aachat LCD, and coarse square 3D modules.
nouns_classified_1973/B06-OBJ__Artifact_&_Architecture/noun-1565__head-hanger.png	B06-OBJ__Artifact/aachat-forge-artifact-ivory-coatrack-valet.png	2c5cbe140c06946c59f2e1d5c904e579c6943396b118a32a79f196c8cd4aa54d	Ivory coatrack valet with a broad stepped hanger silhouette, slim twin-post stance, consistent coarse square modules, and the original face system fully replaced by the fixed cobalt-glow aachat LCD.
nouns_classified_1973/B06-OBJ__Artifact_&_Architecture/noun-1570__head-wallsafe.png	B06-OBJ__Artifact/aachat-forge-artifact-slate-keypad-vault-sentinel.png	713205f1981265161dae8fa19cf181dad267360749a1ad4724a0f15cbfbc1220	Level 4 wall-safe sentinel with charcoal coarse square modules, emerald vault door, restrained red keypad, and the complete source face structurally replaced by the fixed cobalt LCD.
nouns_classified_1973/B06-OBJ__Artifact_&_Architecture/noun-1571__head-wallsafe.png	B06-OBJ__Artifact/aachat-forge-artifact-umber-keygrid-strongbox-custodian.png	7b11d02774a967654b274f37d4a30ff7ed02f01d72a6bb2f870dbb7eaef70218	Reference mode: wide umber wall-safe head with blank red key grid, fixed cobalt LCD fully replacing the source face, and a warm ochre circuit-inlay body built from coarse square modules.
nouns_classified_1973/B06-OBJ__Artifact_&_Architecture/noun-1572__head-outlet.png	B06-OBJ__Artifact/aachat-forge-artifact-ivory-magenta-cable-warden.png	45ff1372010cec673e88af3d0efec4cadbea83258e872397a72f2da670bf4c29	Reference-mode Level 4 ivory electrical-panel warden with magenta outlet rails, a graphite stepped-cable torso motif, and the source face fully replaced by the fixed cobalt aachat LCD.
nouns_classified_1973/B06-OBJ__Artifact_&_Architecture/noun-1574__head-pipe.png	B06-OBJ__Artifact/aachat-forge-artifact-copper-bowlstem-tobacconist.png	94ad6247466917babbc1b1a5c2f1e88c766bd8c6706edf34250d901e86169953	Warm copper-russet pipe-head architecture with a raised left bowl, separate right stem, coral-orange striped module body, and fixed aachat LCD fully replacing the source face.
nouns_classified_1973/B06-OBJ__Artifact_&_Architecture/noun-1575__head-crystalball.png	B06-OBJ__Artifact/aachat-forge-artifact-plum-starglobe-column-diviner.png	858155102e8f1da38aea0b56362bb56098c670bf4735825cedec22cfc76d3fdb	Oversized plum starglobe shell with pale star facets, a narrow black column robe, slim dark limbs, and restrained amber trim rebuilt as coarse square modules around the fixed LCD.
nouns_classified_1973/B06-OBJ__Artifact_&_Architecture/noun-1578__head-snowman.png	B06-OBJ__Artifact/aachat-forge-artifact-ivory-snowcap-twig-greeter.png	de94628257dba6a4adca43af902782a6dc636277e0ddbd7d40a0317d21cfbc95	Reference-mode snow greeter preserving the black block top hat, raised cubic twig arms, icy-blue trim, and gold chest ornament; original facial marks fully replaced by the integrated fixed LCD.
nouns_classified_1973/B06-OBJ__Artifact_&_Architecture/noun-1580__head-factory-dark.png	B06-OBJ__Artifact/aachat-forge-artifact-graphite-redflue-mill-foreman.png	30e38e3b7cb75ad6aed2f081d79e1f18361b4ad7c35bb39d26e52cac50a5eb3a	Charcoal mill foreman with a stepped sawtooth roof, oxide-red flue, fixed frontal LCD, and consistent coarse square 3D modules.
nouns_classified_1973/B06-OBJ__Artifact_&_Architecture/noun-1582__head-abacus.png	B06-OBJ__Artifact/aachat-forge-artifact-cinnabar-beadrail-tally-keeper.png	343d2d5b2a4d3be900dee3392e0db3d477d00d1fe2b4efa029d8b1feed6b49f9	Walnut abacus head with cobalt, gold, and ivory block beads, a cinnabar structural brace, a green crosshatched tally-keeper tunic, and complete fixed-LCD face replacement in consistent coarse square modules.
nouns_classified_1973/B06-OBJ__Artifact_&_Architecture/noun-1583__head-boot.png	B06-OBJ__Artifact/aachat-forge-artifact-walnut-bootcrest-longstride.png	fcc968e094d985aa8bf3a2fb4dd84df0cf6d62eda1e66730c459ac35ff354586	Warm walnut boot-shaped cranial shell rebuilt around the fixed LCD, with charcoal longstride limbs, restrained amber hardware, and consistent coarse square 3D modules.
nouns_classified_1973/B06-OBJ__Artifact_&_Architecture/noun-1585__head-queencrown.png	B06-OBJ__Artifact/aachat-forge-artifact-gilded-sapphire-crown-sovereign.png	77d09015f2f56a2470a887ee0bfe7c8688047d9330ce3e8d0cc291bb5190c590	Reference-mode gilded sapphire crown sovereign with arched gold ribs, crimson jewels, royal-blue band, deep-black regalia body, exact integrated LCD, and coarse square Level 4 modules.
nouns_classified_1973/B06-OBJ__Artifact_&_Architecture/noun-1587__head-queencrown.png	B06-OBJ__Artifact/aachat-forge-artifact-gilded-ruby-canopy-custodian.png	2018ae73fd0079441a06bb56e72e6ffd952eedb3e3fab10ea7427c7df234bbb3	Gilded crown-canopy custodian with crimson enamel mantle, ivory insets, ruby and sapphire accents, and a compact integrated LCD; full-body coarse square 3D modules.
nouns_classified_1973/B06-OBJ__Artifact_&_Architecture/noun-1589__head-bagpipe.png	B06-OBJ__Artifact/aachat-forge-artifact-emerald-dronepipe-bandmaster.png	be00dc9b402a380e9265779125911adf256721de9c6f918a21d39ea1c4bb60a3	Emerald modular bagpipe reservoir with stepped drone pipes, cream fittings, tartan ribbon, blue kilt, and the complete source face structurally replaced by the fixed aachat LCD.
nouns_classified_1973/B06-OBJ__Artifact_&_Architecture/noun-1590__head-bag.png	B06-OBJ__Artifact/aachat-forge-artifact-ultramarine-tophandle-satchel-bearer.png	736bfe4f59641f087323a6999a98057a8ae93448e18a81b7f8f95d8420687051	Violet-ultramarine top-handle satchel bearer with yellow clasps, an integrated messenger pouch, and a coarse modular LCD head.
nouns_classified_1973/B06-OBJ__Artifact_&_Architecture/noun-1591__head-retainer.png	B06-OBJ__Artifact/aachat-forge-artifact-fuchsia-brace-checker-steward.png	95a12f9d8994849347e89956da6d4c92b31a63328ffed6ef0ce4af32d7e86ce6	Reference-mode Level 4 head-retainer steward with a stepped fuchsia brace hood, warm-tan structural posts, lime-black checker torso, and complete source-face replacement by the fixed aachat LCD.
nouns_classified_1973/B06-OBJ__Artifact_&_Architecture/noun-1595__head-film-strip.png	B06-OBJ__Artifact/aachat-forge-artifact-cobalt-sprocket-mosaic-archivist.png	1a2d8a99f5f0a81e0026642e8eda3844056ac87e11b388e808d0d41e7a9b0c2a	Cobalt film-strip head with black sprocket perforations and a cyan-red-yellow-blue mosaic body rebuilt as one coarse modular 3D archivist; original face fully replaced by the fixed aachat LCD.
nouns_classified_1973/B06-OBJ__Artifact_&_Architecture/noun-1598__head-bag.png	B06-OBJ__Artifact/aachat-forge-artifact-violet-handle-satchel-porter.png	3612f5f241f4e8cfffbd83d6f374c3dabf7f26df601799cc76956bff607af695	Violet handled satchel porter with an integrated carry-handle head, restrained gold clasp hardware, compact block-built body, and the original face and cyan mark fully replaced by the fixed aachat LCD.
nouns_classified_1973/B06-OBJ__Artifact_&_Architecture/noun-1601__head-wall.png	B06-OBJ__Artifact/aachat-forge-artifact-terracotta-brickfront-sentinel.png	7f467e371a11af67b1c83a2f18fa5bd9e74deeb18fe1f9468785dde119b0d2ee	Terracotta brick-facade sentinel with a charcoal modular body and restrained mint joints; the source face is fully replaced by the canonical cobalt LCD.
nouns_classified_1973/B06-OBJ__Artifact_&_Architecture/noun-1603__head-cassettetape.png	B06-OBJ__Artifact/aachat-forge-artifact-ivory-cassette-control-steward.png	f1b4aed33481a3094a202ac05da257e16480d70f7c666190f79bc8f7a2b7914a	Reference-mode cassette control steward: source cassette-deck silhouette rebuilt in coarse square modules around the fixed aachat LCD, with ivory and ice-blue body, yellow band, and lime controls.
nouns_classified_1973/B06-OBJ__Artifact_&_Architecture/noun-1604__head-curling-stone.png	B06-OBJ__Artifact/aachat-forge-artifact-granite-curlstone-rink-skip.png	71b1df37a0e5d891bf4de1f0805bf51b6994070ffc6a76823234dd76c260d3bf	Granite curling-stone head shell with cobalt handle, rust-brown modular body, and restrained green inset accents; original face fully replaced by the fixed integrated aachat LCD.
nouns_classified_1973/B06-OBJ__Artifact_&_Architecture/noun-1605__head-film-35mm.png	B06-OBJ__Artifact/aachat-forge-artifact-saffron-film-window-archivist.png	efa3db136e28b2c4771dc75134e3ba56c9c05b3322ba453c755fd729d9e24470	Reference-mode Level 4 35mm film-window archivist; saffron cassette shell, perforated black film tail, pale-cyan legs, fixed LCD face.
nouns_classified_1973/B06-OBJ__Artifact_&_Architecture/noun-1611__head-basketball.png	B06-OBJ__Artifact/aachat-forge-artifact-burnished-hoopline-court-warden.png	8fa14b903071e4dbfecb833f1558f43746a064698aad0ac6b5f391057b65dfa4	Orange basketball-shell court warden with stepped dark seams, golden athletic modules, burnt-red lower accents, and a structurally integrated fixed aachat LCD.
nouns_classified_1973/B06-OBJ__Artifact_&_Architecture/noun-1612__head-paper-bag.png	B06-OBJ__Artifact/aachat-forge-artifact-kraft-paperhood-parcel-porter.png	a44542a43889f0f6c1038b52e30b28db53ec28c3d50e8e1f5eb979e4274f9988	Kraft paper-bag head rebuilt structurally around the fixed LCD, with an olive parcel uniform, charcoal joints, restrained violet trim, and one consistent coarse square-module construction.
nouns_classified_1973/B06-OBJ__Artifact_&_Architecture/noun-1615__head-trashcan.png	B06-OBJ__Artifact/aachat-forge-artifact-charcoal-colorband-wastekeeper.png	b9921531acfdff774a1cd37de3078800d978a0accee447bfe45581fba37001a4	Charcoal lidded wastekeeper preserving the source raised handle, rainbow torso bands, and checker panel in coarse square modules; the source face is fully replaced by the fixed aachat LCD.
nouns_classified_1973/B06-OBJ__Artifact_&_Architecture/noun-1620__head-boxingglove.png	B06-OBJ__Artifact/aachat-forge-artifact-scarlet-glove-stripe-pugilist.png	aa28d3bbdfba37072784722cdecca0426420aaeba26504886d43eb0895c8531d	Reference-mode Level 4 boxing-glove pugilist with a scarlet stepped glove-head shell, gold cuff band, cobalt-lavender striped torso, slim pale limbs, generous white margins, and complete source-face replacement by the fixed aachat LCD.
nouns_classified_1973/B06-OBJ__Artifact_&_Architecture/noun-1622__head-paintbrush.png	B06-OBJ__Artifact/aachat-forge-artifact-lemon-ferrule-crimson-painter.png	eadb2612716e4cd4e25649f88b001a219bd9e6575e8a9322474f992bdc588b61	Lemon handle and black-white ferrule geometry frame the fixed LCD while crimson paint bristles become an integrated head plume and handheld studio brush, all rebuilt in coarse square modules.
nouns_classified_1973/B06-OBJ__Artifact_&_Architecture/noun-1623__head-boot.png	B06-OBJ__Artifact/aachat-forge-artifact-violet-boothelm-wayfarer.png	c9a85b9192a0417286e3fef9125d2fa7616c36a2c64c0156894f467d24bb6d1b	Chestnut boot-shaped head shell and wide sole brim preserved over a violet-cobalt block body; original face fully replaced by the integrated canonical LCD.
nouns_classified_1973/B06-OBJ__Artifact_&_Architecture/noun-1627__head-index-card.png	B06-OBJ__Artifact/aachat-forge-artifact-cream-tabbed-index-curator.png	5fae034ac63cf50715a9b81a593ff9b5fce7b994ff66c0789fca375f090d3003	Cream index-card curator in coarse square modules; red, gold, and blue ruled bands with lavender backing and a purple filing tab; source face fully replaced by the fixed front-facing aachat LCD.
nouns_classified_1973/B06-OBJ__Artifact_&_Architecture/noun-1628__head-hockeypuck.png	B06-OBJ__Artifact/aachat-forge-artifact-charcoal-gilded-puck-sentinel.png	4d554a42565578a899dc5afb42ae7860a0181e28a2778a62e32fdafdad67edf8	Charcoal stepped puck-head sentinel with amber-gold LCD rim and centered pendant, rebuilt as one-scale coarse square 3D modules.
nouns_classified_1973/B06-OBJ__Artifact_&_Architecture/noun-1634__head-pipe.png	B06-OBJ__Artifact/aachat-forge-artifact-umber-lime-flue-warden.png	e19fca748b6855a57abb0d1d3f3a06a59bedfd5ba26d5cc9e949b7925dea9a16	Pale warm-gray flue-column warden with an umber and terracotta L-pipe crown, lime LCD frame, and magenta block inlays; the original face is fully replaced by the fixed aachat LCD.
nouns_classified_1973/B06-OBJ__Artifact_&_Architecture/noun-1635__head-vent.png	B06-OBJ__Artifact/aachat-forge-artifact-putty-spectrum-louver-caretaker.png	371dc937c60969b497f8da19c772f8c5dde7b38c267e5ca2dc82b35211389541	Putty-gray ventilation caretaker with a broad rounded louver housing, warm beige cabinet body, restrained RGB indicator blocks, coarse square Level 4 modules, and the source face fully replaced by the fixed frontal aachat LCD.
nouns_classified_1973/B06-OBJ__Artifact_&_Architecture/noun-1640__head-pirateship.png	B06-OBJ__Artifact/aachat-forge-artifact-mahogany-redsail-bowsprit-corsair.png	b2713ebda804c16822029763c87840761510d2d1f05b57436a66e07f72522f62	Walking mahogany pirate ship with a structurally integrated LCD cabin, tiered crimson sails, ochre bowsprit, and consistent coarse square modules.
nouns_classified_1973/B06-OBJ__Artifact_&_Architecture/noun-1641__head-pirateship.png	B06-OBJ__Artifact/aachat-forge-artifact-ochre-pennant-anchor-privateer.png	d3e1d1839e1ca45fba8870c0fc62ae6936c2842ae72a1ddab5035ee56ff21cb7	Reference-mode Level 4 walking pirate ship with a broad ochre-walnut hull head, stepped charcoal deckhouse, twin scarlet pennants, golden bowsprit and anchor, coarse square modules, and the fixed aachat LCD structurally replacing the complete original face.
nouns_classified_1973/B06-OBJ__Artifact_&_Architecture/noun-1645__head-index-card.png	B06-OBJ__Artifact/aachat-forge-artifact-ivory-rulecard-grid-keeper.png	073ba8457d227aacd97de4018c10d7ea369c2d6a7a744c0608d8a361a9b4c1d9	Reference-mode ivory ruled index-card keeper with scarlet and cobalt rule bands, a cobalt-green checker-grid body, coarse square modules, and the source face fully replaced by the fixed LCD.
nouns_classified_1973/B06-OBJ__Artifact_&_Architecture/noun-1653__head-firehydrant.png	B06-OBJ__Artifact/aachat-forge-artifact-crimson-fireplug-crown-sentinel.png	6dda7a275b0a4c0f11db2e822849f08e2e61dccb56e15a127fd3a7001382c2ca	Scarlet fire-hydrant guardian with a stepped conical crown, symmetric side nozzles, an ivory pillar body, and a fully integrated fixed aachat LCD.
nouns_classified_1973/B06-OBJ__Artifact_&_Architecture/noun-1657__head-pencil-tip.png	B06-OBJ__Artifact/aachat-forge-artifact-violet-graphite-apex-drafter.png	c0270868381faec7813e64b6e267a1d9a81ea5b0ef17adbe9782f263796eaee9	Violet coarse-module drafter with stepped black graphite and cream wood pencil apex, warm coral LCD housing, geometric white workwear accents, and complete source-face replacement.
nouns_classified_1973/B06-OBJ__Artifact_&_Architecture/noun-1658__head-fence.png	B06-OBJ__Artifact/aachat-forge-artifact-walnut-picket-crown-gatekeeper.png	2a080565b693c3e6d59febf614a45b608bbab0cb1a09363083f31572d2d42ee6	Walnut picket-crown gatekeeper with a vivid magenta modular tunic, compact brown limbs, and the fixed frontal LCD structurally replacing the source face.
nouns_classified_1973/B06-OBJ__Artifact_&_Architecture/noun-1666__head-highheel.png	B06-OBJ__Artifact/aachat-forge-artifact-crimson-heel-effigy.png	df76cb814ddabbb694fc02f9b65872582836389437d097ac1797faaf5f0c0edf	Crimson high-heel head architecture with a stepped rear crest, orange sole projection, lime block torso, magenta knot fasteners, and the original face fully replaced by the fixed aachat LCD.
nouns_classified_1973/B06-OBJ__Artifact_&_Architecture/noun-1668__head-weight.png	B06-OBJ__Artifact/aachat-forge-artifact-slate-mass-block-bearer.png	10d3b7d6ed4c8c7d5139a27cb3fc69129f88fe6ab7e504e1b865bf83f03f53ba	Slate cast-weight bearer with a stepped top handle, rust-red modular pillar body, sparse primary-color inset blocks, and the original face and markings fully replaced by the fixed frontal aachat LCD.
nouns_classified_1973/B06-OBJ__Artifact_&_Architecture/noun-1672__head-cd.png	B06-OBJ__Artifact/aachat-forge-artifact-prismatic-disc-mosaic-archivist.png	841dc0a3a3833852c26efcd3216137f3735d2c5d8bb0e93a19fabdad73010723	Broad prismatic compact-disc head rebuilt from coarse square modules around a fully integrated fixed LCD, with a white block body and restrained rainbow mosaic panels.
nouns_classified_1973/B06-OBJ__Artifact_&_Architecture/noun-1674__head-index-card.png	B06-OBJ__Artifact/aachat-forge-artifact-ivory-indexline-mahogany-scribe.png	3e7da101acd86f9dd21033cb277b84326954fa93f9cc1b7a606ccbfb828e46b5	Reference-mode Level 4 archival scribe with stepped ivory index-card head, red and cobalt ruled inlays, mahogany ledger body, green record lattice, and the complete source face structurally replaced by the fixed aachat LCD.
nouns_classified_1973/B06-OBJ__Artifact_&_Architecture/noun-1679__head-pyramid.png	B06-OBJ__Artifact/aachat-forge-artifact-sandstone-apex-tower-keeper.png	c73b1f88ef3e1f493c223683b041ded58abf8d41a2701ffd5be362a5c7f5f621	Stepped sandstone pyramid crown and pale monolith body with cyan lintels; source face and glyph fully replaced by the integrated aachat LCD.
nouns_classified_1973/B06-OBJ__Artifact_&_Architecture/noun-1682__head-paper-bag.png	B06-OBJ__Artifact/aachat-forge-artifact-kraft-magenta-sack-porter.png	76dc943c44d3795970a6e12c3eb585647633af539c63419b74a9be8ef8e0d5ec	Kraft-paper sack silhouette with a folded side flap and magenta binding bands, rebuilt as coarse square 3D modules with the original face fully replaced by the fixed aachat LCD.
nouns_classified_1973/B06-OBJ__Artifact_&_Architecture/noun-1685__head-outlet.png	B06-OBJ__Artifact/aachat-forge-artifact-ivory-socketplate-cord-tender.png	284b0dda760b0452d42ecd6027f341a624b8945913b121cf6f6903854fafe1f3	Ivory socket-plate body with copper outlet frames and a looped ochre power cord, rebuilt in coarse square modules around the fixed LCD.
nouns_classified_1973/B06-OBJ__Artifact_&_Architecture/noun-1686__head-igloo.png	B06-OBJ__Artifact/aachat-forge-artifact-glacier-igloo-block-keeper.png	416fa54b99fceb9fc7d1afdf4da0b1ad8a35bd14c03f39dbe15e792a8e789c15	White and pale-cyan stepped igloo masonry with cobalt side blocks, a royal-blue modular body, restrained red-gold chest motif, and the original face fully replaced by the fixed aachat LCD.
nouns_classified_1973/B06-OBJ__Artifact_&_Architecture/noun-1691__head-watch.png	B06-OBJ__Artifact/aachat-forge-artifact-ivory-crownwatch-strider.png	99eb12715e1d7aa8bbe31b584ad408720fd62308c8fefe83c465afde05c309cf	Ivory-and-gold crownwatch strider with red side crown, orange casing, olive strap legs, and a fully integrated 1.665:1 aachat LCD.
nouns_classified_1973/B06-OBJ__Artifact_&_Architecture/noun-1694__head-boot.png	B06-OBJ__Artifact/aachat-forge-artifact-chestnut-bootbrim-stripe-walker.png	627f728e3bdb4d5d948d09ec898b888c22d7ad9a121c3ab78a84baf04b8f55d6	Chestnut boot-shaped modular head with integrated LCD and green striped block body; source face fully replaced.
nouns_classified_1973/B06-OBJ__Artifact_&_Architecture/noun-1696__head-hardhat.png	B06-OBJ__Artifact/aachat-forge-artifact-golden-hardhat-beamwright.png	3441869b14f88b66b5914d0b34d752b4df919fe13affc72b4a1802c504ce54ce	Broad stepped golden hardhat and wide brim with compact orange workwear body and pale structural-tool accents, rebuilt in consistent coarse square modules around the fixed front-facing LCD.
nouns_classified_1973/B06-OBJ__Artifact_&_Architecture/noun-1700__head-wine-barrel.png	B06-OBJ__Artifact/aachat-forge-artifact-oak-cask-violet-vintner.png	b722f488fd20d8509202d567c6e1648a0238cc2e37522a16f5ac2202330f5c0b	Broad oak-cask LCD head, violet vintner coat, mint trim, and a coarse modular wine-glass prop.
nouns_classified_1973/B06-OBJ__Artifact_&_Architecture/noun-1702__head-cd.png	B06-OBJ__Artifact/aachat-forge-artifact-pastel-disc-ribbed-curator.png	9270e990a1728560d5f609c1ad6e33f4990a67eb2c2462f42ae5bcb456353073	Reference-mode Level 4 compact-disc curator preserving the source's pastel spectral disc silhouette and cream ribbed pedestal body, with the original face completely replaced by the fixed aachat LCD and rebuilt in coarse square 3D modules.
nouns_classified_1973/B06-OBJ__Artifact_&_Architecture/noun-1705__head-cassettetape.png	B06-OBJ__Artifact/aachat-forge-artifact-olive-twin-reel-curator.png	43562a12759a095fb0dc5c00d2d488df95b0d77e9a3a389d5dc7ef15e70fede4	Olive cassette archive custodian with a pale modular deck housing, yellow trim, and a low torso twin-reel mechanism; original face fully replaced by the fixed aachat LCD.
nouns_classified_1973/B06-OBJ__Artifact_&_Architecture/noun-1712__head-wallet.png	B06-OBJ__Artifact/aachat-forge-artifact-rose-mint-wallet-weaver.png	cdc899bc20719f68d74b6348f437a4eea2018d7102e88ffdf202ddebb7db1842	Reference-mode rose-and-mint wallet head with coarse taupe cube panels, structural rust lattice torso, and complete source-face replacement by the fixed front-facing aachat LCD.
nouns_classified_1973/B06-OBJ__Artifact_&_Architecture/noun-1721__head-bell.png	B06-OBJ__Artifact/aachat-forge-artifact-saffron-bell-tower-keeper.png	c11244eee50240af847045cf8ed3a316a5026e211b3f41354644cd679cc81bd2	Reference-mode saffron-gold stepped temple-bell keeper with dark umber tower body, restrained vermilion clasp, fixed frontal aachat LCD fully replacing the source face, and consistent coarse square 3D modules.
nouns_classified_1973/B06-OBJ__Artifact_&_Architecture/noun-1722__head-firehydrant.png	B06-OBJ__Artifact/aachat-forge-artifact-vermilion-hydrant-helmet-warden.png	89f9d9ac38aea0f96490e076e93bdca8bc16c566f893c9ea4b9485af159fda87	Vermilion domed fire-hydrant helmet with twin side-valve housings, cobalt coarse-module body, and fixed frontal LCD fully replacing the source face.
nouns_classified_1973/B06-OBJ__Artifact_&_Architecture/noun-1724__head-clutch.png	B06-OBJ__Artifact/aachat-forge-artifact-magenta-clasp-purse-bearer.png	bf10cbd11f10d7a796dcd96fa4825d1e50a547186a81fae73d51fff6b5a09006	Reference-mode magenta clutch-purse bearer with a gold handle and violet clasp, charcoal module body, and the source face completely replaced by the fixed integrated LCD.
nouns_classified_1973/B06-OBJ__Artifact_&_Architecture/noun-1727__head-mirror.png	B06-OBJ__Artifact/aachat-forge-artifact-azure-lookingglass-keeper.png	fa8c9fef1e8a2af67b0f75cc0718d9e72af531fea2198413ec2e1318f5c906aa	Broad brown-framed icy-blue looking-glass keeper with an ochre checker torso; the source face is fully replaced by the fixed frontal aachat LCD in coarse Level 4 modules.
nouns_classified_1973/B06-OBJ__Artifact_&_Architecture/noun-1728__head-pyramid.png	B06-OBJ__Artifact/aachat-forge-artifact-sandstep-pyramid-surveyor.png	1e5a136f4f03fdf23993c6cb826a0021c6c8277f76ecbfb90e027569e07d5db6	Wide stepped sandstone pyramid silhouette with a coral column body and pale modular limbs; the original face is fully replaced by the integrated fixed aachat LCD.
nouns_classified_1973/B06-OBJ__Artifact_&_Architecture/noun-1731__head-vent.png	B06-OBJ__Artifact/aachat-forge-artifact-ivory-coral-louver-custodian.png	b8cd0df4e37e023d36067685dd59e2f33fe460034e294151bdc8eebdaf08efcb	Ivory coral head-vent custodian with crown exhaust slots, charcoal chassis, mint louver chest, and complete fixed-LCD face replacement in coarse square modules.
nouns_classified_1973/B06-OBJ__Artifact_&_Architecture/noun-1736__head-weight.png	B06-OBJ__Artifact/aachat-forge-artifact-slate-spectrum-balance-keeper.png	9e04cb8d51fad6366cf3c8344131d034be4f5b402825e1341353efcf2f747a83	Slate counterweight silhouette with magenta LCD frame, rainbow spectrum band, and checkerboard plinth, rebuilt in coarse square modules around the fixed front-facing LCD with full-body white-space margins.
nouns_classified_1973/B06-OBJ__Artifact_&_Architecture/noun-1738__head-trashcan.png	B06-OBJ__Artifact/aachat-forge-artifact-scarlet-lidded-wastekeeper.png	94868b4b54dd249cdbee3b9270264960d96c607434b68653798d0c207031341f	Scarlet modular trash-bin wastekeeper with a stepped charcoal lid, magenta side panels, yellow sorting markers, and a fully integrated fixed LCD.
nouns_classified_1973/B06-OBJ__Artifact_&_Architecture/noun-1742__head-vent.png	B06-OBJ__Artifact/aachat-forge-artifact-porcelain-vent-mosaic-keeper.png	be544cadb150a57be9ff4866174e879839b533e87bfec120d783791bf2b90a37	Reference-mode Level 4 porcelain vent-mosaic keeper preserving twin warm-red vent chambers and the cyan-magenta-black checker column as coarse square modules; source face fully replaced by the fixed integrated aachat LCD, with generous full-body white margins.
nouns_classified_1973/B06-OBJ__Artifact_&_Architecture/noun-1748__head-gavel.png	B06-OBJ__Artifact/aachat-forge-artifact-saffron-verdict-gavel-arbiter.png	9a4f43f97290c17e5e878eba2a76e44e79e7d9ca508e476e920c394760ed5ba5	Reference-mode Level 4 verdict arbiter with integrated dark-walnut gavel canopy and hand gavel, saffron tribunal body, restrained spring-green brackets, fixed frontal cobalt LCD, and consistent coarse square 3D modules.
nouns_classified_1973/B06-OBJ__Artifact_&_Architecture/noun-1753__head-piano.png	B06-OBJ__Artifact/aachat-forge-artifact-obsidian-key-crown-cantor.png	f07cd615230f9a15cc2248a722e668adbfb56847d33d52881f4035ab15bce360	Obsidian upright-piano cabinet form with ivory key torso, restrained amber trim, and the source face fully rebuilt as the fixed aachat LCD.
nouns_classified_1973/B06-OBJ__Artifact_&_Architecture/noun-1758__head-boot.png	B06-OBJ__Artifact/aachat-forge-artifact-umber-bootstep-sentinel.png	5cd5c81439d93deef7cc0b595e087293e6dd0d7fe4dc3f2fa231ddfafbd33578	Reference-mode Level 4 preserving the source's tall walnut boot silhouette, broad toe/cuff projection, pull-tab, amber welt accents, and slim stance; complete face replaced by the fixed cobalt LCD and coarse square 3D modules used throughout.
nouns_classified_1973/B06-OBJ__Artifact_&_Architecture/noun-1762__head-volleyball.png	B06-OBJ__Artifact/aachat-forge-artifact-ivory-volley-seam-referee.png	5d6a5f658914c86f15a86d14ecfa980fb308526bc802cbc4f9a12451927c244a	Reference-mode Level 4 volleyball-shell referee; source ivory and charcoal ball seams, sand uniform, and chartreuse lacing retained; original face fully replaced by integrated fixed LCD; coarse square modules and generous white margins.
nouns_classified_1973/B06-OBJ__Artifact_&_Architecture/noun-1765__head-sand-castle.png	B06-OBJ__Artifact/aachat-forge-artifact-scarlet-sandtower-pennant-keeper.png	eafbc9f0977084a2ae226801b502b47e74cd0e3f3920e4acb11bc5020f35be98	Warm ochre sandcastle battlements and a blue pennant retained over a scarlet tower body; the original face and torso mark were fully replaced by the fixed LCD in coarse square Level 4 modules.
nouns_classified_1973/B06-OBJ__Artifact_&_Architecture/noun-1766__head-sock.png	B06-OBJ__Artifact/aachat-forge-artifact-slate-ribbed-cowl-keeper.png	fc0e01b91f50be74ddb4b6d23d08fa9a0bad06c4c22d8320019a153ac90eacb6	Reference-mode Level 4 head-sock guardian with a tall graphite knit column, ivory ribbed crown and cuffs, compact cobalt stitch emblem, and the complete source face structurally replaced by the fixed aachat LCD.
nouns_classified_1973/B06-OBJ__Artifact_&_Architecture/noun-1767__head-paperclip.png	B06-OBJ__Artifact/aachat-forge-artifact-rust-paperclip-docket-keeper.png	31eb63d196eef304fe783029952dd5ef31d022eaf2aad00ddc3a1984bb72ea7c	Reference mode Level 4: squat rust-red, warm-ivory, and charcoal docket keeper with one coarse square-module paperclip loop structurally integrated around the head; source face fully replaced by the fixed aachat LCD.
nouns_classified_1973/B06-OBJ__Artifact_&_Architecture/noun-1773__head-chain.png	B06-OBJ__Artifact/aachat-forge-artifact-brass-chainframe-keeper.png	4547aa2a4d1ca73e9bf7ecebdd7c2f2a1ff4762c18f942b4adfa1e6184f7378e	Brass-and-walnut chain-frame head shell, fixed cobalt LCD, ivory modular limbs, and block harness and shoes; the source face is fully replaced.
nouns_classified_1973/B06-OBJ__Artifact_&_Architecture/noun-1774__head-hardhat.png	B06-OBJ__Artifact/aachat-forge-artifact-canary-sitehelm-violet-warden.png	c452299c4fbcec46c629c1b4bde428cf7f8cd0ff5907824ac4de279b89b32a5d	Reference-mode Level 4 preserves the canary hardhat shell, olive workwear body, and violet lacing motif while fully replacing the source face with the fixed aachat LCD in coarse square 3D modules.
nouns_classified_1973/B06-OBJ__Artifact_&_Architecture/noun-1775__head-couch.png	B06-OBJ__Artifact/aachat-forge-artifact-caramel-cushion-dais-steward.png	719b65112d41ee5ecbb743885e780b49861bcbf404a24884987f163e3330d30b	Warm caramel head-couch silhouette rebuilt as a coarse modular walking dais steward with vermilion upholstery accents, dark structural feet, and the original face fully replaced by the fixed aachat LCD.
nouns_classified_1973/B06-OBJ__Artifact_&_Architecture/noun-1778__head-crystalball.png	B06-OBJ__Artifact/aachat-forge-artifact-violet-omen-orb-custodian.png	5f726ad794cd35d2a1a76d226747173f60639f8261db9690d7da279eb13acccc	Violet crystal-orb crown, burgundy pedestal body, restrained acid-lime trim, and amber lightning inlay rebuilt from coarse square modules around the fixed frontal aachat LCD.
nouns_classified_1973/B06-OBJ__Artifact_&_Architecture/noun-1779__head-sand-castle.png	B06-OBJ__Artifact/aachat-forge-artifact-dune-flagkeep-mosaic-mason.png	13cc5accefd4a75800d1cb34798dfa2fc9f40f5044c132f23680d7dcdface478	Crenellated warm-sand keep head with tiny blue pennant, lime structural accents, and blue-white mosaic module body; original face fully replaced by fixed cobalt LCD.
nouns_classified_1973/B06-OBJ__Artifact_&_Architecture/noun-1786__head-ruler-triangular.png	B06-OBJ__Artifact/aachat-forge-artifact-fuchsia-angle-checker-surveyor.png	1da8cd2766c4fe37ef741418243ebb49b5e30591b1c0b0e0fbb8aa37cfdc7fb2	Hot-fuchsia stepped triangular set-square shell around the fixed LCD, with a black-fuchsia checker-grid body and uniform coarse square modules.
nouns_classified_1973/B06-OBJ__Artifact_&_Architecture/noun-1788__head-pill.png	B06-OBJ__Artifact/aachat-forge-artifact-vermilion-mint-capsule-warden.png	a077a469e31cc9bba4d794f4cf7afe6d89837ccab94e9cda720eb3aa79674114	Split vermilion-mint capsule warden with integrated frontal LCD and restrained gold chain motif, rebuilt in coarse square 3D modules.
nouns_classified_1973/B06-OBJ__Artifact_&_Architecture/noun-1792__head-queencrown.png	B06-OBJ__Artifact/aachat-forge-artifact-scarlet-coronet-pillar-monarch.png	2774c514604a03b0a68c56631ad7010f01427ce191e34ba4e1b7510d252b5f33	Scarlet-and-gold crown-pillar monarch; source crown silhouette and blue jewel retained; original face fully replaced by the fixed front-facing aachat LCD; consistent coarse square modules with full-body white-background framing.
nouns_classified_1973/B06-OBJ__Artifact_&_Architecture/noun-1793__head-boot.png	B06-OBJ__Artifact/aachat-forge-artifact-copper-welt-boot-warden.png	3717791222e18a46970a25209c1f8b081c7b723dbd633c7b9c53a4db25151867	Burnt-orange boot-shaft body with tan welt, dark-umber block upper, rear pull-tab, fixed near-frontal LCD, and coarse single-scale square-module limbs.
nouns_classified_1973/B06-OBJ__Artifact_&_Architecture/noun-1794__head-piano.png	B06-OBJ__Artifact/aachat-forge-artifact-ebony-piano-keydeck-minstrel.png	08da5809b50d99c53b2e3bb8f10e124820694f4981ad5c2be57a98d82d6f3a6b	Ebony grand-piano head rebuilt around the fixed aachat LCD, with an ivory keydeck, orange module-built body, and restrained blue-green musical-note inlays; the source face was completely removed.
nouns_classified_1973/B06-OBJ__Artifact_&_Architecture/noun-1795__head-cone.png	B06-OBJ__Artifact/aachat-forge-artifact-scarlet-conecap-plinth-sentinel.png	c18883089c7aecefcb882638ddfe67b82ba9c90669432a609aa71b54c972f8c9	Reference-mode scarlet stepped conecap and wide coral brim over a magenta-violet plinth body, with the source face fully replaced by the fixed integrated aachat LCD in consistent coarse square modules.
nouns_classified_1973/B06-OBJ__Artifact_&_Architecture/noun-1796__head-volleyball.png	B06-OBJ__Artifact/aachat-forge-artifact-pearl-greenline-volley-keeper.png	f0c2438b2689d3d9bca9f2f9c142b19ca4f58681ae79d16399d588847aff8707	Pearl-white volleyball shell with stepped gray seams, lime structural trim, charcoal court uniform, and complete source-face replacement around the fixed LCD in coarse square 3D modules.
nouns_classified_1973/B06-OBJ__Artifact_&_Architecture/noun-1806__head-chefhat.png	B06-OBJ__Artifact/aachat-forge-artifact-ivory-puffcap-rose-saucier.png	c385f9f10911c928c2cc97a4fb957ee1d6baadbca691b03275270e66bf657b8a	Reference-mode Level 4; source chef-hat silhouette rebuilt as an ivory puffed modular toque over an integrated 28:17 LCD, with a rose-and-ivory striped torso and gray block limbs; original face and glasses fully removed.
nouns_classified_1973/B06-OBJ__Artifact_&_Architecture/noun-1807__head-index-card.png	B06-OBJ__Artifact/aachat-forge-artifact-ivory-rainbow-index-clerk.png	3b9c660bbceb189df64d56704e3695a58009d42bb355a3086dc79748048b112d	Ivory ruled index-card clerk with a broad striped card head, scarlet modular tabard, golden limbs, green accents, and the fixed frontal LCD fully replacing the source face.
nouns_classified_1973/B06-OBJ__Artifact_&_Architecture/noun-1808__head-fence.png	B06-OBJ__Artifact/aachat-forge-artifact-cedar-palisade-stripe-warden.png	6c6c70d5e745acd2184a2edfad64d31af65e6c18fecb3ae1964fd91bb9bcbfe3	Reference-mode Level 4 cedar palisade keeper; source fence silhouette and cobalt-russet bands retained, original face fully replaced by fixed LCD, coarse square 3D modules with full-body white-background framing.
nouns_classified_1973/B06-OBJ__Artifact_&_Architecture/noun-1809__head-toiletpaper-full.png	B06-OBJ__Artifact/aachat-forge-artifact-ivory-paper-roll-keeper.png	54809278190b8e138c02266955ad5b34a0b126b883da126b60dcedadb529d037	Ivory paper-roll head rebuilt around the recessed canonical LCD; stepped torn-sheet fringe and plain ochre coarse-module body preserve the source silhouette and palette.
nouns_classified_1973/B06-OBJ__Artifact_&_Architecture/noun-1811__head-toiletpaper-full.png	B06-OBJ__Artifact/aachat-forge-artifact-ivory-roll-redband-custodian.png	7f34bab3d5a456c74f37a103556ea797bf85a37a5ba7b7166ccf7fcf8473b10a	Ivory toilet-roll shell rebuilt around the fixed LCD, with a warm-red banded body in coarse square modules.
nouns_classified_1973/B06-OBJ__Artifact_&_Architecture/noun-1812__head-pillow.png	B06-OBJ__Artifact/aachat-forge-artifact-periwinkle-bolster-dreamwatcher.png	a028dcf78d684cdf9d5f059ac9d62ca66d600f38f4137d11190a87e56778a0d7	Reference-mode Level 4 retaining the source's ivory vertical bolster silhouette and periwinkle head rails, rebuilt from coarse padded square modules with the original face fully replaced by the fixed aachat LCD.
nouns_classified_1973/B06-OBJ__Artifact_&_Architecture/noun-1814__head-wallet.png	B06-OBJ__Artifact/aachat-forge-artifact-rose-ledgerfold-dandy.png	0ea04bafa8b21f3fd284505c22ee66a70debf7f2e9e21d99490ec4546c3efb25	Broad brown ledger-wallet head with layered cards, rose accents, checked tailoring, and fully integrated frontal aachat LCD.
nouns_classified_1973/B06-OBJ__Artifact_&_Architecture/noun-1823__head-ruler-triangular.png	B06-OBJ__Artifact/aachat-forge-artifact-magenta-triangle-neck-surveyor.png	c42b3c5740a5600dd2407f9f8a6af81fad944acdd4ef12ff0ad62227871afb1f	Reference-mode Level 4 with an asymmetric magenta triangular-ruler head, warm ochre and ivory giraffe-like modular body, complete source-face replacement by the fixed aachat LCD, and generous full-body white margin.
nouns_classified_1973/B06-OBJ__Artifact_&_Architecture/noun-1831__head-cd.png	B06-OBJ__Artifact/aachat-forge-artifact-citrus-chroma-disc-curator.png	74209596c35d4a54e8e96e5b0237cf03a9f0872d84f648f217e8390c4cd61cf3	Reference-mode Level 4 optical-disc curator with a lime-mint and cyan-magenta spectral head shell, burgundy integrated LCD housing, warm-orange pedestal body, and the source face fully replaced by the fixed aachat LCD in coarse square 3D modules.
nouns_classified_1973/B06-OBJ__Artifact_&_Architecture/noun-1839__head-hockeypuck.png	B06-OBJ__Artifact/aachat-forge-artifact-graphite-ice-puck-sentinel.png	0c97139624f94e285fdde18deec19c9ba59533047905cc85c6ba573c347f8a0a	Graphite hockey-puck sentinel with a stepped circular module shell, compact charcoal slab body, restrained bronze equipment accents, and the fixed cobalt-glow LCD fully replacing the source face.
nouns_classified_1973/B06-OBJ__Artifact_&_Architecture/noun-1843__head-goldcoin.png	B06-OBJ__Artifact/aachat-forge-artifact-gilded-coin-bowtie-broker.png	c1ac99cb266e7b8f507ca3210c537301cdbf807ae2a803ba95df7d14add3c46e	Stepped gilded coin-disc LCD housing with a dark espresso block-built formal suit and compact black bow tie.
nouns_classified_1973/B06-OBJ__Artifact_&_Architecture/noun-1849__head-trashcan.png	B06-OBJ__Artifact/aachat-forge-artifact-slate-lidded-bin-custodian.png	4e0f4b589d6c22b4c049ce289fe4f01a2123d8bb446437990fff2c8ef36d437a	Slate trashcan head with stepped lid and top handle, cobalt custodian body, yellow badge, and a fully integrated fixed LCD.
nouns_classified_1973/B06-OBJ__Artifact_&_Architecture/noun-1850__head-clutch.png	B06-OBJ__Artifact/aachat-forge-artifact-orchid-crownclasp-purse-keeper.png	e0670c61199a0d3c2a392d4f0024c4ff9d3fd1f9213deb04067538476bbb0945	Orchid-magenta clutch-purse head rebuilt around the fixed LCD, with dark-plum crown clasp, gold side hardware, diagonal strap, and a coarse square modular body.
nouns_classified_1973/B06-OBJ__Artifact_&_Architecture/noun-1851__head-backpack.png	B06-OBJ__Artifact/aachat-forge-artifact-olive-packhead-checker-porter.png	ff27de2dd37fadb3c307157a08b9bb517c01025c14c8111dcd34bdd9b37805ed	Olive head-backpack porter with a block carry handle, brown hanging straps, rust pocket accents, green-white checker garment, and fully integrated fixed LCD.
nouns_classified_1973/B06-OBJ__Artifact_&_Architecture/noun-1852__head-pill.png	B06-OBJ__Artifact/aachat-forge-artifact-coral-mint-lozenge-warden.png	43e6d9a74bfbbc25a1116aa5f97f2b64a88cf417b123e296a9f0ff7c9b036654	Coral-and-mint capsule shell with a pink-mint checker tunic, structurally integrated frontal LCD, and coarse square module construction.
nouns_classified_1973/B06-OBJ__Artifact_&_Architecture/noun-1854__head-factory-dark.png	B06-OBJ__Artifact/aachat-forge-artifact-charcoal-sawroof-flue-foreman.png	dea8e937d643635960f550bca86b585356e5d22b39bf0108edcb76c11e73fc21	Charcoal sawroof factory foreman with red-brick flue and amber architectural trim; source face fully replaced by the fixed aachat LCD in coarse square 3D modules.
nouns_classified_1973/B06-OBJ__Artifact_&_Architecture/noun-1856__head-pirateship.png	B06-OBJ__Artifact/aachat-forge-artifact-walnut-redsail-galleon-captain.png	045ab666b975a5df635ae52b777dad18b4b3053436638e77ece318e641007470	Reference-mode Level 4 walnut pirate-galleon head with blank cream cabin panels, unmarked red sails, compact gold bowsprit, deep-purple captain coat, and complete source-face replacement by the fixed aachat LCD in coarse square 3D modules.
nouns_classified_1973/B06-OBJ__Artifact_&_Architecture/noun-1857__head-toothbrush-fresh.png	B06-OBJ__Artifact/aachat-forge-artifact-mint-bristle-crown-keeper.png	e8902f7ab0613d9f80de481278318cfdf8714a11ac7f029bc9a77238c0589d7c	Reference mode Level 4; preserved the mint stepped toothbrush-bristle crown, beige handle-like body, and blue crossbar arms while structurally replacing the complete source face with the integrated fixed aachat LCD.
nouns_classified_1973/B06-OBJ__Artifact_&_Architecture/noun-1858__head-piggybank.png	B06-OBJ__Artifact/aachat-forge-artifact-fuchsia-savings-totem-steward.png	681aa8db6fe1d1720979dc51183593a89b40f741311f12aebf4e86b36c8693f3	Fuchsia piggy-bank savings totem with a broad stepped coinbox head, golden coin-slot crest, blue-violet modular body, restrained pink deposit motifs, and fixed frontal LCD fully replacing the source face.
nouns_classified_1973/B06-OBJ__Artifact_&_Architecture/noun-1859__head-lock.png	B06-OBJ__Artifact/aachat-forge-artifact-golden-shackle-tower-keeper.png	26baa5c66ac59fee5f0535d1363440d710eafaf04ed29d7838c07d9ab1a1f584	Golden block-lock sentinel retaining the gray shackle crown and pale tower body; original face fully replaced by the fixed cobalt LCD.
nouns_classified_1973/B06-OBJ__Artifact_&_Architecture/noun-1861__head-trashcan.png	B06-OBJ__Artifact/aachat-forge-artifact-graphite-trashcan-stripe-custodian.png	de4038266ff9140748d5213862110086b8751ffb2d27f2e8ef82f6f27d52ef3a	Reference-mode Level 4 graphite refuse-bin custodian with stepped lid and top handle, magenta side trim, blue-orange work stripes, coarse square modules, generous full-body white margins, and complete source-face replacement by the fixed frontal aachat LCD.
nouns_classified_1973/B06-OBJ__Artifact_&_Architecture/noun-1865__head-wizardhat.png	B06-OBJ__Artifact/aachat-forge-artifact-cobalt-crescent-checker-sage.png	f765fe06176d71cf06e66b7e02d3bf77c5b8d367541a6547075afd065f076bd8	Reference mode Level 4: crooked cobalt crescent-and-star wizard hat with black-white checker band, modular sage robe, and complete face replacement by the fixed aachat LCD.
nouns_classified_1973/B06-OBJ__Artifact_&_Architecture/noun-1867__head-paperclip.png	B06-OBJ__Artifact/aachat-forge-artifact-graphite-clipframe-checker-clerk.png	dd9efc44128a82374c31bf379619db418dee56bbe2523227c69268d5a4f74eb5	Graphite paperclip-frame clerk preserving the source rectangular head loop and checker collar, rebuilt as coarse square modules around the fixed frontal LCD.
nouns_classified_1973/B06-OBJ__Artifact_&_Architecture/noun-1868__head-paper-bag.png	B06-OBJ__Artifact/aachat-forge-artifact-kraft-sack-violet-courier.png	ed0d77ad5125a07c8461b1a57505611eaab91c4c9d3e63d3325745f1dc2e9641	Kraft paper sack head with a violet block courier tunic and gold fastener; the original face band and letter-like mark are removed and replaced by the integrated fixed LCD.
nouns_classified_1973/B06-OBJ__Artifact_&_Architecture/noun-1869__head-crystalball.png	B06-OBJ__Artifact/aachat-forge-artifact-magenta-starglobe-checker-diviner.png	a4f4e174a7033c82e76ce80c8ef1697291e641cff6b6e5f0549dcc29dcb26b42	Reference-mode Level 4 with a violet-magenta star-globe dome, black and rainbow checker pedestal body, broad safe white margins, and complete source-face replacement by the fixed frontal aachat LCD in consistent coarse square 3D modules.
nouns_classified_1973/B06-OBJ__Artifact_&_Architecture/noun-1870__head-mailbox.png	B06-OBJ__Artifact/aachat-forge-artifact-emerald-checker-mailbox-courier.png	8444744c5a6dab476b107f5ce66013a2972ccb465b78d757c4cae69a7567a341	Emerald checker mailbox courier; red postal flag and projecting slot preserved as coarse square modules; complete source face structurally replaced by fixed aachat LCD.
nouns_classified_1973/B06-OBJ__Artifact_&_Architecture/noun-1873__head-watch.png	B06-OBJ__Artifact/aachat-forge-artifact-cream-rosebar-midnight-timekeeper.png	876331cc2d2cb89dee2284b5d1b64bdc00c7a7e72d39f03c084f5aeadf1b3d40	Cream-and-gold head-watch with rose sideband and midnight strap-body; fixed cobalt-glow LCD fully replaces the original face, rendered in consistent coarse square modules with full-body white-space framing.
nouns_classified_1973/B06-OBJ__Artifact_&_Architecture/noun-1875__head-film-strip.png	B06-OBJ__Artifact/aachat-forge-artifact-rust-cobalt-filmgate-curator.png	98562eca8e6a5187a24ca1713887f632d6e83d8c63eb1381a339900f3e0e972c	Charcoal perforated film-gate LCD head with cobalt side blocks, a rust-red archivist coat, and cyan splice-tab accents, built as one full-body coarse square-module character.
nouns_classified_1973/B06-OBJ__Artifact_&_Architecture/noun-1876__head-film-35mm.png	B06-OBJ__Artifact/aachat-forge-artifact-amber-sprocket-mantle-archivist.png	791e59e0c9ead4547ba563de700e317983aeafa8607b65e0ed03c2bb08ccd03b	Amber 35mm film-frame archivist with cobalt robe and gold lacing; original face system fully replaced by the fixed integrated aachat LCD.
nouns_classified_1973/B06-OBJ__Artifact_&_Architecture/noun-1878__head-factory-dark.png	B06-OBJ__Artifact/aachat-forge-artifact-charcoal-sawroof-foundry-keeper.png	44019fc0e6b5fb10973dc9ce7f75329f37c988820d1ff554769e3226261a5cf0	Reference-mode Level 4 factory guardian preserving the charcoal sawtooth roof, single red-banded smokestack, green modular body, and diagonal white brace while fully replacing the original face with the fixed front-facing aachat LCD.
nouns_classified_1973/B06-OBJ__Artifact_&_Architecture/noun-1883__head-index-card.png	B06-OBJ__Artifact/aachat-forge-artifact-ivory-banded-index-curator.png	d7fbd8e033fe4dd7e715a084546500699991f3d7a0ac5d8f1bdfb5787ac67e24	Ivory head-index card curator with muted registration bands, charcoal filing-drawer torso, magenta tabs, and canonical compact LCD
nouns_classified_1973/B06-OBJ__Artifact_&_Architecture/noun-1884__head-paperclip.png	B06-OBJ__Artifact/aachat-forge-artifact-frosted-paperclip-folio-marshal.png	cb954303feafed0ab139f42629948b2c1742aead73a0c377bfa074403d6bf585	Frosted-silver paperclip frame structurally wraps the fixed LCD above an icy-blue folio body with one compact clasp, all built from consistent coarse square modules.
nouns_classified_1973/B06-OBJ__Artifact_&_Architecture/noun-1885__head-boot.png	B06-OBJ__Artifact/aachat-forge-artifact-umber-boot-brim-warden.png	c631374acf56be21808b43bd82dacaacea9ea82cb4d56cbcb70913b1f6c66d9f	Dark-umber sideways boot-head architecture with khaki block body and amber medallion; source face and green glasses fully replaced by the integrated fixed LCD.
nouns_classified_1973/B06-OBJ__Artifact_&_Architecture/noun-1886__head-crystalball.png	B06-OBJ__Artifact/aachat-forge-artifact-violet-scrying-orb-diviner.png	d2f4ce6d56f9f4f9fbfd44d2ecaa26b6313daf9a90e51e2a48bceeaa956662a7	Reference-mode Level 4 crystal-ball diviner with a stepped violet orb shell, amber-orange pedestal body, restrained pale glints, complete source-face replacement by the fixed cobalt LCD, consistent coarse square 3D modules, and full-body white margins.
nouns_classified_1973/B06-OBJ__Artifact_&_Architecture/noun-1888__head-mailbox.png	B06-OBJ__Artifact/aachat-forge-artifact-rose-flag-postbox-porter.png	3885dc5a7f5aea7774a791773dfb30bb085719c13521ae76e8744f1ef1ae8892	Coral-red walking postbox porter with raised mail flag, charcoal checker-band body, and fully integrated aachat LCD.
nouns_classified_1973/B06-OBJ__Artifact_&_Architecture/noun-1893__head-boot.png	B06-OBJ__Artifact/aachat-forge-artifact-russet-bootstep-courier.png	2ed6a1cddce04b64cf49d4d5269bdf14658cdc6ad59c9edf37abd0acda683af7	Russet boot-shaped courier with a raised ankle cuff, projecting toe, crimson-magenta modular body, sparse gold hardware, and the source face fully rebuilt around the fixed frontal aachat LCD.
nouns_classified_1973/B06-OBJ__Artifact_&_Architecture/noun-1896__head-outlet.png	B06-OBJ__Artifact/aachat-forge-artifact-ivory-duplex-conduit-caretaker.png	952745bfcd78fe7e7791361d4b379792de0e5336fb89f3d2f371d17c55fd95da	Reference-mode Level 4 ivory receptacle-plate caretaker with pale-cyan conduit body and restrained multicolor wiring bands, rebuilt in coarse square 3D modules around the fixed frontal aachat LCD with complete source-face replacement and generous full-body margins.
nouns_classified_1973/B06-OBJ__Artifact_&_Architecture/noun-1899__head-basketball.png	B06-OBJ__Artifact/aachat-forge-artifact-orange-hoop-medallion-center.png	0d1ef994404c5c99c15634d5b7f049239e5f317888c50017457c40f0eac5343b	Orange basketball-shell court center with dark stepped seam bands, tall block torso, slim pale limbs, cobalt medallion, and fully integrated fixed LCD.
nouns_classified_1973/B06-OBJ__Artifact_&_Architecture/noun-1900__head-pirateship.png	B06-OBJ__Artifact/aachat-forge-artifact-olive-bowsprit-privateer.png	535f2c9cbae103e8f35aafecd8b605f6aa5ce5fd1cd402c96dc0b63fdf8458f2	Olive-coated privateer with a broad brown block-built ship head, red signal flags, stepped bowsprit, and fully integrated frontal aachat LCD.
nouns_classified_1973/B06-OBJ__Artifact_&_Architecture/noun-1901__head-pirateship.png	B06-OBJ__Artifact/aachat-forge-artifact-burgundy-redsail-cutlass-buccaneer.png	597dcf47d917b2974dbd5f87e1b3f487a70294ddae608bed881ad85982fc300d	Burgundy red-sail pirate-ship silhouette rebuilt in one coarse square-module language, with a dark timber hull head structurally centered on the fixed aachat LCD and a restrained gold cutlass-bowsprit motif.
nouns_classified_1973/B06-OBJ__Artifact_&_Architecture/noun-1903__head-snowman.png	B06-OBJ__Artifact/aachat-forge-artifact-frostcap-twig-sentinel.png	fa5d530d97af883f6868cea1e0b37513167627efff46f6ef9793fbe00cd42eaf	Snow-capped square head enclosure, tiny black stepped hat, raised brown twig arms, icy collar, violet marker body, and charcoal modular boots rebuilt around the fixed aachat LCD.
nouns_classified_1973/B06-OBJ__Artifact_&_Architecture/noun-1904__head-beanie.png	B06-OBJ__Artifact/aachat-forge-artifact-scarlet-pom-brim-sentinel.png	3889622603b2cc8ad306ffe01970432c9209cfd1666475ad649dbaaaddc4d8b9	Scarlet stepped knit-beanie sentinel with folded block brim, fully integrated LCD face, white modular body, and no source letter or logo.
nouns_classified_1973/B06-OBJ__Artifact_&_Architecture/noun-1907__head-stapler.png	B06-OBJ__Artifact/aachat-forge-artifact-scarlet-stapler-desk-clerk.png	5468bd5e52103d933dd5be7030813e4467441ec531701cd259d7c3a7ca177bdd	Scarlet stapler shell structurally wraps the fixed LCD; violet coarse-module desk-clerk body preserves the source palette and compact silhouette.
nouns_classified_1973/B06-OBJ__Artifact_&_Architecture/noun-1919__head-wall.png	B06-OBJ__Artifact/aachat-forge-artifact-brick-conduit-sentinel.png	215a23a2e5875c2329e16846120d6d66e3764b8b4b3e30d5511f8ec6f17194b6	Broad terracotta cube-wall head with a recessed aachat LCD and a narrow charcoal utility body traced by sparse cobalt, amber, lime, and violet conduit modules.
nouns_classified_1973/B06-OBJ__Artifact_&_Architecture/noun-1924__head-abacus.png	B06-OBJ__Artifact/aachat-forge-artifact-mahogany-counting-frame-custodian.png	e9852ccf974979c5c99a17198a0d2b8f0ebf04d79ed4cb373906c9de2c445bc7	Mahogany two-rail abacus shrine with cobalt and golden beads, a deep-green equal-module custodian body, and complete original-face replacement by the fixed 28U x 17U aachat LCD.
nouns_classified_1973/B06-OBJ__Artifact_&_Architecture/noun-1930__head-wall.png	B06-OBJ__Artifact/aachat-forge-artifact-crimson-checker-headwall-sentinel.png	40b3f4f9893236381423d640cf25c28097363a0534d30ac355b41c62a86c8da7	Crimson square-module head-wall sentinel with royal-blue trim and a blue-white checker masonry body; the source face is fully replaced by the fixed aachat LCD.
nouns_classified_1973/B06-OBJ__Artifact_&_Architecture/noun-1933__head-road.png	B06-OBJ__Artifact/aachat-forge-artifact-charcoal-tollgate-wayfinder.png	62c25f30bb4b891e55841899efdc857e9768de3bbb5a96c732383b72a0d02b6c	Charcoal modular toll-gate guardian with a broad pale-concrete roof gantry, safety-yellow lane bands, and the original window-face fully replaced by the fixed frontal LCD.
nouns_classified_1973/B06-OBJ__Artifact_&_Architecture/noun-1936__head-firehydrant.png	B06-OBJ__Artifact/aachat-forge-artifact-scarlet-hydrant-crown-custodian.png	80e05d1989c20b4b0447e6682f7ba51f7f13b58d3017731ea90c47228090880a	Scarlet fire-hydrant crown with twin side nozzles, warm-yellow collar, and cobalt municipal workwear; fixed aachat LCD fully replaces the original face.
nouns_classified_1973/B06-OBJ__Artifact_&_Architecture/noun-1939__head-wall.png	B06-OBJ__Artifact/aachat-forge-artifact-terracotta-lintel-drain-mason.png	fe4cb9db47e1a37ae9a3d930c8ce7d68490e7dec8a4e14c3f9555e42d42678fb	Terracotta brick-wall motif rebuilt as a full-body same-scale coarse cube mason with pale mortar modules and a vertical drain conduit; original face fully replaced by the fixed integrated aachat LCD.
nouns_classified_1973/B06-OBJ__Artifact_&_Architecture/noun-1940__head-wall.png	B06-OBJ__Artifact/aachat-forge-artifact-russet-wallhelm-bluebelt-warden.png	70100f1113337b857f4edcd99eab26ab337b07b90b674fe41416b42fb24ec7d1	Reference mode Level 4: broad russet square-block wall helm, olive module tunic, and cyan belt; original face fully replaced by the fixed aachat LCD.
nouns_classified_1973/B06-OBJ__Artifact_&_Architecture/noun-1944__head-wall.png	B06-OBJ__Artifact/aachat-forge-artifact-russet-battlement-checker-sentinel.png	c0f06cc9f43c261e8d689aacbe0444f7b55ff6f0535ea51ba4ac30ce14a7001e	Russet modular battlement sentinel with a black-white-cyan checker course and the source face fully replaced by the fixed aachat LCD.
nouns_classified_1973/B06-OBJ__Artifact_&_Architecture/noun-1945__head-wall.png	B06-OBJ__Artifact/aachat-forge-artifact-terracotta-mortar-bastion-keeper.png	9f749d92bc2ed4a23292c21939f869d58df0408d48768a33cd8288cef274c63a	Terracotta brick-wall head shell with pale mortar courses, charcoal modular body, and a centered golden plumb-bob masonry accent.
nouns_classified_1973/B06-OBJ__Artifact_&_Architecture/noun-1947__head-ring.png	B06-OBJ__Artifact/aachat-forge-artifact-sunlit-halo-tabard-warden.png	5738c2bfbab12997cf2ebed72a0e435d8b65b80cd6807bcb5dc13bf1639ed08c	Reference-mode Level 4 sunlit halo-tabard warden preserving the yellow head ring, cobalt tabard, coral brackets, and magenta crest; original face fully replaced by the fixed integrated LCD in coarse square 3D modules.
nouns_classified_1973/B06-OBJ__Artifact_&_Architecture/noun-1948__head-cassettetape.png	B06-OBJ__Artifact/aachat-forge-artifact-scarlet-cassette-harness-archivist.png	e002aa8c735e2ea67ea5cded7139daf45943d958bbd5a9aee534b6cb4f8f3e4b	Reference-mode Level 4 cassette archive courier; source cassette silhouette and scarlet-orange accents retained with olive modular body and golden harness-satchel, while the original face was fully replaced by the fixed frontal LCD.
nouns_classified_1973/B06-OBJ__Artifact_&_Architecture/noun-1950__head-piano.png	B06-OBJ__Artifact/aachat-forge-artifact-scarlet-keycrest-ivory-maestro.png	a30689827a89a3273ca1c7ee0fa6034e5a51f96367f67596872fa59b698682ca	Reference-mode Level 4 upright-piano maestro with an ebony stepped lid, scarlet structural LCD trim, square-module ivory and black keydeck, warm ivory checker body, and complete fixed-LCD face replacement.
nouns_classified_1973/B06-OBJ__Artifact_&_Architecture/noun-1952__head-snowman.png	B06-OBJ__Artifact/aachat-forge-artifact-ivory-snowcap-lodge-keeper.png	78d88cabe1d61620b26c4315dc0ed8298962909219f53f86b8dde020cb5900c6	Ivory snowcap lodge keeper with stepped snowy cornice, icy-cyan drip trim, warm chimney accents, sturdy gray plinth boots, and the source face fully replaced by the fixed aachat LCD.
nouns_classified_1973/B06-OBJ__Artifact_&_Architecture/noun-1954__head-treasurechest.png	B06-OBJ__Artifact/aachat-forge-artifact-sienna-vault-lid-steward.png	e186d5fc6fa58ae614d462eaf50590564804b4d456efaacab675cab231ee92cc	Reference mode Level 4: dark-walnut and aged-brass treasure-chest head, vermilion tunic with sparse turquoise inlay, original face fully replaced by the canonical LCD, and a consistently coarse square-module full body.
nouns_classified_1973/B06-OBJ__Artifact_&_Architecture/noun-1956__head-wall.png	B06-OBJ__Artifact/aachat-forge-artifact-terracotta-wall-coil-keeper.png	20576d648a4fa4537f5cff6e1692844d6ff38794a58d183d40229df92c97beaf	Reference-mode terracotta wall-coil keeper preserving the source's broad stacked-brick head, charcoal pillar body, and descending gold mechanism while structurally replacing the complete original face with the fixed aachat LCD; one-scale coarse square modules and generous full-body white margin.
nouns_classified_1973/B06-OBJ__Artifact_&_Architecture/noun-1959__head-bagpipe.png	B06-OBJ__Artifact/aachat-forge-artifact-mint-pennant-reed-piper.png	22cb4d21ac8e8892d843532eb87a825ada3b7b65c909a5b87600c244954ad658	Mint-green upright bagpipe guardian with a compact brown-and-green reed-pipe crown and restrained red, blue, and green pennant blocks; the source face is fully replaced by the integrated fixed aachat LCD.
nouns_classified_1973/B06-OBJ__Artifact_&_Architecture/noun-1961__head-wall.png	B06-OBJ__Artifact/aachat-forge-artifact-terracotta-brick-frieze-warden.png	27b66c7dc215cb3ab021c0f82e2007b2fa141f59b29a1dfb26a8165afa93c98f	Wide terracotta square-block wall head, rose-crimson column body, sparse turquoise civic frieze, and the source face fully replaced by the fixed aachat LCD.
nouns_classified_1973/B06-OBJ__Artifact_&_Architecture/noun-1962__head-wall.png	B06-OBJ__Artifact/aachat-forge-artifact-russet-brick-snowcrest-keeper.png	212b307bb20196c8249d889434e3c37d070d5e9e89bd86afe16301abb8d3038e	Russet brick parapet keeper with a pale stone-column body and white snowcrest relief; the source face is fully replaced by the fixed integrated cobalt aachat LCD.
nouns_classified_1973/B06-OBJ__Artifact_&_Architecture/noun-1963__head-wall.png	B06-OBJ__Artifact/aachat-forge-artifact-crimson-brickwork-bastion-keeper.png	4757af1791d20893ee75b981ce8c6a4701aaf046eda19008a43faaa20273caea	Crimson terracotta brickwork bastion with a charcoal column body and restrained magenta enamel accents; source face fully replaced by the fixed cobalt-glow aachat LCD and rebuilt from equal coarse square modules.
nouns_classified_1973/B06-OBJ__Artifact_&_Architecture/noun-1964__head-wall.png	B06-OBJ__Artifact/aachat-forge-artifact-terracotta-brickwork-bulwark-mason.png	f1cb9cef8937a273f9904081c3d3933dc79b844bd690dcbb2bc61ec5cb56da30	Terracotta square-module masonry bulwark mason with a broad stepped wall head, charcoal worker body, pale stone gear medallion, generous full-body margins, and the source face fully rebuilt around the fixed frontal aachat LCD.
nouns_classified_1973/B06-OBJ__Artifact_&_Architecture/noun-1967__head-wall.png	B06-OBJ__Artifact/aachat-forge-artifact-carmine-mortar-visor-mason.png	fc1abe29c193e8d0d9579c875386695efabe37c76474860c83e2408992f95c1d	Reference mode Level 4: broad carmine brick wall head rebuilt around canonical LCD, cobalt work-smock body, and golden masonry gauge; coarse square modules, full-body margins, pure-white studio.
nouns_classified_1973/B06-OBJ__Artifact_&_Architecture/noun-1969__head-fence.png	B06-OBJ__Artifact/aachat-forge-artifact-walnut-picket-violet-gatekeeper.png	1760b9791241d49b2a1ffdf2f17bcb230614402df9407a062deb1f3364864807	Reference-mode Level 4 preserves the walnut picket-fence head silhouette and violet torso while structurally replacing the original face with one integrated fixed LCD; coarse square 3D modules, white background, and full-body breathing room.
nouns_classified_1973/B06-OBJ__Artifact_&_Architecture/noun-1970__head-wall.png	B06-OBJ__Artifact/aachat-forge-artifact-brick-rampart-mason.png	f1fc48a59e5027c88a962425865dd280fdcbe6ecd7e6ddde6e26d1bb326f3e20	Broad terracotta brick rampart head structurally encloses the fixed LCD; muted green pier body and cool-gray mortar supports preserve the source design language in coarse modular 3D.
nouns_classified_1973/B06-OBJ__Artifact_&_Architecture/noun-1971__head-wall.png	B06-OBJ__Artifact/aachat-forge-artifact-terracotta-rampart-pillar-keeper.png	7dfaca199bb53fc468b817e98f4a1445b0ef158594fd57cda398e597a425d81e	Terracotta rampart pillar preserves the source wall-head silhouette and palette; the original face is fully replaced by the canonical LCD and the body uses consistent coarse square 3D modules.
nouns_classified_1973/B06-OBJ__Artifact_&_Architecture/noun-1972__head-wall.png	B06-OBJ__Artifact/aachat-forge-artifact-russet-brick-lintel-watchman.png	f7caebc4888c5a8b29fe4ba426445ff32ff523a7b2edec2744d152c02e062474	Reference-mode Level 4 russet brick-wall watchman with a stepped masonry crown, warm orange column body, pale angular arm, fixed LCD, coarse square 3D modules, and generous full-body white margin; first attempt passed visual and mechanical QA.
nouns_classified_1973/B07-MAT__Material_&_Mineral/noun-0006__head-rock.png	B07-MAT__Mineral/aachat-forge-mineral-violet-crag-bell-warden.png	c882b95cc7c41568c350fcbfa200f848e75cb52e168a880bf57b73c5e6d18649	Graphite crag-head warden with a violet tabard and gold bell pendant, built from coarse square 3D modules with the original face fully replaced by the fixed aachat LCD.
nouns_classified_1973/B07-MAT__Material_&_Mineral/noun-0074__head-lint.png	B07-MAT__Mineral/aachat-forge-mineral-lime-lint-cloud-keeper.png	ebd8e6913809d00217a658629c0d58ac586bbb731ca806cf914713577daead43	Lime compressed-fiber keeper with a powder-cyan cubic lint crown, magenta seam accents, and a fully integrated fixed LCD.
nouns_classified_1973/B07-MAT__Material_&_Mineral/noun-0076__head-sponge.png	B07-MAT__Mineral/aachat-forge-mineral-citron-porecap-teal-steward.png	b9198271aa44ceb1ab1821d63e78ba41b6e68861d74eddb5b54e9e3d1311e59d	Citron porous sponge crown around the fixed LCD over a tall jade-teal block tunic, with restrained coral accents and coarse square modules throughout.
nouns_classified_1973/B07-MAT__Material_&_Mineral/noun-0193__head-rock.png	B07-MAT__Mineral/aachat-forge-mineral-charcoal-cairn-inlay-keeper.png	cbd9d4a9cc82451bb02af1c799b5d7617a6bf6c347684f5adfc8d1a645226709	Compact charcoal cairn shell with an ochre column body, thin magenta structural seams, and sparse chartreuse square inlays.
nouns_classified_1973/B07-MAT__Material_&_Mineral/noun-0248__head-sponge.png	B07-MAT__Mineral/aachat-forge-mineral-citrine-pore-tower.png	106a8939186bd8695ab0b78a9b515001e1b71f937d254937d57abe108ea142ab	Porous citrine sponge-stone head over a pale sandstone column body; the original face is fully replaced by the fixed frontal LCD, with coarse square modules and generous full-body white margin.
nouns_classified_1973/B07-MAT__Material_&_Mineral/noun-0296__head-diamond-blue.png	B07-MAT__Mineral/aachat-forge-mineral-cobalt-diamond-steward.png	27331726eb7f42adce561fd19544136f0e74a368a1b0499b5150e17a8098e3d3	Reference-mode Level 4 cobalt-blue faceted diamond steward; original yellow glasses and complete face fully replaced by fixed aachat LCD; coarse block suit with amber-gold collar bands.
nouns_classified_1973/B07-MAT__Material_&_Mineral/noun-0299__head-diamond-red.png	B07-MAT__Mineral/aachat-forge-mineral-scarlet-prism-beacon.png	5ba668f052b1092833beb643a0266c0ce9bf39c8affc36fbf9a9d66007d1c191	Scarlet faceted diamond-beacon head with an ivory pillar body, descending prism chips, a fully replaced front LCD, and consistent coarse square modules.
nouns_classified_1973/B07-MAT__Material_&_Mineral/noun-0320__head-sponge.png	B07-MAT__Mineral/aachat-forge-mineral-citrine-pore-strata-warden.png	9a12f452dc970a3f65dabedae17829be9e7eff16ec4964adb69cc54d8179dd38	Porous citrine sponge-stone sentinel with stepped crown, square recesses, amber-russet strata, fixed cobalt aachat LCD, and complete source-face replacement in coarse square Level 4 modules.
nouns_classified_1973/B07-MAT__Material_&_Mineral/noun-0457__head-rock.png	B07-MAT__Mineral/aachat-forge-mineral-charcoal-crag-amethyst-warden.png	653adcb6f723a3380db24f6c1419a2333b864cff015e93c7fb7a0ccea9bd20aa	Charcoal crag shell with rust-red block tunic and restrained amethyst fractures; source face fully replaced by integrated aachat LCD.
nouns_classified_1973/B07-MAT__Material_&_Mineral/noun-0458__head-rock.png	B07-MAT__Mineral/aachat-forge-mineral-charcoal-crag-mosaic-sentinel.png	76b3755907bfa7c7f341389e694e2ceaab7578d48e1cc91d0cb98b13723450f7	Charcoal crag-crowned stone sentinel with a warm-brown slab body, sparse multicolor square inlays, generous full-body white margin, and the source face fully replaced by the fixed aachat LCD.
nouns_classified_1973/B07-MAT__Material_&_Mineral/noun-0470__head-sponge.png	B07-MAT__Mineral/aachat-forge-mineral-citron-pore-column-walker.png	adbc88d3f43dec1ed571f574070d4874609a663767f344e6be043eb0948deec7	Reference-mode Level 4 with a porous citron sponge head-shell, slender pale-gray column body, tiny red structural braces, coarse square 3D modules, and the original face fully replaced by the fixed aachat LCD.
nouns_classified_1973/B07-MAT__Material_&_Mineral/noun-0601__head-cottonball.png	B07-MAT__Mineral/aachat-forge-mineral-ivory-cotton-puff-keeper.png	924b7938221c8ce3d0a196773b77294419898e2e3969cd008287cd4d4de9f412	Oversized ivory cotton-puff head rebuilt from coarse square modules around the fixed LCD, with the source's slender pale body language extended into complete block-built limbs and broad feet.
nouns_classified_1973/B07-MAT__Material_&_Mineral/noun-0686__head-diamond-red.png	B07-MAT__Mineral/aachat-forge-mineral-crimson-diamond-column-keeper.png	ba6b8f9fe602eebd86f88dfea6bd95f61384b5bb8e5c4feb73218b0437d52576	Crimson faceted diamond-crown keeper with a vermilion-orange banded column body, fixed front-facing LCD, and consistent coarse square-module limbs and feet.
nouns_classified_1973/B07-MAT__Material_&_Mineral/noun-0728__head-cottonball.png	B07-MAT__Mineral/aachat-forge-mineral-ivory-cotton-chip-ranger.png	509009db40c1ec2f17b7768a6228a97a04d49ebf15482860233e88d9376f24ec	Ivory cotton-puff crown rebuilt as stepped coarse modules around the fixed LCD, with a compact charcoal suit, restrained vivid color-chip accents, and generous full-body white margin.
nouns_classified_1973/B07-MAT__Material_&_Mineral/noun-0774__head-cottonball.png	B07-MAT__Mineral/aachat-forge-mineral-ivory-cotton-stripe-keeper.png	04b74b7e75aa1b3d1b1f3100cb1da0f471a18311f7a39d8fc74e0c087b1c8018	Ivory block-built cotton-puff keeper with charcoal stripe bands and a structurally integrated fixed LCD fully replacing the source face.
nouns_classified_1973/B07-MAT__Material_&_Mineral/noun-0940__head-lint.png	B07-MAT__Mineral/aachat-forge-mineral-azure-fiber-column.png	34d635580f6ac0e707f934845922c0b3f8bfa3a9d0761af0846cfd57b804a221	Powder-blue coarse-module lint halo with magenta brackets above a tall canary-yellow column body; the source face was fully replaced by the fixed aachat LCD.
nouns_classified_1973/B07-MAT__Material_&_Mineral/noun-0953__head-lint.png	B07-MAT__Mineral/aachat-forge-mineral-azure-lint-halo-keeper.png	dc831457a3223db71b91523275e93a9e3e419fce0e51429045183b7b3c595c29	Reference-mode Level 4 lint-halo keeper preserving the powder-blue stepped fringe, white-and-sunflower checker-weave body, and compact upright silhouette; the original face is fully replaced by the fixed integrated aachat LCD in consistent coarse square 3D modules.
nouns_classified_1973/B07-MAT__Material_&_Mineral/noun-0960__head-cottonball.png	B07-MAT__Mineral/aachat-forge-mineral-ivory-cotton-puff-tender.png	3d9a59d676ab785252923f607659cf78b5f8925897c26bf75e4fa7534f9967d6	Warm ivory cotton-bale halo and column-tunic caretaker; source glasses and face fully replaced by the integrated frontal LCD, with coarse square modules and generous full-body white margin.
nouns_classified_1973/B07-MAT__Material_&_Mineral/noun-0973__head-rock.png	B07-MAT__Mineral/aachat-forge-mineral-granite-halo-crag-sentry.png	47341aa84b5d6b4bfa691d1993e3924cbe5a308f75935bc855effccf20c5555c	Broad layered granite crag halo around the fixed LCD, compact pale limestone block body, and restrained charcoal strata.
nouns_classified_1973/B07-MAT__Material_&_Mineral/noun-0978__head-rock.png	B07-MAT__Mineral/aachat-forge-mineral-slate-crag-watcher.png	254cc7b233019cb8fe44f21ed7150c1aa5823e7c869f84a6c31e872e874e0270	Slate-gray crag-headed coarse-module character with a slender charcoal body, cyan waist accents, and a structurally integrated canonical LCD fully replacing the original face.
nouns_classified_1973/B07-MAT__Material_&_Mineral/noun-1011__head-rock.png	B07-MAT__Mineral/aachat-forge-mineral-basalt-cairn-amulet-keeper.png	b7ce3806660c612ec0ee1f3f97a5de6b60175adca1cc97289856f22c1ff078f1	Charcoal basalt cairn keeper with irregular rock crown, umber monolith body, ochre shard amulet, fixed cobalt aachat LCD, and complete source-face replacement in coarse square Level 4 modules.
nouns_classified_1973/B07-MAT__Material_&_Mineral/noun-1097__head-lint.png	B07-MAT__Mineral/aachat-forge-mineral-powderblue-lint-checker-keeper.png	6e9605675c0e7d46598d8f18cd9a346fc9f1210d0fd6c2cb461c41054af843fa	Reference-mode Level 4 with a powder-blue lint/static crown, compact checker-banded body, bold magenta-cyan-yellow accents, coarse square 3D modules, and the original face fully replaced by the fixed aachat LCD.
nouns_classified_1973/B07-MAT__Material_&_Mineral/noun-1117__head-lint.png	B07-MAT__Mineral/aachat-forge-mineral-azure-lint-crown-roamer.png	3976773a102b39004965e8b2de77659f57f2766e5eb253cefef313441522078b	Level 4 Reference mode: preserved the pale-azure lint crown, orange block body, and white patchwork; completely replaced the original face with the fixed aachat LCD.
nouns_classified_1973/B07-MAT__Material_&_Mineral/noun-1125__head-lint.png	B07-MAT__Mineral/aachat-forge-mineral-mistblue-fiber-crown-keeper.png	675213616c6622773800da69b1910d7a5cabc3b76f3099566c0e99b733a38ad2	Compact mist-blue connected fiber crown, brown-and-ivory checker-weave body, restrained lime accents, fixed near-frontal cobalt LCD, and generous full-body white margins in consistent coarse square 3D modules.
nouns_classified_1973/B07-MAT__Material_&_Mineral/noun-1133__head-cottonball.png	B07-MAT__Mineral/aachat-forge-mineral-pearl-cotton-cloud-bearer.png	e82ab86becc608abcc74f027f01c9ebc19af7d1e536c0ec05d3f4656ecd1b074	Pearl-white cotton puff crown translated into coarse square modules over a slender ivory column body, with the original face fully replaced by the fixed cobalt-glow aachat LCD.
nouns_classified_1973/B07-MAT__Material_&_Mineral/noun-1150__head-rock.png	B07-MAT__Mineral/aachat-forge-mineral-graphite-crag-checker-roamer.png	9c36ae48ef3cb683fdfae759e6859215803344dd3ede2cca5aacc0c03fe3ffbc	Jagged graphite crag housing with orange-white checker modules and restrained cobalt accents; source face structurally replaced by the fixed aachat LCD.
nouns_classified_1973/B07-MAT__Material_&_Mineral/noun-1182__head-lint.png	B07-MAT__Mineral/aachat-forge-mineral-powderblue-lint-stripe-warden.png	a522e7c973e0b54002555f429dabb8382f3a4c0ecc9d274a7147503916e1aa47	Pale powder-blue lint halo and russet-ivory striped column sentinel rebuilt in coarse square modules with the source face fully replaced by the fixed LCD and generous full-body white margins.
nouns_classified_1973/B07-MAT__Material_&_Mineral/noun-1241__head-diamond-blue.png	B07-MAT__Mineral/aachat-forge-mineral-sapphire-facet-bearer.png	197c6fb62021e8a4ab5ea760866b202415b130efff32ecab31b35684a0f710c8	Level 4 sapphire-blue diamond head rebuilt from coarse square modules; the complete source face was replaced by one fixed integrated LCD while retaining the slim blue-white body language.
nouns_classified_1973/B07-MAT__Material_&_Mineral/noun-1288__head-lint.png	B07-MAT__Mineral/aachat-forge-mineral-azure-lint-checker-sentinel.png	dd2facc10636463e0edba6adb57f68d5366faf5270d4af05b69acc112d5672f0	Reference-mode Level 4 azure lint checker sentinel preserving the powder-blue stepped lint halo, slim black-and-white checker-knit silhouette, and cobalt accents; the original source face is fully removed and structurally replaced by the fixed integrated aachat LCD in consistent coarse square 3D modules.
nouns_classified_1973/B07-MAT__Material_&_Mineral/noun-1303__head-cottonball.png	B07-MAT__Mineral/aachat-forge-mineral-ivory-cotton-band-sentinel.png	757255e1e215d3ed94e93656a8cc281b44e29072b0030d2c14e5d15f2ba9e0c9	Stepped ivory cotton-puff head structurally frames the fixed LCD; cobalt, violet, and yellow bands carry the source palette across a compact charcoal block-built sentinel.
nouns_classified_1973/B07-MAT__Material_&_Mineral/noun-1317__head-lint.png	B07-MAT__Mineral/aachat-forge-mineral-azure-lint-crest-sentinel.png	32096bf808a02d8e75309c4591a255f6dc98518f8308e9be6661c5b42beb6ee8	Reference-mode Level 4 mineral sentinel preserving the source azure lint crest, violet column body, coral LCD housing band, and lime inlays in coarse square 3D modules with the original face fully replaced by the fixed aachat LCD.
nouns_classified_1973/B07-MAT__Material_&_Mineral/noun-1447__head-diamond-blue.png	B07-MAT__Mineral/aachat-forge-mineral-cobalt-diamond-crown-sentinel.png	cad2e5f855c5acc7b1a2b1cab817e844d85d4400829b8eb717568a3e7052130c	Reference-mode Level 4 with a cobalt faceted diamond crown-shell built around the fixed 28:17 LCD, a matte-white modular body, and restrained graphite joints.
nouns_classified_1973/B07-MAT__Material_&_Mineral/noun-1466__head-lint.png	B07-MAT__Mineral/aachat-forge-mineral-powderblue-lint-diamond-keeper.png	f61ddb739ae5bf4205441898961c1610402b7c098b500680b1ca99a541de1b20	Powder-blue coarse lint-cloud crown, cobalt-white diamond-lattice body, broad block boots, and complete source-face replacement around the fixed aachat LCD.
nouns_classified_1973/B07-MAT__Material_&_Mineral/noun-1503__head-diamond-red.png	B07-MAT__Mineral/aachat-forge-mineral-ruby-facet-pillar-keeper.png	26615afe2f0411a8ae4f92742b70bb9e9d6b45035b15828b5c392d189d33b3a6	Ruby-red faceted diamond crown structurally built around the fixed LCD over a vermilion-coral banded pillar body with pale block feet and coarse square Level 4 modules.
nouns_classified_1973/B07-MAT__Material_&_Mineral/noun-1551__head-cottonball.png	B07-MAT__Mineral/aachat-forge-mineral-ivory-cotton-lime-guide.png	3f6dde036c86ef1848960e37037b5ad2c64eb83f1952d7639c71f483bc9b2ec9	Oversized ivory cotton-module halo structurally integrates the fixed frontal LCD; slim lime body, violet center stripe, complete limbs, broad shoes, and generous white full-body clearance preserve the source design language.
nouns_classified_1973/B07-MAT__Material_&_Mineral/noun-1567__head-lint.png	B07-MAT__Mineral/aachat-forge-mineral-frost-lint-ember-keeper.png	95b83ccf5f895d23acbeeb1847d903736a4ad0ad4aec3d587e2bcc109f123284	Frost-blue lint crown and lime LCD bezel preserved over an ember-orange coarse-module body; original face fully replaced by the fixed aachat LCD.
nouns_classified_1973/B07-MAT__Material_&_Mineral/noun-1569__head-sponge.png	B07-MAT__Mineral/aachat-forge-mineral-lemon-pore-crown-keeper.png	eeb7a59e9a0bb1ac60ac462d466cc099cab7b53d05aa9a1f4dca7e962d16f837	Level 4 reference reinterpretation preserving the pale-aqua slender body, lemon-yellow porous sponge crown, and vivid green rim accents; original face fully replaced by the fixed integrated LCD in one-scale coarse square modules.
nouns_classified_1973/B07-MAT__Material_&_Mineral/noun-1630__head-diamond-red.png	B07-MAT__Mineral/aachat-forge-mineral-crimson-facet-crown-warden.png	d62727f69c303ddf974214a03d4f67a8014a7a35a203bedc276837a895046dbe	Crimson stepped diamond-crown guardian with restrained gold seams, compact white block body, and a structurally integrated fixed aachat LCD.
nouns_classified_1973/B07-MAT__Material_&_Mineral/noun-1638__head-lint.png	B07-MAT__Mineral/aachat-forge-mineral-powderblue-lint-nimbus-warden.png	3810f5dee71a402e1ebc27c21bb800d8e0b4de0bfa2beee78b40a75c5b6d4950	Powder-blue lint nimbus framing an integrated LCD over a charcoal block robe with a vivid magenta sash; coarse square modules and generous full-body margins.
nouns_classified_1973/B07-MAT__Material_&_Mineral/noun-1689__head-sponge.png	B07-MAT__Mineral/aachat-forge-mineral-saffron-pore-necktie-steward.png	1861470f3ea35274f7ff7d195a6f3064c7468ab40eedc150c1bea6353e78c0bc	Porous saffron sponge-head steward in a black modular suit with a geometric gold necktie, rebuilt around the canonical aachat LCD.
nouns_classified_1973/B07-MAT__Material_&_Mineral/noun-1714__head-rock.png	B07-MAT__Mineral/aachat-forge-mineral-charcoal-crag-rust-strider.png	c2c2cade4c19952885f39a34ebe3f0b91366ac946a6305e67dde553f05902321	Reference-mode Level 4 charcoal crag sentinel preserving the irregular dark-rock head, rust-red column body, and pale slim legs; the source face is fully replaced by the fixed integrated aachat LCD, with consistent coarse square 3D modules and generous full-body white margins.
nouns_classified_1973/B07-MAT__Material_&_Mineral/noun-1733__head-diamond-red.png	B07-MAT__Mineral/aachat-forge-mineral-scarlet-facet-chain-steward.png	f80e75f8a567869f8f9ec2be82eb94a916c8c66bb179939a00136e8585101789	Scarlet faceted diamond head rebuilt around the fixed LCD, with charcoal formal modules and a restrained gold chain.
nouns_classified_1973/B07-MAT__Material_&_Mineral/noun-1818__head-rock.png	B07-MAT__Mineral/aachat-forge-mineral-basalt-crown-stripe-warden.png	326b7caf308efdf7aff8aeb1e1dbfd5cd2bcede673d8e5115ecb08c410455384	Irregular charcoal basalt crown with a restrained green inset rim and red-white banded modular body, rebuilt around the fixed aachat LCD in coarse square 3D modules.
nouns_classified_1973/B07-MAT__Material_&_Mineral/noun-1840__head-diamond-blue.png	B07-MAT__Mineral/aachat-forge-mineral-cobalt-facet-amulet-warden.png	1509a4a643642c190b9308a32f9080d7a8c224bd4ec39edcef6dbd7ea3affdbb	Cobalt faceted diamond head rebuilt around the fixed LCD, with an emerald modular tunic, centered gold amulet, and generous full-body white margins.
nouns_classified_1973/B07-MAT__Material_&_Mineral/noun-1845__head-lint.png	B07-MAT__Mineral/aachat-forge-mineral-scarlet-lint-checker-custodian.png	a7148a96d21dfa5b2eb827f7dcb42d239218b4af0a8ead0376eadd62285711cf	Contiguous powder-blue lint-module LCD head with a scarlet-charcoal checker work tunic, charcoal limbs, scarlet cuffs, and broad block shoes.
nouns_classified_1973/B07-MAT__Material_&_Mineral/noun-1916__head-lint.png	B07-MAT__Mineral/aachat-forge-mineral-powderblue-lint-patchwork-tailor.png	a1a9414b10c216a8e0e8bd1cc7b6aeda6411bea9e9bd48065dd85ad1f7e10b00	Powder-blue lint-cloud crown, charcoal modular tunic, and restrained multicolor fiber patches rebuilt around the fixed aachat LCD.
nouns_classified_1973/B08-NAT__Nature_&_Element/noun-0043__head-jupiter.png	B08-NAT__Nature/aachat-forge-nature-storm-orbit-herald.png	e57c4a099ced7f8e0b1cf14f8c911114912cd0a2e58affde7e5c049f237de902	Legacy Level 4 pilot completed before the 1,969-image batch.
nouns_classified_1973/B08-NAT__Nature_&_Element/noun-0045__head-island.png	B08-NAT__Nature/aachat-forge-nature-amber-atoll-palm-warden.png	a3822948d2a33ad68d2e29e2f63b210745c4ba5850bd6e74759ddac3fad91992	Amber atoll-palm warden retaining the source island palette, twin palms, and slender proportions; the original face was structurally replaced by the fixed aachat LCD.
nouns_classified_1973/B08-NAT__Nature_&_Element/noun-0054__head-sunset.png	B08-NAT__Nature/aachat-forge-nature-verdant-sunset-halo-keeper.png	f14d36bc42388d1038ddaacf88b2ba54f80a63c106551833747ab16de7ae9775	Orange-gold stepped sunset halo with a plain olive modular body and structurally integrated fixed LCD.
nouns_classified_1973/B08-NAT__Nature_&_Element/noun-0059__head-island.png	B08-NAT__Nature/aachat-forge-nature-tropic-crown-wayfinder.png	b4f822e267cd5cfb02d9dd612f2d8e5254bd568f72be5d8277a7441000585bd6	Reference-mode Level 4 tropical island wayfinder; sandy LCD head, magenta tower body, brown trunk, and dual-green palm crown in consistent coarse square modules; source eyes and emblem fully removed.
nouns_classified_1973/B08-NAT__Nature_&_Element/noun-0064__head-moon.png	B08-NAT__Nature/aachat-forge-nature-ivory-crater-moon-pilgrim.png	4bd24933579648d9d1ff1fba50b1aee92e1f42f8c76f75914990740495945a15	Ivory cratered moon-disc pilgrim rebuilt in coarse square modules with restrained amber structural bands and complete source-face replacement by the fixed aachat LCD.
nouns_classified_1973/B08-NAT__Nature_&_Element/noun-0068__head-saturn.png	B08-NAT__Nature/aachat-forge-nature-scarlet-orbit-crown-keeper.png	4695fa79cc6b6ebb5e94eb5fd8090c29b7f894c855e4dc34466e1b962158f033	Reference-mode Level 4 retaining the source's golden Saturn crown, white orbital ring, scarlet column body, and cobalt accents, rebuilt as coarse square modules with the original face fully replaced by the fixed aachat LCD.
nouns_classified_1973/B08-NAT__Nature_&_Element/noun-0080__head-earth.png	B08-NAT__Nature/aachat-forge-nature-verdant-atlas-wayfarer.png	4c0fd81b0a271151de55a4009f1fafe7637207783cb1737ce4c38cd65e62cea3	Earth-globe head rebuilt from cobalt ocean and vivid green land modules around the fixed LCD, with a simple charcoal block body and generous full-body white margin.
nouns_classified_1973/B08-NAT__Nature_&_Element/noun-0082__head-lightning-bolt.png	B08-NAT__Nature/aachat-forge-nature-citron-thunder-robe-conductor.png	e27e149c36d49119a7e6b5756c8a7576be6043dd9a952e719e8c2080dfd39af9	Citron lightning silhouette with an olive ribbed robe-body, rebuilt from coarse square modules around the fully integrated fixed aachat LCD.
nouns_classified_1973/B08-NAT__Nature_&_Element/noun-0090__head-volcano.png	B08-NAT__Nature/aachat-forge-nature-ember-crater-mosaic-warden.png	8061103cb59d6f5112daa81a8124fc489871fb7bf115bfa265f7e4872c714258	Compact stepped charcoal-basalt volcano sentinel with a red-orange crater crown, restrained multicolor mosaic modules, and a structurally integrated fixed aachat LCD replacing the source face.
nouns_classified_1973/B08-NAT__Nature_&_Element/noun-0112__head-earth.png	B08-NAT__Nature/aachat-forge-nature-azure-world-pedestal-keeper.png	e869b94a285b8f027cc60410c423a02f14d53928a1514a418251177d9dc80ecc	Earth-globe mantle in azure and fresh green over a soil-brown pedestal body, built from coarse square modules with the original face fully replaced by the fixed aachat LCD.
nouns_classified_1973/B08-NAT__Nature_&_Element/noun-0124__head-earth.png	B08-NAT__Nature/aachat-forge-nature-cobalt-globe-column-warden.png	2829a28aa7d4b5f9d7f52f623747694b514b56eec796ef93aab3bd3d6c143aea	Reference mode Level 4: source globe-head and cobalt column silhouette preserved; original face fully replaced by fixed front-facing aachat LCD; coarse same-scale square 3D modules; one full body on neutral-white high-key background with safe margins.
nouns_classified_1973/B08-NAT__Nature_&_Element/noun-0133__head-tornado.png	B08-NAT__Nature/aachat-forge-nature-ashen-cyclone-anchor-bearer.png	018aeef0306887b4364c7c632dd084ef693754f3ab2b469f59bd282ab1843e68	Ashen stepped cyclone bearer with chartreuse bands and a golden anchor, using a fully integrated fixed aachat LCD.
nouns_classified_1973/B08-NAT__Nature_&_Element/noun-0158__head-lightning-bolt.png	B08-NAT__Nature/aachat-forge-nature-sunlit-zigzag-charge-runner.png	b90945098bd8fadbd1d6e7ce8005011c7fe806d7109acfcf959a8a2edcac25b1	Reference-mode sunlit yellow lightning-zigzag runner with a warm-orange block torso, chest-bolt badge, complete source-face replacement by the fixed 28U-by-17U cobalt LCD, and generous full-body white margins.
nouns_classified_1973/B08-NAT__Nature_&_Element/noun-0160__head-star-sparkles.png	B08-NAT__Nature/aachat-forge-nature-golden-star-checker-herald.png	4b1ee2ac492e75fe947003dd7d49e7d1abff92e3c722a6447f5324680c2e4dfb	Golden modular star crown with sparkle satellites and a green-orange checker herald body; source sunglasses and face fully replaced by the fixed aachat LCD.
nouns_classified_1973/B08-NAT__Nature_&_Element/noun-0162__head-sunset.png	B08-NAT__Nature/aachat-forge-nature-amber-afterglow-halo-keeper.png	db07331202a7fb25900e24525c6831601c2fb53dac4b8fb104b497da3a5f63d4	Broad stepped amber sunset corona with a charcoal tunic body and golden limbs; original face fully replaced by the integrated aachat LCD.
nouns_classified_1973/B08-NAT__Nature_&_Element/noun-0168__head-rainbow.png	B08-NAT__Nature/aachat-forge-nature-prismatic-archway-warden.png	9284c4376a705d0be7caf3c4f951304678856da10e1687dbb487b7a39ab63341	Stepped full-spectrum arch structurally frames the fixed front-facing LCD; cream coarse-module body with restrained forest-green accents preserves the source motif while fully replacing its original face.
nouns_classified_1973/B08-NAT__Nature_&_Element/noun-0174__head-moon.png	B08-NAT__Nature/aachat-forge-nature-pearl-lunar-robe-sage.png	3b3aee6ea8e0becaf084c9f394eac74548dae8cff586c888f7088f720c0da212	Pearl cratered lunar head shell, ochre scholar robe, jade trim, and modular staff, with the source face and blue eyewear fully replaced by the fixed integrated aachat LCD.
nouns_classified_1973/B08-NAT__Nature_&_Element/noun-0182__head-blackhole.png	B08-NAT__Nature/aachat-forge-nature-prismatic-event-horizon-keeper.png	5a0f988ed2bb25e92e63047bfa7c08c7764c330483d8aeb5637ee4f4676db379	Prismatic event-horizon keeper with a block-built magenta orbit halo, dark cosmic crown, stacked rainbow body, and fully integrated fixed LCD.
nouns_classified_1973/B08-NAT__Nature_&_Element/noun-0210__head-wave.png	B08-NAT__Nature/aachat-forge-nature-cobalt-wave-heart-keeper.png	6b16c521cc0c430255e6dd4dc4842da23e71e9c86ababe933af54389590c9705	Deep-cobalt curling wave shell, warm-yellow LCD brackets, black block robe, and white heart inlay; original face fully replaced by fixed aachat LCD.
nouns_classified_1973/B08-NAT__Nature_&_Element/noun-0216__head-island.png	B08-NAT__Nature/aachat-forge-nature-emerald-palm-cay-wanderer.png	f138a22430b35ab690f7ed2a82905810b5bbb555a5f848c2b71333d42a3093f2	Reference-mode Level 4 tropical islet wanderer with twin palm crown, stepped ochre sand head, moss-green landmass body, fixed LCD, and generous full-body white margin; first attempt rejected for insufficient framing, second passed.
nouns_classified_1973/B08-NAT__Nature_&_Element/noun-0265__head-island.png	B08-NAT__Nature/aachat-forge-nature-saffron-palm-totem-keeper.png	59d6714180503ae6024cd3b316e73de21097fbc111eeeb8b7adeec4cc3140347	Saffron sand-islet LCD head with twin coarse-block palms over a pale stone totem body; original red eyes and purple marks fully removed.
nouns_classified_1973/B08-NAT__Nature_&_Element/noun-0267__head-sunset.png	B08-NAT__Nature/aachat-forge-nature-apricot-horizon-ribbon-keeper.png	121df3f78046e50911f89f217c006fc23985eeb3b2ff08d99dd9caf307c13e0b	Apricot-orange sunset disk keeper with a golden horizon frame, restrained spectrum-ribbon torso, fixed frontal aachat LCD, and consistent coarse square 3D modules.
nouns_classified_1973/B08-NAT__Nature_&_Element/noun-0277__head-wave.png	B08-NAT__Nature/aachat-forge-nature-cobalt-wavecrest-golden-mason.png	30c01a2963f97a9ca18702d840d7ade667551aa54f4b766a46801fba26ab470c	Cobalt cresting-wave head rebuilt around the fixed aachat LCD; golden stacked-masonry full body in coarse square modules with generous white margin.
nouns_classified_1973/B08-NAT__Nature_&_Element/noun-0305__head-mountain-snowcap.png	B08-NAT__Nature/aachat-forge-nature-cobalt-snowpeak-ridgekeeper.png	d9af3b62f5cd3f3e9bfbbe424231e185851ac8a9e05516fd78066ac8c627d06e	Snow-capped peak guardian with stepped green ridge housing and cobalt-white mosaic body; original face fully replaced by the fixed integrated LCD.
nouns_classified_1973/B08-NAT__Nature_&_Element/noun-0308__head-sunset.png	B08-NAT__Nature/aachat-forge-nature-tangerine-dusk-halo-herald.png	676142d3c556e387c188a5b5193298c941f646ff56592b0a32f794de2aa48712	Sunset-headed herald with a stepped tangerine-gold halo, pale sky-blue column robe, integrated fixed LCD, and consistent coarse square modules.
nouns_classified_1973/B08-NAT__Nature_&_Element/noun-0319__head-blackhole.png	B08-NAT__Nature/aachat-forge-nature-violet-void-halo-warden.png	92005b9dca2c7c9c844ad4b3aa85de4f65ee4b56e83e4a6c0c613d6f27738e96	slim obsidian square-module warden with an attached violet-pink event halo and cyan seam tiles; original face fully replaced by the fixed aachat LCD
nouns_classified_1973/B08-NAT__Nature_&_Element/noun-0327__head-moon.png	B08-NAT__Nature/aachat-forge-nature-silver-moon-shroud-keeper.png	4829477fc2d879af23bc4bfd41c786b7257d17fd006ee6d7ddd325af29f89e56	Reference-mode Level 4 silver moon shroud keeper with a stepped ivory crater shell, charcoal block robe, fixed cobalt-glow aachat LCD fully replacing the source face, consistent coarse square 3D modules, and generous white full-body margins.
nouns_classified_1973/B08-NAT__Nature_&_Element/noun-0334__head-cloud.png	B08-NAT__Nature/aachat-forge-nature-scarlet-cloud-pillar-wayfarer.png	d0ddde29cd9680e00b6955b00c35261f3bbc23cd78ea43854bf6acf2f0b0c19a	Soft white cloud-module head structurally wraps the fixed LCD; scarlet-orange torso bands and warm brown pillar limbs preserve the source motif.
nouns_classified_1973/B08-NAT__Nature_&_Element/noun-0346__head-saturn.png	B08-NAT__Nature/aachat-forge-nature-amber-orbit-pilgrim.png	f16ec13dd986e8aa5d0a93f9cdb48e54f9620b72af6a0f2714e9512f37979630	Amber Saturn pilgrim with red-orange equatorial shell, white modular orbit, pale-gray suit, black diagonal sash, and exact cobalt-glow LCD face.
nouns_classified_1973/B08-NAT__Nature_&_Element/noun-0351__head-volcano.png	B08-NAT__Nature/aachat-forge-nature-cinder-crater-strata-sentinel.png	a43f322a50175626b8fc10b08f854c2f777aa33c4492b7aa01bab2bb0c0790cc	Reference-mode Level 4 retaining the source's broad charcoal volcano shell, contained red-orange crater crown, and warm layered strata rhythm, rebuilt from coarse square 3D modules with the original face fully replaced by the fixed aachat LCD.
nouns_classified_1973/B08-NAT__Nature_&_Element/noun-0356__head-lightning-bolt.png	B08-NAT__Nature/aachat-forge-nature-canary-bolt-checker-runner.png	a18b2dc23aa5b14bdf66aa9502e6e87e331699a52977c771d6e18c7147593718	Stepped canary lightning-bolt shell around a fully integrated fixed LCD, with cyan-magenta bands and a bold checker runner kit rebuilt in coarse square modules.
nouns_classified_1973/B08-NAT__Nature_&_Element/noun-0366__head-saturn.png	B08-NAT__Nature/aachat-forge-nature-scarlet-ringhelm-skywarden.png	1b9a8ed46c1d836593abe56f22966f3cc29fc572fc6f889a09a25e22f755dde3	Reference-mode Level 4: scarlet-orange Saturn ring-head rebuilt around the canonical LCD, with a powder-blue cobalt block suit and consistent coarse square 3D modules.
nouns_classified_1973/B08-NAT__Nature_&_Element/noun-0384__head-moon.png	B08-NAT__Nature/aachat-forge-nature-citron-crater-halo-warden.png	ad9c076685bbf8418e3475b21ad64f4393e6ddda23ef362eb588a9f411e5f222	Pale cratered moon-shell warden with citron modular tunic and gray straps; original face fully replaced by the fixed cobalt LCD.
nouns_classified_1973/B08-NAT__Nature_&_Element/noun-0397__head-saturn.png	B08-NAT__Nature/aachat-forge-nature-golden-orbit-ring-sentinel.png	474c49808ee2206243947f75b78467e1e57311275215efe221642a2530a6e535	Golden Saturn-ring sentinel preserving the source's yellow crown, red-magenta body, white orbit, and red-blue fragments; original face fully replaced by the fixed aachat LCD in coarse Level 4 square modules.
nouns_classified_1973/B08-NAT__Nature_&_Element/noun-0398__head-volcano.png	B08-NAT__Nature/aachat-forge-nature-ember-caldera-pathkeeper.png	5400739672d8434fff43a54bcb7dded43cfeebb35c1282f9bd104d1a03e8ee36	Charcoal-basalt stepped volcano head with a glowing red-orange caldera crown, grass-green block tunic, muted stone limbs, one small pink fissure accent, and complete source-face replacement by the fixed aachat LCD.
nouns_classified_1973/B08-NAT__Nature_&_Element/noun-0452__head-cloud.png	B08-NAT__Nature/aachat-forge-nature-ivory-nimbus-tower-keeper.png	dfa575375052c36392ad0899914636f3201b55baf9d8258e8bc658427ae99870	Stepped ivory cloud head rebuilt around the fixed LCD above a coral tower body, using consistent coarse square modules and a retained checker aperture motif.
nouns_classified_1973/B08-NAT__Nature_&_Element/noun-0461__head-island.png	B08-NAT__Nature/aachat-forge-nature-sunlit-palm-mesa-keeper.png	70c23fc5e7a4f042f8902504b5d17cfdf49c6b87ca375590a37aab6f1214bc2c	Reframed the pixel head-island as a sunlit sandstone mesa keeper with twin block palms and a turquoise cliff waterfall, replacing the full original face with the fixed integrated aachat LCD.
nouns_classified_1973/B08-NAT__Nature_&_Element/noun-0482__head-lightning-bolt.png	B08-NAT__Nature/aachat-forge-nature-golden-bolt-checker.png	81985bf8dab655106d989d2ec6a07df84df07b598a6e0e7bad70b10834e85ac5	Golden stepped lightning crest with charcoal checker-grid body and restrained red connector accents; original face fully replaced by the fixed cobalt-glow LCD.
nouns_classified_1973/B08-NAT__Nature_&_Element/noun-0491__head-wave.png	B08-NAT__Nature/aachat-forge-nature-cobalt-breaker-crest-sentinel.png	2473c8e07b27e35abf2214ed8890e9e51ca9611fdce0418bc784d7ddf199f189	Cobalt curling breaker crest with stepped white foam modules over an integrated frontal LCD; compact white-and-blue block guardian.
nouns_classified_1973/B08-NAT__Nature_&_Element/noun-0500__head-cloud.png	B08-NAT__Nature/aachat-forge-nature-ivory-nimbus-violet-keeper.png	d7b12c1517119c4d6d90730486db5c02b29012f8e9ebdc60133dcaa80a2be0ae	Ivory stepped cloud-crown guardian with violet tabard, ochre trim, centered black sun-medallion, fully integrated fixed LCD, coarse square modules, and roomy white studio framing.
nouns_classified_1973/B08-NAT__Nature_&_Element/noun-0503__head-lightning-bolt.png	B08-NAT__Nature/aachat-forge-nature-saffron-bolt-column-conductor.png	6258a4350359c92ebc32ee4c801cd9c82513d20232b76a74dc3417843402281a	Broad saffron lightning crown and cobalt-violet column body rebuilt in uniform coarse square modules around the exact fixed LCD.
nouns_classified_1973/B08-NAT__Nature_&_Element/noun-0507__head-rainbow.png	B08-NAT__Nature/aachat-forge-nature-scarlet-spectrum-cascade-keeper.png	6351a3be4a5d11933707d1c2c3c55266ab0ab24ddfee3a14cb6d1f6ddb3b1804	Scarlet block totem preserving the source's stepped spectrum crown and multicolor torso cascade, with the original face fully rebuilt as the fixed aachat LCD.
nouns_classified_1973/B08-NAT__Nature_&_Element/noun-0515__head-blackhole.png	B08-NAT__Nature/aachat-forge-nature-obsidian-singularity-mantle-keeper.png	40e6aed34a41516627d29899e84122e39dafa95e8f56a01900f98885e5befc7d	Reference-mode Level 4 black-hole figure with an obsidian modular mantle, magenta accretion-ring modules, sparse violet orbit cubes, and the original face fully rebuilt as the fixed frontal aachat LCD.
nouns_classified_1973/B08-NAT__Nature_&_Element/noun-0524__head-earth.png	B08-NAT__Nature/aachat-forge-nature-verdant-globe-gridwalker.png	5ab4af30067f89a7ddac2e453172dcbe9d8e559773274285a5bbca56c7fac3ad	Reference-mode Level 4 verdant globe gridwalker preserving the blue-green Earth silhouette and cobalt checker body, rebuilt in coarse square 3D modules with the original face fully replaced by the fixed integrated aachat LCD.
nouns_classified_1973/B08-NAT__Nature_&_Element/noun-0547__head-saturn.png	B08-NAT__Nature/aachat-forge-nature-saffron-ringed-scarf-rover.png	18356c9d57eba5171152b76f55a7c724084cb1f510164b4802875ddf4823e3d4	Reference-mode Level 4 saffron ringworld scarf rover preserving the source's golden planet head, chunky red-white orbital scarf, compact dark suit, and blue-green accents; original face fully replaced by the fixed LCD with generous full-body white margin.
nouns_classified_1973/B08-NAT__Nature_&_Element/noun-0561__head-wave.png	B08-NAT__Nature/aachat-forge-nature-cobalt-breaker-crest.png	9dfa1fddc4f5b3e72484800f81520ea24be9f5d865fe56a637f74b55a8d10119	Cobalt breaking-wave crest over a rust-red block body; fixed frontal LCD fully replaces the source face.
nouns_classified_1973/B08-NAT__Nature_&_Element/noun-0568__head-star-sparkles.png	B08-NAT__Nature/aachat-forge-nature-lemon-star-crown-scout.png	6b8da93739d2f4adc207e1e5ee354eeb239060896bde0270cec1a080de47c7d5	Golden modular star-crown scout with mint block body and orbiting sparkles; original face and red glasses fully replaced by the fixed aachat LCD.
nouns_classified_1973/B08-NAT__Nature_&_Element/noun-0574__head-jupiter.png	B08-NAT__Nature/aachat-forge-nature-coral-banded-globe-envoy.png	aeb9a14584f94562c169a0bd9e5a9a44d080de666c630510d4ce85719c2f0bbd	Warm coral, apricot, and cream Jovian cloud bands form an oversized coarse-module globe head around the fixed frontal aachat LCD, paired with a compact pale block-built envoy body and restrained red accents.
nouns_classified_1973/B08-NAT__Nature_&_Element/noun-0597__head-star-sparkles.png	B08-NAT__Nature/aachat-forge-nature-golden-spark-crown-bearer.png	023f788b0feb421befecb8afc7a96a29bb8d18ac49f996a536c42dc06025b21e	Golden five-point spark-crown bearer with attached block spark ornaments, deep-green tunic, stepped ivory trim, and canonical 1.65:1 LCD fully replacing the source face.
nouns_classified_1973/B08-NAT__Nature_&_Element/noun-0605__head-earth.png	B08-NAT__Nature/aachat-forge-nature-verdant-globe-checker-rover.png	65e534775b51a02c5bcc5711f546b2b4531059e93fcdf00e579fff780a0f8f46	Blue-green modular globe shell structurally frames the fixed LCD above a crimson checker torso and balanced block-built rover limbs.
nouns_classified_1973/B08-NAT__Nature_&_Element/noun-0608__head-blackhole.png	B08-NAT__Nature/aachat-forge-nature-scarlet-accretion-halo-pilgrim.png	705db6f8fffb83257bfc1ec414405087dc7b70239cd466275a08ff83e318eef4	Reference-mode Level 4 black-hole pilgrim with a stepped scarlet-pink accretion halo, russet modular body, sparse violet orbit accents, and the complete original face rebuilt as the fixed frontal aachat LCD.
nouns_classified_1973/B08-NAT__Nature_&_Element/noun-0622__head-jupiter.png	B08-NAT__Nature/aachat-forge-nature-coral-banded-jovian-envoy.png	c9b38a75cc9243767ad75b8a63cf7d657bdfa1e88b65052a6c27158153ed8982	Coral-banded Jupiter head rebuilt around the fixed aachat LCD, with a compact ochre envoy body and cobalt chest tab in consistent coarse square modules.
nouns_classified_1973/B08-NAT__Nature_&_Element/noun-0663__head-cloud.png	B08-NAT__Nature/aachat-forge-nature-cobalt-cloud-checker-sentinel.png	0025238a3886647747d06f7f63a2ba971a0307b1e71e5ab915972499fce70fae	White stepped cloud-crown and cobalt-charcoal checker body preserved as coarse square modules; source face fully replaced by the fixed integrated LCD.
nouns_classified_1973/B08-NAT__Nature_&_Element/noun-0665__head-star-sparkles.png	B08-NAT__Nature/aachat-forge-nature-lemon-starburst-crown-herald.png	fbc3f24764eb08eaf00b61162fe78248644c2fa5f82811fa7709b61f012de935	Golden-yellow modular starburst crown with attached sparkle rays, coral tunic, pale block gloves, charcoal shoes, and a fully integrated fixed aachat LCD replacing the original face.
nouns_classified_1973/B08-NAT__Nature_&_Element/noun-0697__head-moon.png	B08-NAT__Nature/aachat-forge-nature-ivory-lunar-sash-strider.png	62d0f2854a7530eb3a5e46a64ed072ce14de9337245294bb37b0cae2a5e9f47e	Oversized ivory crater-moon shell rebuilt around the fixed LCD, with slim terracotta modules and an emerald sash.
nouns_classified_1973/B08-NAT__Nature_&_Element/noun-0699__head-moon.png	B08-NAT__Nature/aachat-forge-nature-ivory-crater-mantle-keeper.png	6bb45c3486f5ddd86584b9c730f31bd336538183649e818d0c6b1b948d4f5d9d	Ivory crater-moon shell structurally integrates the fixed LCD above an oxide-red mantle and gold lunar-orbit medallion, using coherent coarse square modules and generous full-body framing.
nouns_classified_1973/B08-NAT__Nature_&_Element/noun-0725__head-lightning-bolt.png	B08-NAT__Nature/aachat-forge-nature-citron-lightning-cowl-runner.png	1d14057418070fb8488e70655b2dd71080a8f81dbc1d4492614c0d074583ff78	Yellow lightning-cowl silhouette over a plain vermilion block runner; fixed LCD fully replaces the source face.
nouns_classified_1973/B08-NAT__Nature_&_Element/noun-0744__head-moon.png	B08-NAT__Nature/aachat-forge-nature-alabaster-crater-cowl-pilgrim.png	36c52c38d83d3ae650941bc68ece5b9dc4bcd6dde765f4ccda964d2df7a0665c	Pale cratered moon cowl rebuilt as one-scale alabaster square modules over a slim pilgrim body, with the original face fully replaced by the fixed frontal LCD.
nouns_classified_1973/B08-NAT__Nature_&_Element/noun-0746__head-lightning-bolt.png	B08-NAT__Nature/aachat-forge-nature-citrine-boltcrest-coral-runner.png	b7b7f5eee6e25be2fba6ef3a7d3ef7ad0c8a81c01ac335c70f9ab035d9195742	Reference-mode Level 4 preserves the source's jagged citrine lightning crest, cobalt accents, and coral striped runner body while structurally replacing the full original face with the fixed aachat LCD in coarse square modules.
nouns_classified_1973/B08-NAT__Nature_&_Element/noun-0765__head-saturn.png	B08-NAT__Nature/aachat-forge-nature-amber-ringworld-stargazer.png	bd48c616e4e0935007a1d0bab378b756e88cc8f19fb000262d278fc39048beaa	Amber/yellow ringed-planet helmet and orange vertical body rebuilt from coarse square modules; white orbital bands and restrained cobalt satellites retained, with the original red face fully replaced by the fixed compact aachat LCD.
nouns_classified_1973/B08-NAT__Nature_&_Element/noun-0770__head-saturn.png	B08-NAT__Nature/aachat-forge-nature-golden-ring-sash-scholar.png	b5f1d69cf2c07b491b52746f0fcd04cc591bb2bda2cade01fc76cbaefccf0498	Reference-mode Level 4 golden ring-sash scholar preserving the source's yellow planet silhouette, red-orange and white orbital band, cobalt accents, and deep-blue column robe; original glasses, eyes, and mouth fully replaced by the canonical LCD in coarse square modules with generous full-body white margin.
nouns_classified_1973/B08-NAT__Nature_&_Element/noun-0781__head-mountain-snowcap.png	B08-NAT__Nature/aachat-forge-nature-emerald-snowcap-spire-keeper.png	5e4e54434773c4e0595bb455ed1f8b7519c3ff175883786f3507533841245d32	Emerald mountain sentinel with stepped white snowcap, integrated fixed LCD, coarse square modules, and restrained pale-gold meltwater accents.
nouns_classified_1973/B08-NAT__Nature_&_Element/noun-0782__head-lightning-bolt.png	B08-NAT__Nature/aachat-forge-nature-citron-flash-crest-runner.png	7e11ca2bdef914dc7faa4caac37f75d97991f7f7d4d6bfe82bbd8fb7ed90b0a7	Citron lightning-bolt crest framing a fully replaced canonical LCD above a vermilion modular runner body; consistent coarse square 3D modules with full-body white-margin composition.
nouns_classified_1973/B08-NAT__Nature_&_Element/noun-0819__head-saturn.png	B08-NAT__Nature/aachat-forge-nature-amber-ringneck-stargazer.png	0011ecc30408f512d940ca170a6643182e1cd1161921fb828d640cf0d08d1c97	Golden Saturn-headed module stargazer preserving the broad white orbital ring, red-white scarf, black overalls, and cobalt accents; source face structurally replaced by the fixed frontal LCD.
nouns_classified_1973/B08-NAT__Nature_&_Element/noun-0821__head-wave.png	B08-NAT__Nature/aachat-forge-nature-cobalt-surf-crown-keeper.png	d7775ce108368dbc60571b33739dd79215b1d6f6c9cd21c1a79db377b6202801	Cobalt breaking-wave crest guardian with a unified fixed LCD head, plain stepped water-block torso, and generous full-body white margins.
nouns_classified_1973/B08-NAT__Nature_&_Element/noun-0825__head-mountain-snowcap.png	B08-NAT__Nature/aachat-forge-nature-teal-snowcap-stone-walker.png	1cd0fa5f90bf7c70ebe84329ccb0f111604780782a0e5efecb676a858eb92087	White snowcap and teal ridge shell over a stacked gray stone walker; original face fully replaced by the fixed front-facing aachat LCD.
nouns_classified_1973/B08-NAT__Nature_&_Element/noun-0828__head-sunset.png	B08-NAT__Nature/aachat-forge-nature-peach-solar-corona-herald.png	f38775679d60a2ead2f2ed732491b4f49cb371355e7e85ea24bd40ca5c8d8791	Warm peach sunset herald with a stepped orange-and-gold solar corona, sparse golden chest sparks, fixed frontal aachat LCD, and consistent coarse square 3D modules.
nouns_classified_1973/B08-NAT__Nature_&_Element/noun-0854__head-rainbow.png	B08-NAT__Nature/aachat-forge-nature-prismatic-rainband-canopy-keeper.png	f0f4bbe7914647c2de662bcc40fb25363a71e4449686819cefe892c842f53bd6	Reference-mode Level 4 prismatic rainband canopy keeper with a stepped rainbow arch, compact charcoal signal-module body, fixed LCD, coarse square 3D construction, and generous full-body white margin; first attempt passed visual and mechanical QA.
nouns_classified_1973/B08-NAT__Nature_&_Element/noun-0865__head-rainbow.png	B08-NAT__Nature/aachat-forge-nature-spectrum-stripe-wanderer.png	38a8de2f83fb5723a9bca8b5603767aefda4e5dc290d0352a05dc1635f4cca79	Red-orange stepped crown and compact body carry structural spectrum bands and inset enamel modules around a fully integrated frontal LCD.
nouns_classified_1973/B08-NAT__Nature_&_Element/noun-0868__head-mountain-snowcap.png	B08-NAT__Nature/aachat-forge-nature-verdant-snowcap-summit-keeper.png	cb95d036e21ba6bad5238f0ef5e400061c9bc19682291f8f0381a4dea71d26d4	Verdant stepped alpine sentinel with a tall modular snowcap, integrated frontal LCD, and snow-crystal chest motif.
nouns_classified_1973/B08-NAT__Nature_&_Element/noun-0898__head-lightning-bolt.png	B08-NAT__Nature/aachat-forge-nature-lemon-zigzag-pendant-runner.png	b8aaea0745ac9d7f2f897205f0116f64217f1bed96b792deeecb5955d9d4dec2	Reference-mode Level 4 lemon zigzag pendant runner preserving the source's bold yellow lightning-head silhouette, compact yellow body, slim legs, and warm-orange pendant; original face fully replaced by the fixed LCD in consistent coarse square 3D modules with generous full-body white margin.
nouns_classified_1973/B08-NAT__Nature_&_Element/noun-0918__head-blackhole.png	B08-NAT__Nature/aachat-forge-nature-prismatic-singularity-trailkeeper.png	c7f57fb339e59a6e561bf5b9f37f8c17bf75e15da450e2e040f2abdde686c736	Coral-pink stepped singularity halo frames the fixed LCD; rainbow-banded coarse modules preserve the source's descending spectrum motif.
nouns_classified_1973/B08-NAT__Nature_&_Element/noun-0948__head-lightning-bolt.png	B08-NAT__Nature/aachat-forge-nature-citrine-thundercrest-wanderer.png	dd0a3cb4419f09be093e3c3f92474fea5d56c1ccd543ec14690abaa8924a7df4	Bright yellow asymmetric lightning crest rebuilt in coarse square modules; the original glasses and face were fully replaced by the fixed frontal aachat LCD, with an olive block body and restrained magenta joint accents.
nouns_classified_1973/B08-NAT__Nature_&_Element/noun-0949__head-rainbow.png	B08-NAT__Nature/aachat-forge-nature-prismatic-rainhood-column-walker.png	143926a2a398578407230a70ef4193366762b54559c45eb84343c7d82de55523	Prismatic rainhood column walker preserving the source's stepped rainbow arch and slender charcoal silhouette, rebuilt in coarse square 3D modules around the fixed integrated LCD.
nouns_classified_1973/B08-NAT__Nature_&_Element/noun-0950__head-rainbow.png	B08-NAT__Nature/aachat-forge-nature-scarlet-spectrum-arch-strider.png	aaf47f07f842ea82a3d2bf58c7f07544ddbecaaa8e4fba6107b5eb253b96d851	Reference-mode Level 4 scarlet spectrum arch strider preserving the source's angular rainbow-striped head canopy, warm rectangular body, slender pale legs, and compact silhouette; the original face is fully replaced by the fixed integrated aachat LCD with consistent coarse square 3D modules and generous full-body white margin.
nouns_classified_1973/B08-NAT__Nature_&_Element/noun-0993__head-star-sparkles.png	B08-NAT__Nature/aachat-forge-nature-canary-starburst-cowl-wanderer.png	67794118fb11724f83ecb3505c11e52ab51a73f0b4a732ec39d83a550b63ef40	Canary five-point star cowl with detached square sparkles, warm orange pillar body, magenta collar and cuffs, broad modular shoes, and a fully integrated fixed aachat LCD.
nouns_classified_1973/B08-NAT__Nature_&_Element/noun-0998__head-cloud.png	B08-NAT__Nature/aachat-forge-nature-cerulean-nimbus-bearer.png	95155b8b98e440e1281e5506247557af2eb6c811095635791acd43748164ed6a	Reference mode Level 4: preserved the broad white cloud-head silhouette, pale icy-blue body palette, and minimal chest cloud motif; rebuilt the full body from coarse square 3D modules and fully replaced the source glyph face with the fixed frontal aachat LCD.
nouns_classified_1973/B08-NAT__Nature_&_Element/noun-1020__head-island.png	B08-NAT__Nature/aachat-forge-nature-palm-crown-atoll-roamer.png	c98bf94eb81f31e617a9ac14bf4264a22fb84f3b5e080771e49e553a16a0c0d0	Palm-crowned walking atoll sentinel retaining the sand-yellow island head shell, twin green palms, and coral-magenta striped modular body; original face fully replaced by the integrated fixed aachat LCD.
nouns_classified_1973/B08-NAT__Nature_&_Element/noun-1048__head-mountain-snowcap.png	B08-NAT__Nature/aachat-forge-nature-jade-alpine-crown-walker.png	cd2f0236417158cdab470a45e519c98bd03563ba95e5dda3109d80f21bb6065c	Level 4 jade alpine walker with a broad stepped snowcapped mountain head, cyan ice accents, fixed integrated LCD, and coarse square-module body.
nouns_classified_1973/B08-NAT__Nature_&_Element/noun-1076__head-island.png	B08-NAT__Nature/aachat-forge-nature-rainbow-palm-islet-voyager.png	be99e2413bdce6d36aa6f3cbd0e7131eeaedb13d63030e387ef4cd1a3eafebf4	Golden sand-islet LCD head with twin block palms and a rainbow-banded coarse-module body.
nouns_classified_1973/B08-NAT__Nature_&_Element/noun-1085__head-blackhole.png	B08-NAT__Nature/aachat-forge-nature-midnight-rose-vortex-wanderer.png	9d3ec45e11208a2e9a413e1e78e4eac1cbdd9e8da94edadce516fcd5d07ac727	Reference-mode block-built wandering singularity shrine; black monolith body, rose-magenta accretion ring, cobalt side modules, four lavender orbit cubes, and the original face fully replaced by the fixed aachat LCD.
nouns_classified_1973/B08-NAT__Nature_&_Element/noun-1130__head-saturn.png	B08-NAT__Nature/aachat-forge-nature-citrine-orbit-scarf-explorer.png	280565f885a1da069a1409b22584bbb8162b38e893beacd826072fd6e6c492d7	Citrine Saturn-shell explorer with a white orbital ring and scarlet module scarf; source face fully replaced by the fixed cobalt LCD.
nouns_classified_1973/B08-NAT__Nature_&_Element/noun-1131__head-saturn.png	B08-NAT__Nature/aachat-forge-nature-marigold-ring-scarf-pilgrim.png	4ad931c270d52722616012e582f7d17a4aff0645c8c7840e4af0ca9dec8af149	Reference-mode Level 4: a marigold Saturn globe with a block-built white orbital ring, crimson diagonal scarf-band, pale column body, sparse red-orange-cobalt orbit modules, and a fully integrated aachat LCD.
nouns_classified_1973/B08-NAT__Nature_&_Element/noun-1145__head-lightning-bolt.png	B08-NAT__Nature/aachat-forge-nature-saffron-zigzag-mantle-conductor.png	3a1f0da260b8cbe336491b033fe33c869b9ca6eb2e38d4e02b6975b7ab636092	Saffron lightning-crown conductor with charcoal mantle torso, sparse charge modules, and a fully integrated frontal aachat LCD.
nouns_classified_1973/B08-NAT__Nature_&_Element/noun-1160__head-earth.png	B08-NAT__Nature/aachat-forge-nature-verdant-terra-pillar-keeper.png	a70c958acdafa8721b415e31ab969a2b5a03bd6deac12e8018d8b5341f5f3038	Verdant stepped globe head with a structurally integrated fixed LCD, warm terracotta modular column body, and a restrained cobalt compass medallion.
nouns_classified_1973/B08-NAT__Nature_&_Element/noun-1161__head-rainbow.png	B08-NAT__Nature/aachat-forge-nature-chromatic-arch-checker-pilgrim.png	49cfbc773751de082ec07fc43fcb25eebd0b69aa046486127d28001dbca6dbf1	Stepped chromatic rainbow canopy rebuilt around the fixed LCD, with the source checker rhythm extended through a slim coarse-module full body.
nouns_classified_1973/B08-NAT__Nature_&_Element/noun-1177__head-tornado.png	B08-NAT__Nature/aachat-forge-nature-taupe-spiral-checker-rover.png	8309a5672775e49bacd70220c6d6293fb94bf5ab7ba3d987a9136d019dbade9b	Pale taupe stepped tornado crown, cobalt-blue checker torso, charcoal joints, and complete structural source-face replacement by the fixed frontal aachat LCD.
nouns_classified_1973/B08-NAT__Nature_&_Element/noun-1187__head-saturn.png	B08-NAT__Nature/aachat-forge-nature-saffron-ringworld-necktie-envoy.png	67ad9deade2e4d2250dfbadda9d3f5fe71f1df058f4d915ee9823047a3287fcd	Reference-mode Level 4: saffron-gold Saturn head with block-built white orbital ring, red equatorial band, pale-gray body, blue necktie accent, and fixed cobalt LCD; native 1254x1254 RGB.
nouns_classified_1973/B08-NAT__Nature_&_Element/noun-1191__head-rainbow.png	B08-NAT__Nature/aachat-forge-nature-cobalt-rainband-arch-walker.png	64e3273d5994268bf39f2abeeb5f46f39b512dfbd320ee22fc95eff3c8d4d0dc	Broad stepped rainbow crest integrated around the fixed LCD, with a compact cobalt-violet modular body preserving the source silhouette and palette while fully replacing its original face.
nouns_classified_1973/B08-NAT__Nature_&_Element/noun-1192__head-tornado.png	B08-NAT__Nature/aachat-forge-nature-ashen-vortex-checker-drifter.png	093f05aa3a929fe423013ce2be74073136c680e780050e62fbd1d40a3ad9282c	Ashen modular vortex drifter with lime, cyan, magenta bands and a checkerboard torso, using a fully integrated fixed aachat LCD.
nouns_classified_1973/B08-NAT__Nature_&_Element/noun-1195__head-island.png	B08-NAT__Nature/aachat-forge-nature-lime-palm-sandbar-roamer.png	fa8664e261e3eb3399a647203afa67ea8c660ef52beaeff780a17deba169f364	Pale sandbar LCD head with twin block palms, an olive-green modular body, and a golden diamond medallion.
nouns_classified_1973/B08-NAT__Nature_&_Element/noun-1197__head-island.png	B08-NAT__Nature/aachat-forge-nature-sunlit-palm-islet-wayfarer.png	77565a3bcaebd5960d0d81425c353132d747293ad8a0707608b45e9aa48f5a2d	Sunlit golden sand-islet LCD head with twin stepped green palms, slim ivory modular body, mint geometric accents, complete source-face replacement, and generous full-body white margins.
nouns_classified_1973/B08-NAT__Nature_&_Element/noun-1210__head-mountain-snowcap.png	B08-NAT__Nature/aachat-forge-nature-mint-snowpeak-violet-porter.png	bf68e3677dd0563f23227949bf9503e97e395b78cb48c4d00b666e3c3f86f2de	Mint stepped mountain porter with an ivory modular snowcap, violet block tunic, acid-lime fasteners, and the source face fully replaced by the fixed aachat LCD.
nouns_classified_1973/B08-NAT__Nature_&_Element/noun-1226__head-mountain-snowcap.png	B08-NAT__Nature/aachat-forge-nature-alpine-snowmantle-trailkeeper.png	7784872319c902a961694a43c27b024ea4f036cd8714873a4b6c22f125665680	Reference-mode alpine snowcap trailkeeper; stepped white peak and forest-teal slope mantle preserve the source motif, warm orange/coral accents remain, and the original face is fully replaced by the integrated fixed aachat LCD.
nouns_classified_1973/B08-NAT__Nature_&_Element/noun-1246__head-island.png	B08-NAT__Nature/aachat-forge-nature-sunlit-palm-atoll-keeper.png	3f4edb3b8a2bebdec9d3095a61524bb2db71fbe1a7a4b0b2b11f38e680cd6ae5	Deep-green block-built palm-atoll keeper with a warm sand ledge, twin-tone palm crown, and fully integrated frontal aachat LCD replacing the source face.
nouns_classified_1973/B08-NAT__Nature_&_Element/noun-1284__head-sunset.png	B08-NAT__Nature/aachat-forge-nature-tangerine-sunset-halo-steward.png	ddfd261be0a20415df0075fb3e727ef502eaf968f54d307ccf7bc7607f71ccf1	Stepped tangerine-gold sunset halo shell, deep-green modular robe, and gold pendant with the original face fully replaced by the integrated fixed LCD.
nouns_classified_1973/B08-NAT__Nature_&_Element/noun-1294__head-volcano.png	B08-NAT__Nature/aachat-forge-nature-charcoal-lava-crown-keeper.png	d63d4c466391df413b41a75c97cac076bb0d4b582972319943b130f8e8cb76d4	Charcoal block-volcano shell with a red-orange lava crown, brick-red body, inset yellow fissure, and fully replaced frontal aachat LCD.
nouns_classified_1973/B08-NAT__Nature_&_Element/noun-1323__head-cloud.png	B08-NAT__Nature/aachat-forge-nature-mint-cloud-pocket-keeper.png	af76766da9ae00b6c0f4ff3e0e37f0122b8c3dc7ff826825d8f9ffe27866be77	Reference mode Level4; puffy white cloud LCD crown, mint block tunic, and abstract red-yellow pocket; source face and letter fully removed.
nouns_classified_1973/B08-NAT__Nature_&_Element/noun-1335__head-island.png	B08-NAT__Nature/aachat-forge-nature-saffron-twin-palm-rover.png	25996410e6ba199634537659d653aa25fedd884e41219af6bf11737a407db18b	Reference-mode Level 4 saffron island rover retaining the twin palm crown, black tunic body, and yellow modular limbs; original face fully replaced by the integrated fixed aachat LCD.
nouns_classified_1973/B08-NAT__Nature_&_Element/noun-1344__head-lightning-bolt.png	B08-NAT__Nature/aachat-forge-nature-lemon-boltcrown-knit-sprinter.png	8114bbeedfaf2d5570d51812cf291506ae30b6d1cd9d92985ccc3f8847224cb4	Lemon stepped lightning-bolt crown structurally housing the fully replaced canonical LCD above a vermilion knit-check sprinter body, all rebuilt in consistent coarse square 3D modules with generous full-body white margins.
nouns_classified_1973/B08-NAT__Nature_&_Element/noun-1345__head-island.png	B08-NAT__Nature/aachat-forge-nature-tropic-islet-mosaic-rover.png	5ec063d9d041e3735275f18395d3e67876f156352620619f726c7be923b92887	Tropical micro-island rover preserving the sandy palm-crowned silhouette and vivid checker palette, rebuilt in coarse square modules around the fixed aachat LCD.
nouns_classified_1973/B08-NAT__Nature_&_Element/noun-1347__head-star-sparkles.png	B08-NAT__Nature/aachat-forge-nature-golden-star-stripe-sparkler.png	c1136b00422611fa57f93f082e03e889b5c8bf29b8a98a365f4a4b3cd358f711	Golden five-point star sprite with four satellite sparkles, pink striped tunic and legs, and the source face fully replaced by a frontal cobalt-glow LCD; coarse square modular construction with generous white margins.
nouns_classified_1973/B08-NAT__Nature_&_Element/noun-1348__head-island.png	B08-NAT__Nature/aachat-forge-nature-coral-palm-cay-steward.png	77aeddc3de7761e31d25dd91c2e2d1cf06907dc71874dfad631443516f6893de	Reference-mode Level4 coral cay steward with a golden sand LCD head, asymmetric palm crown, teal waterline, coral-ivory block tunic, and generous full-body margins.
nouns_classified_1973/B08-NAT__Nature_&_Element/noun-1349__head-island.png	B08-NAT__Nature/aachat-forge-nature-citrine-palm-brick-castaway.png	af8d2c5d452b8133e262ab01abe37207ea29c33454b68d49ceda66a98e5030da	Citrine palm-island crown and gray brick castaway body; source glasses and face fully replaced by one integrated front-facing aachat LCD.
nouns_classified_1973/B08-NAT__Nature_&_Element/noun-1400__head-jupiter.png	B08-NAT__Nature/aachat-forge-nature-apricot-stormband-orbit-pilgrim.png	ce6e9cde83b594d7198c0e9c0d7d1dab0c631974bdd02214849f951159443fb0	Warm apricot, coral, and cream Jovian storm bands rebuild the oversized head around the fixed frontal aachat LCD, with a slim mint-teal pilgrim body and restrained magenta orbit accents in consistent coarse square modules.
nouns_classified_1973/B08-NAT__Nature_&_Element/noun-1411__head-mountain-snowcap.png	B08-NAT__Nature/aachat-forge-nature-alpine-snowcap-trailwarden.png	9ea7cff6eafbbf817b13d1452c73588a14ba407253397203a2128cf62472db09	Stepped white snowcap peak with emerald ridge mantle, slender expedition suit, and compact orange trail marker; source face fully replaced by the integrated fixed aachat LCD in consistent coarse square modules.
nouns_classified_1973/B08-NAT__Nature_&_Element/noun-1417__head-cloud.png	B08-NAT__Nature/aachat-forge-nature-ivory-cloud-column-observer.png	4d226a596ac30db0fc913f03b07675e4569a780c9021c2c40d640cf80fc2b74d	Ivory stepped cloud crown with a charcoal rain-column body and restrained cobalt bands; source face fully replaced by the fixed integrated LCD.
nouns_classified_1973/B08-NAT__Nature_&_Element/noun-1421__head-tornado.png	B08-NAT__Nature/aachat-forge-nature-taupe-whirlwind-checker-steward.png	28107925f0cd880bea53ac49e245f0b6e742886783844ffc3d8d909d18782d94	Reference-mode Level 4 whirlwind steward with a stepped taupe tornado crown, fixed cobalt LCD, magenta-black checker tunic, turquoise-white-black checked lower garment, and complete source-face replacement in coarse square 3D modules.
nouns_classified_1973/B08-NAT__Nature_&_Element/noun-1457__head-saturn.png	B08-NAT__Nature/aachat-forge-nature-golden-orbit-sash-wayfarer.png	ac12390258a9fe409720f274f7fb2fb668d54e097fa77658d70632713527f8e1	Reference-mode Level 4 golden orbit-sash wayfarer preserving the source's yellow planetary head shell, white orbital ring, red sash, and orange-brown traveler body; the original face is fully replaced by the unobstructed fixed aachat LCD, with consistent coarse square 3D modules and generous full-body white margin after one rejected attempt.
nouns_classified_1973/B08-NAT__Nature_&_Element/noun-1460__head-jupiter.png	B08-NAT__Nature/aachat-forge-nature-coral-jovian-stripe-walker.png	ba6929e01c34af90e1e44c17bd37b586df9bc9889d929ff9c9c34b5f521755ce	Coral and ochre stepped Jovian bands form a round coarse-module shell around the fixed frontal LCD, with slender cobalt block limbs preserving the source silhouette.
nouns_classified_1973/B08-NAT__Nature_&_Element/noun-1494__head-saturn.png	B08-NAT__Nature/aachat-forge-nature-saffron-orbit-scarf-voyager.png	eecc70fe3e2d769819786d962e63d27d2714f69d8558890c1e678a55e09b1ef8	Saffron Saturn-like block traveler with segmented ivory orbital ring, red scarf, olive legs, and complete LCD face replacement.
nouns_classified_1973/B08-NAT__Nature_&_Element/noun-1550__head-jupiter.png	B08-NAT__Nature/aachat-forge-nature-peach-jovian-belt-scout.png	84c6af3e718e6f55592102c624c42bdccf3ca34feadd39f0fe4ff68964cea499	Warm peach-and-coral Jupiter cloud-belt scout with a teal chest pendant, consistent coarse square modules, and complete fixed-LCD face replacement.
nouns_classified_1973/B08-NAT__Nature_&_Element/noun-1558__head-jupiter.png	B08-NAT__Nature/aachat-forge-nature-ochre-stormbelt-pilgrim.png	b747819fc58d2bbd0987594d6f885bb6e4302e88ea1a08fe2c2b0a4570e3393c	Warm ochre-and-coral Jovian storm pilgrim with an oversized banded globe head, slim charcoal body, consistent coarse square modules, generous full-body margin, and complete fixed-LCD face replacement.
nouns_classified_1973/B08-NAT__Nature_&_Element/noun-1562__head-earth.png	B08-NAT__Nature/aachat-forge-nature-azure-verdant-globe-bearer.png	478693387e416b478578d20fe6bd6a10b4c7260f5544c24f0490baa7e4edb257	Azure-and-verdant Earth globe bearer with stepped continental modules, pale-cyan pillar body, generous full-body margin, and the source face fully replaced by the fixed cobalt-glow aachat LCD.
nouns_classified_1973/B08-NAT__Nature_&_Element/noun-1563__head-jupiter.png	B08-NAT__Nature/aachat-forge-nature-rose-banded-orbit-porter.png	a0c1efcab1878b9d60a1402d5faeb91adf9ba2afdf6e480819c62dda20f4b52d	Rose-coral banded Jovian porter with broad orbital LCD head, compact russet tunic, long block-built legs, fixed cobalt LCD, and generous full-body white margin.
nouns_classified_1973/B08-NAT__Nature_&_Element/noun-1566__head-sunset.png	B08-NAT__Nature/aachat-forge-nature-apricot-sunset-arch-wayfarer.png	3fc033cc3329c66f7e9593dc23bff1c3db1ae08ffe68a6465100a04d948d4957	Stepped apricot-and-gold sunset arch, pale mint modular traveler body, sky-blue legs, and the fixed frontal aachat LCD fully replacing the source face.
nouns_classified_1973/B08-NAT__Nature_&_Element/noun-1576__head-moon.png	B08-NAT__Nature/aachat-forge-nature-ivory-crater-lime-envoy.png	608c6efdba9bb98c6cb9769b7d37f612da5a78bbb74db08f659f1b5911b6b535	Ivory cratered moon-shell envoy with lime modular bands and vermilion chest tab; source face fully replaced by integrated aachat LCD.
nouns_classified_1973/B08-NAT__Nature_&_Element/noun-1607__head-cloud.png	B08-NAT__Nature/aachat-forge-nature-ivory-cumulus-coat-rover.png	1a94cf881badbb3c3d94c029e67f3ecb2debcee00a818885775303d0af76dc86	Reference-mode Level 4 reinterpretation preserves the ivory cumulus head, vivid orange coat-body, slim pale legs, and tiny teal accent while structurally replacing the complete original goggle-face system with the fixed integrated aachat LCD in coarse square 3D modules.
nouns_classified_1973/B08-NAT__Nature_&_Element/noun-1618__head-sunset.png	B08-NAT__Nature/aachat-forge-nature-amber-sunset-medallion-wanderer.png	959e3a0cb99d9b6f9bc1679633dde24ee0402f272dc8e1c54835eeb5a1e53297	Warm amber-orange sunset crown, tall golden modular body, white diagonal medallion, and complete source-face replacement around the fixed cobalt aachat LCD.
nouns_classified_1973/B08-NAT__Nature_&_Element/noun-1683__head-mountain-snowcap.png	B08-NAT__Nature/aachat-forge-nature-jade-snowcrest-golden-trailguide.png	f58572a9c344eddf5231498f1e5e67dd76f5b7623451a6fb4975e9980cc1a916	Level 4 snowcapped mountain trail monument with white snow, jade foothills, dark umber body, and golden zigzag trail; original face fully replaced by the fixed frontal LCD in coarse square 3D modules.
nouns_classified_1973/B08-NAT__Nature_&_Element/noun-1708__head-star-sparkles.png	B08-NAT__Nature/aachat-forge-nature-golden-starburst-mosaic-herald.png	f5b9d97762833301525ab28591bdf810ff535bc3e7761c9317867e3f5d2a9b3e	Golden stepped five-point starburst LCD crown with compact sparkle stems, crimson coarse-module tunic, cyan mosaic panels, and the original glasses-face fully replaced by the fixed frontal cobalt aachat LCD.
nouns_classified_1973/B08-NAT__Nature_&_Element/noun-1761__head-moon.png	B08-NAT__Nature/aachat-forge-nature-alabaster-lunar-vestment-seer.png	7d37083c5fdda0013e76c6eff1e17b845c9753e5d022a269e6027964b377b31c	An alabaster cratered moon-disc head structurally encloses the fixed LCD above a rust-red full-length vestment with a restrained cream checker mantle, all rebuilt in consistent coarse square modules.
nouns_classified_1973/B08-NAT__Nature_&_Element/noun-1787__head-earth.png	B08-NAT__Nature/aachat-forge-nature-cerulean-atlas-checker-scholar.png	6cbf51fc70a0f99aabcbd9a0c42535775a4937574966977efc414e025b7a98aa	Cerulean stepped atlas-shell scholar with bright-green continent modules, a magenta-violet-black checker tunic, and the source face fully replaced by the fixed cobalt aachat LCD.
nouns_classified_1973/B08-NAT__Nature_&_Element/noun-1790__head-island.png	B08-NAT__Nature/aachat-forge-nature-sandbar-palm-totem.png	b831c8cfeafc5c7eb9ecd9e5b94d77f677ec2452b8588453ae76bf878c47c336	Reference-mode Level 4 walking sandbar totem; warm-yellow island/LCD head, twin modular palms, moss-green monolith body, coral side accent; original face fully replaced.
nouns_classified_1973/B08-NAT__Nature_&_Element/noun-1791__head-saturn.png	B08-NAT__Nature/aachat-forge-nature-scarlet-saturn-ring-bearer.png	9ef48d583ae55143bdea5329abc76cad08fcea47b6be86d80930a2675962af9f	Scarlet coarse-module Saturn ring bearer with mustard head shell, segmented ivory orbit, fixed cobalt LCD, and white lattice suit motif.
nouns_classified_1973/B08-NAT__Nature_&_Element/noun-1887__head-earth.png	B08-NAT__Nature/aachat-forge-nature-cobalt-continent-column-bearer.png	21e20f034982aee9d653008c7f4743096d09adfaac47453afea461fcdefcb638	Reference mode Level 4; rebuilt the blue-green Earth head and tall cobalt column body from coarse square 3D modules around the fixed 28:17 LCD, with full-body white-background framing.
nouns_classified_1973/B08-NAT__Nature_&_Element/noun-1889__head-moon.png	B08-NAT__Nature/aachat-forge-nature-ivory-crater-bib-rover.png	df31a08d621683ec60d1aa8e0545fe27bebb3df304408844924165bc7556d120	Ivory crater-shell moon rover with charcoal bib overalls and sunny-yellow sleeves, built in coarse square modules with the original face fully replaced by the fixed frontal aachat LCD.
nouns_classified_1973/B08-NAT__Nature_&_Element/noun-1912__head-moon.png	B08-NAT__Nature/aachat-forge-nature-ivory-lunar-glyph-hermit.png	1bcdcdf48c36c41374db01c10d85ad9423fd3370a056b7401dc6e09b4be5e892	Ivory cratered moon-disc hermit with pale-cyan modular tabard and compact magenta chest glyph; original face fully replaced by integrated fixed aachat LCD.
nouns_classified_1973/B08-NAT__Nature_&_Element/noun-1926__head-cloud.png	B08-NAT__Nature/aachat-forge-nature-ivory-cloud-lilac-wayfarer.png	65b018303a820e252d0cc2801c26cabddf16edab3ecca957822becef3a0e4b79	Reference-mode ivory cloud-crowned lilac wayfarer with a stepped block cloud head, compact lavender tunic body, cobalt cuffs, generous white breathing room, and the source face fully replaced by the canonical aachat LCD.
nouns_classified_1973/B08-NAT__Nature_&_Element/noun-1941__head-wave.png	B08-NAT__Nature/aachat-forge-nature-cobalt-crest-wave-strider.png	94b5b338ad65c453b7ce1daa1c2a15f1e770abf067b5db202aef68a87246da74	Cobalt breaking-wave crest over a compact charcoal module-built sentinel; the complete original face system is replaced by the fixed frontal aachat LCD.
nouns_classified_1973/B08-NAT__Nature_&_Element/noun-1951__head-saturn.png	B08-NAT__Nature/aachat-forge-nature-solar-ring-starfarer.png	6a181b83e69dbf84fe5404a3412d196398415fcc32a167ab2f7c93fbc2570e2b	Yellow-orange ringed-planet head with a red-white-blue segmented orbit, green-white star-checker suit, coarse square-module starfarer build, and complete fixed-LCD face replacement.
nouns_classified_1973/B08-NAT__Nature_&_Element/noun-1958__head-jupiter.png	B08-NAT__Nature/aachat-forge-nature-copper-jovian-band-keeper.png	9f7c2bfbb09b542e752923b153b5a69a488b910ba6e7bb05b74f3260c4559668	Oversized copper-coral Jupiter band shell rebuilt in coarse square modules around the fixed aachat LCD, with a compact warm-toned keeper body.
nouns_classified_1973/B08-NAT__Nature_&_Element/noun-1960__head-wave.png	B08-NAT__Nature/aachat-forge-nature-cobalt-breaker-crest-strider.png	950888f1b7d4aa27e25960ddc88ecab6df227cec4c461ff91f63848e87ffcb7d	Electric-cobalt curling breaker crest, slim striped column body, and stable block feet rebuilt in one coarse square-module scale around the fixed frontal LCD.
nouns_classified_1973/B09-ECH__Secret_Echo/noun-0026__head-chart-bars.png	B09-ECH__Echo/aachat-forge-echo-prismatic-bar-chart-analyst.png	3ec54742776de9f862f044fd2c345d7844696c53623d80fce0de9fbeb65de455	Reference-mode Level 4 chart analyst with a purple modular body, prismatic bar-graph head architecture, and fully replaced fixed aachat LCD face.
nouns_classified_1973/B09-ECH__Secret_Echo/noun-0040__head-void.png	B09-ECH__Echo/aachat-forge-echo-blush-void-aperture-keeper.png	7389996126e542be3a1a568ab924a626483cee81b1fca4dfb17971e5ad6adf7a	Blush rounded-square shell, mint aperture seams, and ice-cyan block body preserve the source language while the original face is fully replaced by the fixed aachat LCD.
nouns_classified_1973/B09-ECH__Secret_Echo/noun-0065__head-maze.png	B09-ECH__Echo/aachat-forge-echo-jade-maze-mosaic-keeper.png	d51ffe93e9a6fd318af8ecd7419753e5cd56938243dc217ee3911430a9bab00e	Jade maze-lattice LCD shell, vivid checker-mosaic tunic, jade-charcoal modular limbs, mosaic boots, complete source-face replacement, and generous full-body white margin.
nouns_classified_1973/B09-ECH__Secret_Echo/noun-0081__head-bubble-speech.png	B09-ECH__Echo/aachat-forge-echo-azure-speechcloud-signaler.png	e3918b431002d41713e95e8c9320f95d9b6755259ecd8d6de9ffa26908d064af	Broad warm-white stepped speech-cloud head with integrated lower-right tail, azure modular body, sparse lime signal tiles, and the original face fully replaced by the fixed frontal LCD.
nouns_classified_1973/B09-ECH__Secret_Echo/noun-0132__head-maze.png	B09-ECH__Echo/aachat-forge-echo-mint-labyrinth-beacon.png	8bd378d1000fca019c115712091c83cc5377763de982726b4babbd0498eec8ec	Mint labyrinth LCD housing over an orange-red open-lattice tower body, built from consistent coarse square 3D modules.
nouns_classified_1973/B09-ECH__Secret_Echo/noun-0170__head-dna.png	B09-ECH__Echo/aachat-forge-echo-chromatic-genome-relay.png	71491c211725825508d306ef0d6b7449dd9e6239b2b43ff188d7c8e8a9073d9d	Chromatic genetic-signal relay with a broad DNA-lattice head, stepped red-blue-amber circuitry, ladder-striped torso, and ivory square-module archive badge; the source face is fully replaced by the fixed LCD.
nouns_classified_1973/B09-ECH__Secret_Echo/noun-0180__head-dna.png	B09-ECH__Echo/aachat-forge-echo-chromatic-helix-console.png	ae468b53f561e127f4d0699437c4d3ef32d77faffb54a1f7789bf2290d34f475	Chromatic DNA console rebuilt in coarse same-scale square 3D modules; red-blue-yellow conduit frame and helix instrument preserved, original face fully replaced by the fixed frontal LCD.
nouns_classified_1973/B09-ECH__Secret_Echo/noun-0209__head-void.png	B09-ECH__Echo/aachat-forge-echo-violet-void-window-sentinel.png	92b7bc60a75968c4e349d7b16cdbed1dddb2f84c4523336a717e9e0280bd9369	Pale dotted void-window shell translated into a coarse modular sentinel with a violet hanging panel and fixed cobalt LCD.
nouns_classified_1973/B09-ECH__Secret_Echo/noun-0252__head-abstract.png	B09-ECH__Echo/aachat-forge-echo-prismatic-checker-signal-herald.png	b9cbb5dbb9ee6197511bdb36d4ac2da6c3d4877a5a701bb68d5b4e1404880bae	Preserved the source's vertical golden totem silhouette, multicolor checker crown, and black signal grid as coarse square modules while structurally replacing the complete original face with the fixed aachat LCD.
nouns_classified_1973/B09-ECH__Secret_Echo/noun-0266__head-chart-bars.png	B09-ECH__Echo/aachat-forge-echo-neon-tally-crown-recorder.png	1657d5f1ca53912e2e164ed200342f90bd5aa0ddff473621857c1a3e89211287	Black chart-head reinterpreted as a coarse modular signal recorder with a neon rising-bar crown and a structurally integrated fixed aachat LCD.
nouns_classified_1973/B09-ECH__Secret_Echo/noun-0286__head-bubble-speech.png	B09-ECH__Echo/aachat-forge-echo-speech-bubble-stilt-messenger.png	a3ef4919c7d17f781aec0a8f4c866127fbae29fd45a08655a3fe0febacca9b2a	White stepped speech-bubble messenger with orange stilt legs and raised block hand; source face fully replaced by the fixed cobalt-glow aachat LCD in coarse square 3D modules.
nouns_classified_1973/B09-ECH__Secret_Echo/noun-0307__head-void.png	B09-ECH__Echo/aachat-forge-echo-lavender-void-grid-keeper.png	97fa3dc94eb907724719e6d99a14fa69d45d90f9ac8b2ec0d921c2ff884db92d	Pale-lavender void-grid keeper with charcoal signal-console torso and structurally integrated fixed LCD.
nouns_classified_1973/B09-ECH__Secret_Echo/noun-0333__head-chart-bars.png	B09-ECH__Echo/aachat-forge-echo-violet-histogram-courier.png	392a75462d69f3c420873ae6d5339e76b45c63c9c3a55d9b251b4ad99fd8bc92	Violet modular signal courier with a stacked lime, magenta, cyan, and cobalt histogram crown; fixed aachat LCD fully replaces the source face.
nouns_classified_1973/B09-ECH__Secret_Echo/noun-0370__head-void.png	B09-ECH__Echo/aachat-forge-echo-lavender-dotted-mote-warden.png	bdcc85387f4dba1f46bcd982412b4b86a5638464d2160b3ccec9eb8b1b5c73b8	Pale lavender dotted void-monitor warden with a gray pedestal body, hot-pink signal motes, coarse square modules, and the source face fully replaced by the fixed aachat LCD.
nouns_classified_1973/B09-ECH__Secret_Echo/noun-0371__head-void.png	B09-ECH__Echo/aachat-forge-echo-vermilion-dotted-aperture-sentinel.png	1f14db0c67a0b99b05a58b80734dcf2344e2fcfed7b63c5040f20e5fb46e1b9c	Vermilion signal-void sentinel with pale dotted aperture head shell, ivory chest inset, fixed aachat LCD fully replacing the source face, and consistent coarse square-module construction.
nouns_classified_1973/B09-ECH__Secret_Echo/noun-0372__head-void.png	B09-ECH__Echo/aachat-forge-echo-ivory-dotted-circuit-stiltwalker.png	77a00f2c44a570ca62a472980640eda9c45b0985e2014fefdbac794dc189791d	Ivory soft-square signal stiltwalker with charcoal perforation rhythm, restrained scarlet circuit routing, and safety-orange banded legs; original face fully replaced by the fixed cobalt LCD.
nouns_classified_1973/B09-ECH__Secret_Echo/noun-0419__head-maze.png	B09-ECH__Echo/aachat-forge-echo-verdant-maze-gridkeeper.png	5437c5c8d08b789c2f69fa8c5e71b57eef976995b15c3bd59df4591060dd5216	Verdant modular maze housing fully replaces the source face with the fixed frontal aachat LCD; cobalt-violet coarse-block body preserves the source design language.
nouns_classified_1973/B09-ECH__Secret_Echo/noun-0441__head-rgb.png	B09-ECH__Echo/aachat-forge-echo-prismatic-ring-wanderer.png	d41ca97f3c33e2f9c7f5fcee06e312306a6ea0265d8454ae24c2fab209e47299	Reference-mode Level 4 preserving the source's segmented rainbow ring head and striped spectrum body; original face fully replaced by the fixed near-frontal aachat LCD, with consistent coarse square modules and full-body white-space framing.
nouns_classified_1973/B09-ECH__Secret_Echo/noun-0442__head-brain.png	B09-ECH__Echo/aachat-forge-echo-rose-cortex-checker-sentinel.png	ae9ad29a81f5a96e18f422494a8f5fb440ebf6d9dd8117b2d047dcf4eb97e1ba	Rose cortex sentinel with a pink-lime checker body, coarse square modules, and a fully integrated fixed aachat LCD.
nouns_classified_1973/B09-ECH__Secret_Echo/noun-0460__head-maze.png	B09-ECH__Echo/aachat-forge-echo-mint-maze-checker-guide.png	0e011de79ddea3bb4e7ea6283dbccd7949772378eaedafff561bb4094dbfcab0	Mint labyrinth head shell structurally integrates the fixed LCD while the red-white checker body preserves the source motif in coarse Level 4 square modules.
nouns_classified_1973/B09-ECH__Secret_Echo/noun-0473__head-smile.png	B09-ECH__Echo/aachat-forge-echo-scarlet-archway-sentinel.png	bf21d3f7cd7582db7d9b7346cb1d5bdbeed8ed613660803a33a56ee235ab203d	Scarlet stepped archway head shell, golden pillar body, charcoal modular hands, red boots, and a small square chest clasp built around the fixed LCD.
nouns_classified_1973/B09-ECH__Secret_Echo/noun-0480__head-rgb.png	B09-ECH__Echo/aachat-forge-echo-rainbow-dial-stripe-sentinel.png	9fa50756b5a71fac715d77392fe97c27e35199e66d0ccd6bdd616607d420cda2	Rainbow signal-dial head rebuilt in coarse square modules with teal-coral striped body and complete LCD face replacement.
nouns_classified_1973/B09-ECH__Secret_Echo/noun-0496__head-void.png	B09-ECH__Echo/aachat-forge-echo-fuchsia-dotted-void-stiltwalker.png	639e83d725cf235665c87549009327954da856c4df84eee8b76d77cca1dee179	Reference mode Level 4: pale warm-gray dotted head shell, fuchsia accents, mint and powder-blue block body, and slim stilt legs; the original face system was fully replaced by the fixed aachat LCD.
nouns_classified_1973/B09-ECH__Secret_Echo/noun-0513__head-smile.png	B09-ECH__Echo/aachat-forge-echo-scarlet-twincrest-stilt-herald.png	84cf69f8fff9fe7a8dca96cda64438083cb8509b416de14476edcb4f2945d934	Scarlet twin-crest signal herald with a charcoal stilt body, source face fully replaced by the fixed aachat LCD, and coarse square Level 4 modules.
nouns_classified_1973/B09-ECH__Secret_Echo/noun-0534__head-maze.png	B09-ECH__Echo/aachat-forge-echo-jade-labyrinth-cartographer.png	c9c59a6505d4ff02bc1ecdde469dfc581b53877c69e75156717474b648cc73aa	Jade-green structural labyrinth crown around the fixed LCD, compact deep-green modular body, pale belt clasp, and coarse square-block limbs.
nouns_classified_1973/B09-ECH__Secret_Echo/noun-0558__head-brain.png	B09-ECH__Echo/aachat-forge-echo-rose-neural-crown-keeper.png	e3d871ebd1c7f1b320e240911ba3084892799f1ce208f6499a4be675f87dc315	Rose-pink modular neural crown rebuilt around the fixed aachat LCD, retaining the source cyan-blue column body in coarse Level 4 modules.
nouns_classified_1973/B09-ECH__Secret_Echo/noun-0567__head-void.png	B09-ECH__Echo/aachat-forge-echo-ivory-pinhole-ember-warden.png	20239465704ec84f9fdca6449f06c3ed56dcaa9f88b09f435f2d4bb689a18797	Ivory perforated head casing with coral-orange signal vestments; original face structurally replaced by the fixed aachat LCD.
nouns_classified_1973/B09-ECH__Secret_Echo/noun-0588__head-void.png	B09-ECH__Echo/aachat-forge-echo-charcoal-void-circuit-warden.png	20188a2965bf23ef2756cd7afc5f9ffbbbe15ad448fc16b62924115436dfbf5b	Pale-gray and charcoal block-built signal warden with coral circuit loops, sparse dotted relay studs, one yellow radial core, and a fully integrated fixed LCD replacing the complete source face.
nouns_classified_1973/B09-ECH__Secret_Echo/noun-0589__head-bubble-speech.png	B09-ECH__Echo/aachat-forge-echo-ivory-dialogue-ribbon-runner.png	1289c1c60ec2699e8be31e3983b99cf7d86c61b8368e213020676688cf7df4a7	White modular speech-bubble shell with orange LCD frame, cyan-magenta-lime ribbon torso, checkerboard core, and short block legs; original face fully replaced by fixed LCD.
nouns_classified_1973/B09-ECH__Secret_Echo/noun-0633__head-smile.png	B09-ECH__Echo/aachat-forge-echo-scarlet-wingcrest-signal-keeper.png	ca1557cd03601aeb24121e13236033052cda073a806bd3e237eb17f7c4fd02e3	Reference-mode Level 4 retaining the source's scarlet swept-wing head silhouette, charcoal signal-pedestal body, and cyan accents while completely replacing the original face with the compact fixed aachat LCD in consistent coarse square 3D modules.
nouns_classified_1973/B09-ECH__Secret_Echo/noun-0634__head-brain.png	B09-ECH__Echo/aachat-forge-echo-rose-cortex-column-sentinel.png	bef265034753ac8b5f2aead79158bc61713c7e002c5563cf459aed77ce102261	Level 4 echo sentinel preserving the rose cortex crown, coral column body, and violet neural conduits; the original face is fully replaced by the fixed aachat LCD.
nouns_classified_1973/B09-ECH__Secret_Echo/noun-0645__head-maze.png	B09-ECH__Echo/aachat-forge-echo-celadon-labyrinth-mosaic-warden.png	dce478a7d602e442d962823160f6a979d0156abbecc6aedb3e7fd1ed0e621445	Celadon maze-lattice housing structurally replaces the source face with the fixed frontal LCD; checker-mosaic body and coarse modules preserve the source design language.
nouns_classified_1973/B09-ECH__Secret_Echo/noun-0652__head-bubble-speech.png	B09-ECH__Echo/aachat-forge-echo-ivory-lime-speechcloud-envoy.png	2e8272cf23cd94925de9e47e1ec33e57aac23675358df67087c11096553e6427	Ivory speech-cloud envoy with lime enamel LCD rails, a slate message-column torso, a stepped bubble-tail shell, and complete fixed-LCD face replacement.
nouns_classified_1973/B09-ECH__Secret_Echo/noun-0654__head-smile.png	B09-ECH__Echo/aachat-forge-echo-scarlet-crescent-marquee-keeper.png	129a94f3c0bf36d007f918a14ea7a10f0e566a6686c13c94ba9f6c217d41294b	Reference-mode Level 4 scarlet crescent marquee keeper with ivory tip modules, a warm-beige column body, complete source-smile face replacement by the canonical LCD, and generous white-space framing.
nouns_classified_1973/B09-ECH__Secret_Echo/noun-0695__head-dna.png	B09-ECH__Echo/aachat-forge-echo-rainbow-chromosome-scaffold-archivist.png	c6d4c34614850fb7cb0f7f756c2b5a496bde07935766ef5b061da9bc9181df3f	Reference-mode Level 4 preserving the rainbow DNA scaffold and charcoal coded-tile body while structurally replacing the original face with the canonical frontal LCD.
nouns_classified_1973/B09-ECH__Secret_Echo/noun-0713__head-heart.png	B09-ECH__Echo/aachat-forge-echo-scarlet-heart-mantle-pilgrim.png	74d9fdb26281ee56a2a66cb8924d4e082ae783f985ac116b1dbb01954431b3bb	Scarlet heart-mantle pilgrim with royal-blue ribbed tunic, gold medallion, and fully integrated canonical LCD in coarse square modules.
nouns_classified_1973/B09-ECH__Secret_Echo/noun-0729__head-heart.png	B09-ECH__Echo/aachat-forge-echo-scarlet-heart-checker-bearer.png	744176882352d385f8d9dbf0c037bb516470a6ac1633bc487655015c4f6bf95a	Scarlet heart-shell bearer with a narrow rainbow chest band, checker-block body, and fully integrated fixed LCD.
nouns_classified_1973/B09-ECH__Secret_Echo/noun-0839__head-heart.png	B09-ECH__Echo/aachat-forge-echo-scarlet-pulse-locket-guardian.png	a731a02f579232f2b92078786a9699f3388f5ed12bfd48b48a45e6bc52e9af59	Scarlet heart-shell signal keeper with cobalt module body, white chest-heart relay, and fully integrated fixed LCD face.
nouns_classified_1973/B09-ECH__Secret_Echo/noun-0891__head-brain.png	B09-ECH__Echo/aachat-forge-echo-rose-neural-column-walker.png	044e0ced5c67611f732dbf6966237b60e3eb4141291f513db9fea5577a3f0d9b	Rose neural crown around the fixed LCD, compact red signal-column torso, broad gray waist band, slim gray legs, and coarse square modules.
nouns_classified_1973/B09-ECH__Secret_Echo/noun-0919__head-bubble-speech.png	B09-ECH__Echo/aachat-forge-echo-ivory-talkcloud-glyph-courier.png	12b185142b68d037c5c78c72e9aca1a86efcd578be6cfaa9ef4681aaa198c035	Ivory speech-bubble shell with stem-like body and multicolor chest glyph, rebuilt in coarse square modules around the fixed aachat LCD.
nouns_classified_1973/B09-ECH__Secret_Echo/noun-0937__head-heart.png	B09-ECH__Echo/aachat-forge-echo-scarlet-heart-column-tender.png	a83f521811665c01a10dd3b1e0e735ea731ee3e8cb8c9dd7fe4f1b67ff71f2f3	Reference-mode Level 4 with a stepped scarlet heart head structurally integrating the fixed LCD above an orange-red column body and golden heart medallion.
nouns_classified_1973/B09-ECH__Secret_Echo/noun-0941__head-dna.png	B09-ECH__Echo/aachat-forge-echo-tricolor-helix-signal-keeper.png	ba4a08e781ce93c8a896a9e515c6c1e71d5895baaa7552af1ae0ec882ccb2b76	Tricolor DNA-helix antenna frames a black coarse-module body; original face fully replaced by the fixed cobalt LCD.
nouns_classified_1973/B09-ECH__Secret_Echo/noun-0946__head-smile.png	B09-ECH__Echo/aachat-forge-echo-scarlet-crescent-checker-herald.png	7c3bb338baa18e8af9040572ad940c02798096e665001563b95f57fb7ab36b7b	Scarlet crescent LCD canopy with ivory column body and restrained black-white checker inlays, built from coarse square 3D modules.
nouns_classified_1973/B09-ECH__Secret_Echo/noun-0992__head-abstract.png	B09-ECH__Echo/aachat-forge-echo-graphite-colorbar-antenna-sentinel.png	968f0c526430c22b93edf1cbab3ef44569e5d948fbd587e7f725e464ff83db16	Graphite signal sentinel with an asymmetric color-bar crown and stacked mosaic body, rebuilt in coarse square modules with complete LCD face replacement.
nouns_classified_1973/B09-ECH__Secret_Echo/noun-1009__head-abstract.png	B09-ECH__Echo/aachat-forge-echo-chromatic-switchboard-triad-keeper.png	538cfa1c47d03ea0271cbf87befe35897c07989ea42622593fb02db23884ac17	Reference-mode chromatic switchboard keeper with a stepped charcoal control-panel crown, restrained red-green-blue signal cluster, complete source-face replacement by the fixed frontal aachat LCD, and consistent coarse square Level 4 modules with full-body white margins.
nouns_classified_1973/B09-ECH__Secret_Echo/noun-1017__head-chart-bars.png	B09-ECH__Echo/aachat-forge-echo-chromatic-barcrest-surveyor.png	9ce6c8b1cacec9edc71d0cb69f8983e961bd80d0a34c732535ec0399361b5e81	Asymmetric chromatic chart-bar modules structurally frame the fixed LCD above a slender mosaic surveyor body, preserving the source silhouette without its original face.
nouns_classified_1973/B09-ECH__Secret_Echo/noun-1037__head-chart-bars.png	B09-ECH__Echo/aachat-forge-echo-spectrum-column-mosaic-keeper.png	7cd1f44d1ffa8f9dc54e3ef5be820ddd7b2a8f30400c05b532486b7fccd5fc39	Reference-mode spectrum-column signal keeper with four rising chart-bar crown modules, a checker-mosaic body, consistent coarse square 3D construction, and the source face fully replaced by the fixed aachat LCD.
nouns_classified_1973/B09-ECH__Secret_Echo/noun-1046__head-rgb.png	B09-ECH__Echo/aachat-forge-echo-prismatic-wheel-nightwatch.png	9f021c4d99818e2c4a64fffc6db253476d878511dfe7ed829de8b99fb7a0248e	Segmented rainbow wheel rebuilt as coarse modules around a fully integrated fixed LCD, with a restrained charcoal nightwatch body.
nouns_classified_1973/B09-ECH__Secret_Echo/noun-1051__head-heart.png	B09-ECH__Echo/aachat-forge-echo-scarlet-heart-stem-sentinel.png	ddbc0c8dc41649b8b0a4ed54075bb0f1c4d37103e2929c2231f302eb55a64a91	Oversized scarlet heart shell with a warm-ivory stem body and coral pedestal boots, rebuilt from coarse square modules around the canonical LCD.
nouns_classified_1973/B09-ECH__Secret_Echo/noun-1067__head-brain.png	B09-ECH__Echo/aachat-forge-echo-rose-cerebral-pillar-archivist.png	c1b794844155e2d6139ba548a282c2984e2a7fe29ab2946f3fe39fdbd9a9bd0c	Reference-mode Level 4 rose cerebral-shell archivist with a warm red-brown pillar body, restrained charcoal notch, fixed cobalt LCD fully replacing the source face, and consistent coarse square 3D modules.
nouns_classified_1973/B09-ECH__Secret_Echo/noun-1104__head-maze.png	B09-ECH__Echo/aachat-forge-echo-celadon-labyrinth-pathfinder.png	059179e17b964f83174ac81688332f4f46d063bfa46805607eef6f349ea68750	Reference-mode Level 4: celadon maze-wall head structurally surrounds the fixed LCD, with a compact coarse-module body and amber stepped route inlay.
nouns_classified_1973/B09-ECH__Secret_Echo/noun-1106__head-brain.png	B09-ECH__Echo/aachat-forge-echo-rose-cortex-glyph-bearer.png	5caa0993360053d5a362af8b5ee10ec4f6d3701187953b60fe800148503f2f7c	Pink lobed cortex shell and coral column body retain the source's neural-glyph language while the original face is structurally replaced by the fixed aachat LCD.
nouns_classified_1973/B09-ECH__Secret_Echo/noun-1129__head-void.png	B09-ECH__Echo/aachat-forge-echo-pearl-dotted-void-warden.png	d77245827c86bc39f3d5268c1b309a3e881b49a563da0a3ba8dac09a7a4d2bfd	Pearl block-built void warden preserving the source's dotted perimeter, black aperture, and yellow accents with the original face fully replaced by the fixed aachat LCD.
nouns_classified_1973/B09-ECH__Secret_Echo/noun-1152__head-maze.png	B09-ECH__Echo/aachat-forge-echo-seafoam-labyrinth-gatekeeper.png	d8c8d2fac972fb3098d7e6bf620863dca8a26965ecd1ad43b57734332d91d8e3	Seafoam labyrinth head shell fully replaces the source face with the fixed frontal aachat LCD above a charcoal tower body with a restrained mint circuit lattice.
nouns_classified_1973/B09-ECH__Secret_Echo/noun-1168__head-dna.png	B09-ECH__Echo/aachat-forge-echo-chromatic-helix-signal-weaver.png	2d8ce45332c80697279ba6ed434e914cfc5a7b412f15c373118d2b2450ae3a9c	Chromatic helix signal weaver preserving the source's crimson-coral, cobalt, gold, and ivory orthogonal rail totem silhouette; the original face is fully replaced by the fixed front-facing aachat LCD in consistent coarse square 3D modules.
nouns_classified_1973/B09-ECH__Secret_Echo/noun-1179__head-maze.png	B09-ECH__Echo/aachat-forge-echo-mint-maze-mosaic-surveyor.png	dcbd0e16f2657c9457e459a1d8164a2882bc6c057e2a39ec415a84b3122c3ffd	mint labyrinth housing around fixed LCD with multicolor mosaic-tile body
nouns_classified_1973/B09-ECH__Secret_Echo/noun-1180__head-chart-bars.png	B09-ECH__Echo/aachat-forge-echo-chromatic-histogram-crown-recorder.png	110eb6a04fdcb4ca8ae5fb17f14f827e42178bab37d05a1018f5bb30dc7a3335	Chromatic equal-scale histogram modules crown a slender warm-brown recorder body with a cream tally chest, while the fixed aachat LCD fully replaces the source face.
nouns_classified_1973/B09-ECH__Secret_Echo/noun-1203__head-chart-bars.png	B09-ECH__Echo/aachat-forge-echo-neon-skyline-tallykeeper.png	45c208079f943b8bf836f13d75e794a89b33d2cd5152dc315089a99f2eba99c0	Magenta-violet chart tallykeeper with a multicolor skyline crown, fixed LCD replacement, and prismatic torso mosaic.
nouns_classified_1973/B09-ECH__Secret_Echo/noun-1268__head-rgb.png	B09-ECH__Echo/aachat-forge-echo-rainbow-halo-tome-keeper.png	bbd5a104ed3583a0ab8a6239b6e96afb648b13f1567a6bd4d70aa88879341617	Rainbow module halo structurally frames the fixed LCD; cobalt block body holds a plain scarlet tome.
nouns_classified_1973/B09-ECH__Secret_Echo/noun-1293__head-bubble-speech.png	B09-ECH__Echo/aachat-forge-echo-magenta-dialogue-tail-relay.png	92a388bc53f1b61f52c2749ef8fdeac642bc24fb486a3c40683bfb0eb0039ad3	White speech-bubble head shell with a black stepped LCD surround, magenta modular body, red signal tabs, and fixed cobalt LCD.
nouns_classified_1973/B09-ECH__Secret_Echo/noun-1316__head-chart-bars.png	B09-ECH__Echo/aachat-forge-echo-ivory-chromatic-tally-warden.png	475559187897f3c011cd6ed076ba7fec6b9b7ac5f28238b49d579cd9c585cdd3	Reference mode Level 4 chromatic tally warden: slim ivory full-body module form preserves the source bar-chart color rhythm around a structurally integrated fixed aachat LCD, with coarse square 3D modules and generous white-canvas breathing room.
nouns_classified_1973/B09-ECH__Secret_Echo/noun-1333__head-bubble-speech.png	B09-ECH__Echo/aachat-forge-echo-pearl-dialogue-plume-envoy.png	f4cf3f5720b2ec58710b422b014b9bbfb274b8d392d90d5c83631ce733cad149	Pearl speech-cloud courier with a fixed 28:17 LCD replacing the source face, sand block body, and warm signal-band accents.
nouns_classified_1973/B09-ECH__Secret_Echo/noun-1389__head-rgb.png	B09-ECH__Echo/aachat-forge-echo-chromatic-wheel-mosaic-guide.png	879fc75308bd4d78133943d761817ee70e70d0ad4252a28c5ac7801b239ff3d2	Circular rainbow-spectrum module head, dark mosaic pillar body, teal joints, and the fixed aachat LCD fully replacing the source face.
nouns_classified_1973/B09-ECH__Secret_Echo/noun-1409__head-rgb.png	B09-ECH__Echo/aachat-forge-echo-prismatic-halo-stiltwalker.png	59a95d4a0e0d2099d5bb33d5ccbdd2b6cdf3c09bea192dea19cfad7bdf002063	Prismatic rainbow halo rebuilt as one coarse modular LCD stiltwalker with broad white breathing room.
nouns_classified_1973/B09-ECH__Secret_Echo/noun-1470__head-maze.png	B09-ECH__Echo/aachat-forge-echo-mint-cranial-maze-keeper.png	b1d4324b89347f6286efd5403943ea38d3935ddcc96eb2a73cc4fcacf60f2ffd	Mint labyrinth head shell structurally integrates the fixed LCD above a magenta plinth body with lime signal tiles in coarse square modules.
nouns_classified_1973/B09-ECH__Secret_Echo/noun-1602__head-heart.png	B09-ECH__Echo/aachat-forge-echo-scarlet-heart-ribbon-keeper.png	138516980887157c329d872681818c08056c3fcc8d2d9f401ca9188691530628	Scarlet heart-shell signal keeper with a warm brown pillar body and cyan ribbon accents; original face fully replaced by the fixed frontal LCD in coarse square Level 4 modules.
nouns_classified_1973/B09-ECH__Secret_Echo/noun-1726__head-smile.png	B09-ECH__Echo/aachat-forge-echo-scarlet-arc-pedestal-host.png	cc5647fca11dbb33062d7c32e2d2f291531f229ef4dda4afbc765787054fe759	Reference-mode Level 4 retaining the source's broad scarlet arc shell, coral pedestal body, and cobalt-ivory bands in coarse square modules, with the original smiling face fully replaced by the fixed aachat LCD.
nouns_classified_1973/B09-ECH__Secret_Echo/noun-1732__head-smile.png	B09-ECH__Echo/aachat-forge-echo-scarlet-twincrest-column.png	ac0ce5b25c83519339b2cb77d29b89bb612b112ce5e7847b50bee47fbf778600	Source red smiling head was abstracted into a non-facial scarlet twin-crest shell around the fixed LCD, paired with a pale modular column body; original mouth, teeth, and face were fully removed.
nouns_classified_1973/B09-ECH__Secret_Echo/noun-1776__head-chart-bars.png	B09-ECH__Echo/aachat-forge-echo-cobalt-bargraph-mosaic-analyst.png	6023e3b3b365e79b6abb04f681c77df5d9d64de321450cb0511d2c3e2ed74131	Reference-mode cobalt bargraph mosaic analyst with a stepped multicolor chart-bar crown, graphite column body, yellow-green chest mosaic, and the complete source face structurally replaced by the fixed aachat LCD.
nouns_classified_1973/B09-ECH__Secret_Echo/noun-1813__head-rgb.png	B09-ECH__Echo/aachat-forge-echo-rainbow-halo-hushkeeper.png	e9b499db07d1cd6e1744853e58f6b2df6f18e69b5bde9e1ea4cc74c70bcbe090	Segmented rainbow halo and turquoise column body reinterpreted in coarse modules, with the original face fully replaced by the fixed frontal LCD.
nouns_classified_1973/B09-ECH__Secret_Echo/noun-1832__head-heart.png	B09-ECH__Echo/aachat-forge-echo-crimson-heart-pillar-listener.png	73f22b0142972c400d0a4e24e3f0ea9afce915bd455890eceb553c4bf7cc804d	Reference-mode scarlet heart-shell listener with stepped ivory highlights, a violet pillar body and narrow legs, coarse square 3D modules, and complete source-face replacement by the fixed aachat LCD.
nouns_classified_1973/B09-ECH__Secret_Echo/noun-1834__head-heart.png	B09-ECH__Echo/aachat-forge-echo-scarlet-heart-checker-envoy.png	7b153c209f7769359177dabe33221161686f885b5f0a6e8ff220f191448d0276	Scarlet heart head-shell rebuilt structurally around the fixed LCD, with a lime-magenta checker body in coarse square modules.
nouns_classified_1973/B09-ECH__Secret_Echo/noun-1835__head-chart-bars.png	B09-ECH__Echo/aachat-forge-echo-ochre-chromatic-skyline-auditor.png	29fe1055c0d46c14717bdb8aacc39b7b571cd98fc00cb38fa2800f7ceadcd3df	Golden block-built chart auditor with ascending multicolor bar crown and complete original-face replacement by the fixed front-facing aachat LCD.
nouns_classified_1973/B09-ECH__Secret_Echo/noun-1853__head-chart-bars.png	B09-ECH__Echo/aachat-forge-echo-azure-rainbow-histogram-clerk.png	8a009e92b0b3caa93989fbc5b6574951cafab8d23309f003733a35752d68be50	Level 4 Reference mode: blue coarse-module chart-bar clerk with full source-face replacement by the fixed integrated LCD, clear full-body margins, and a native 1254 RGB white-studio finish.
nouns_classified_1973/B09-ECH__Secret_Echo/noun-1855__head-chart-bars.png	B09-ECH__Echo/aachat-forge-echo-prismatic-metercrest-walker.png	2cee8fdb69c6a1b10683d18ad0485fa62a0c7795beba1b39d751963d629a6655	Reference-mode Level 4 signal walker preserving the source's lean graphite body and ascending multicolor chart-bar crest, rebuilt from coarse square 3D modules with the original face fully replaced by the fixed frontal aachat LCD.
nouns_classified_1973/B09-ECH__Secret_Echo/noun-1905__head-heart.png	B09-ECH__Echo/aachat-forge-echo-crimson-pulse-keeper.png	d8f8ef35e0911ee9d0d4400e8ed341d3f4a0eb3a1bbfdf2c930b38aeb238bb6f	Reference-mode Level 4 retaining the source's crimson heart silhouette, slim ivory modular tunic, and mint pulse motif; original face fully replaced by the fixed aachat LCD.
nouns_classified_1973/B09-ECH__Secret_Echo/noun-1921__head-bubble-speech.png	B09-ECH__Echo/aachat-forge-echo-ivory-mint-speech-pylon.png	e7c814c8a75bc32a2b79282e7a0202a7363e8b6469fa70a44263092df301bc0e	Ivory speech-bubble head rebuilt around the fixed LCD, with a slender pale-cyan modular body, mint circuit stripe, and compact black signal module.
nouns_classified_1973/B09-ECH__Secret_Echo/noun-1957__head-dna.png	B09-ECH__Echo/aachat-forge-echo-spectrum-genome-trellis-custodian.png	ca9db422a0f1ce079262fb8fd821be693c222e98078c28391ed94854fe0e17b1	Prismatic DNA-ladder crown and rainbow column motifs rebuilt as coarse square 3D modules around a front-facing fixed aachat LCD.
nouns_classified_1973/B10-ANO__Secret_Anomaly/noun-0022__head-undead.png	B10-ANO__Anomaly/aachat-forge-anomaly-cobalt-gravebloom-wanderer.png	dc14dcc47c99229fc6c357b396ef3241a9140c7cba625a641e31e0e9613ae780	Cobalt-blue block undead wanderer with chipped bone-gray LCD housing and an olive-yellow gravebloom crown.
nouns_classified_1973/B10-ANO__Secret_Anomaly/noun-0166__head-undead.png	B10-ANO__Anomaly/aachat-forge-anomaly-lime-antler-checker-revenant.png	764f202fac90de49c3c64e46cfd1930e0eefcea34aca289e657fa78fcdfb07f0	Lime antler checker revenant with the original face fully replaced by the fixed front-facing aachat LCD and a coherent coarse square-module body.
nouns_classified_1973/B10-ANO__Secret_Anomaly/noun-0249__head-ghost-B.png	B10-ANO__Anomaly/aachat-forge-anomaly-frost-horn-signal-wraith.png	921a70d5dcadee654e19e262edb50c030cc113c1aa6b8e0a8d7a6e5f2065425f	Ice-blue twin-horn signal wraith with a slate modular body and restrained coral-orange rib bands; source face fully replaced by the fixed cobalt-glow LCD.
nouns_classified_1973/B10-ANO__Secret_Anomaly/noun-0298__head-ghost-B.png	B10-ANO__Anomaly/aachat-forge-anomaly-azure-wisp-rib-lantern.png	f40fd26d6db18dfcf49cfbf1248616f0010febec6fa5f62761afb913dff7f2c0	Ice-blue forked wisp with a charcoal modular body and restrained amber rib-lattice chest; source face fully replaced by the fixed cobalt-glow LCD.
nouns_classified_1973/B10-ANO__Secret_Anomaly/noun-0316__head-skeleton-hat.png	B10-ANO__Anomaly/aachat-forge-anomaly-cerulean-skullcap-watchman.png	57745fc6470589ec13d66a26232a2c59f92d479e95f2f4623072145dd2e79a8f	Wide cobalt module hat and ivory skull shell structurally rebuilt around the fixed LCD; compact cool-blue body preserves the source silhouette.
nouns_classified_1973/B10-ANO__Secret_Anomaly/noun-0326__head-skeleton-hat.png	B10-ANO__Anomaly/aachat-forge-anomaly-scarlet-bonecap-marshal.png	59bde941aa1e62216c9bca3a360e6e31908208c80bd86be283e7040d4ac89b9a	Reference-mode Level 4: blue modular bonecap, ivory skull-shell LCD housing, and scarlet marshal uniform with restrained gold sash.
nouns_classified_1973/B10-ANO__Secret_Anomaly/noun-0379__head-skeleton-hat.png	B10-ANO__Anomaly/aachat-forge-anomaly-cobalt-skull-brim-keeper.png	734ba1144054377a3f7f5dacba4dffe3acd6c886d3417a6c3e3a66dfdeca3bc5	Cobalt flat-brim skull-shell mosaic keeper with the original face fully replaced by the fixed aachat LCD and one-scale coarse square modules.
nouns_classified_1973/B10-ANO__Secret_Anomaly/noun-0464__head-skeleton-hat.png	B10-ANO__Anomaly/aachat-forge-anomaly-azure-bonebrim-caretaker.png	cc7c0b5176280103a7e2bf75e0b6122f9bb6a8189f400eb03a759ff67756ff17	Cobalt flat-brim bone-hat caretaker with a bone-white modular LCD shell, royal-blue block suit, and white zigzag sash.
nouns_classified_1973/B10-ANO__Secret_Anomaly/noun-0585__head-skeleton-hat.png	B10-ANO__Anomaly/aachat-forge-anomaly-rainbow-bone-milliner.png	28a53d58c14b46808ada7a14dae2a2c6f9e57bd60b837fe6c0726ad134075d2c	Broad cobalt milliner hat and skull-white modular head frame a fully replaced LCD above a compact rainbow-striped block body.
nouns_classified_1973/B10-ANO__Secret_Anomaly/noun-0595__head-undead.png	B10-ANO__Anomaly/aachat-forge-anomaly-prismatic-moss-skull-wanderer.png	eaad9b86568b8a75b4f048d2ab2d060a22eba4661a47976e6368cba93b2e1175	Reference-mode Level 4: pale undead skull shell rebuilt around the fixed LCD, with a moss-and-ochre crown, prismatic banded torso, and consistent coarse square 3D modules.
nouns_classified_1973/B10-ANO__Secret_Anomaly/noun-0623__head-skeleton-hat.png	B10-ANO__Anomaly/aachat-forge-anomaly-cerulean-bonebrim-rib-warden.png	b32bd488410af3c5db07a03893933b1159072a34ac37ab7ad27c83cc4f5ce727	Reference-mode Level 4: wide cerulean stepped brim, bone-white LCD skull shell, brick-red module body, skeletal rib motif, and cyan chest insets.
nouns_classified_1973/B10-ANO__Secret_Anomaly/noun-0657__head-skeleton-hat.png	B10-ANO__Anomaly/aachat-forge-anomaly-cobalt-widebrim-checker-revenant.png	e00566be349d7e5cf61a99ee01bd156957ef2f70d24933d7ffb1ca0140c52b36	Cobalt wide-brim module hat and ivory cranial housing frame a black-and-cobalt checker revenant body; original skull face fully replaced by the fixed frontal aachat LCD.
nouns_classified_1973/B10-ANO__Secret_Anomaly/noun-0743__head-skeleton-hat.png	B10-ANO__Anomaly/aachat-forge-anomaly-sapphire-bonehat-lamplighter.png	958077891b3454155980be84ef893eb5b3b89b9a0a3185a2373417de1ac055a4	Wide sapphire block hat and ivory skeletal body preserve the source silhouette while the original glasses-and-skull face is structurally replaced by the fixed aachat LCD.
nouns_classified_1973/B10-ANO__Secret_Anomaly/noun-0745__head-ghost-B.png	B10-ANO__Anomaly/aachat-forge-anomaly-azure-checker-specter.png	11f73f484af6db269183d41e0cd9ee9f337ecace431e0e184ef372d115124d48	Reference-mode Level 4: pale-azure spiked head ghost rebuilt around the fixed LCD with a coarse rainbow checker-module spectral tail.
nouns_classified_1973/B10-ANO__Secret_Anomaly/noun-0751__head-undead.png	B10-ANO__Anomaly/aachat-forge-anomaly-moss-antler-reliquary-warden.png	de1b245431dbbaf726a868d91b0d43ecb47e45b237aa24a48d0b45022b1fa205	Reference-mode Level 4 moss-antler reliquary warden with forked olive crown, indigo-black modular robe, violet spirit-chip accents, warm gold chest reliquary, fixed LCD, and generous full-body white margin; first attempt rejected for insufficient top framing, second passed.
nouns_classified_1973/B10-ANO__Secret_Anomaly/noun-0838__head-undead.png	B10-ANO__Anomaly/aachat-forge-anomaly-mint-fractured-skull-warden.png	bbf06b21e4299b6b9536364dd55786b0d102d0d6d2dd1ba5de4968e4a42e3439	Reference-mode Level 4 mint undead signal warden with attached fractured skull-crown modules, teal checker body, sparse black cavity insets, complete LCD face replacement, and broad full-body white margin.
nouns_classified_1973/B10-ANO__Secret_Anomaly/noun-0843__head-ghost-B.png	B10-ANO__Anomaly/aachat-forge-anomaly-cobalt-callbox-wraith.png	62e4156303ba5a0067228b290cc7ce353e5df7c184b4d8cd5e6a0ec60c8e570b	Pale-cobalt modular spectral crest and fixed LCD replace the source face above a vermilion callbox torso with ivory signal details.
nouns_classified_1973/B10-ANO__Secret_Anomaly/noun-0852__head-skeleton-hat.png	B10-ANO__Anomaly/aachat-forge-anomaly-cobalt-ribcage-brim-sentinel.png	8e2c92cca22ee138dd131dd760ee2ffac6f7277e97c9100b49250baf082ac54a	Cobalt wide-brim bone sentinel with charcoal rib-cage modules, sparse ember-orange accents, and the original face fully replaced by the fixed aachat LCD.
nouns_classified_1973/B10-ANO__Secret_Anomaly/noun-0875__head-skeleton-hat.png	B10-ANO__Anomaly/aachat-forge-anomaly-indigo-marrow-brim-keeper.png	108dc91c50a3022a4226e9d7838bd938091c8b19d06bd39090e349432ca571ff	Stepped indigo brim and modular ivory-charcoal skeleton body with restrained magenta seams; original face fully replaced by the fixed frontal aachat LCD.
nouns_classified_1973/B10-ANO__Secret_Anomaly/noun-0897__head-ghost-B.png	B10-ANO__Anomaly/aachat-forge-anomaly-cobalt-horn-wisp.png	30e001a9d3b38b3b4eaa7012c8d35abc174c6210a4eab03d17877e440a898be0	Pale cobalt horned ghost rebuilt from coarse square modules with the original face fully replaced by the fixed integrated LCD.
nouns_classified_1973/B10-ANO__Secret_Anomaly/noun-0936__head-ghost-B.png	B10-ANO__Anomaly/aachat-forge-anomaly-azure-horned-wisp-keeper.png	2f4957bfe27906ee0086e74184ed4bef7006adff0685c9e5babdd5a50a06e4f4	Pale icy-blue stepped horn-wisp head shell, vivid magenta modular body, sparse multicolor chest tiles, and complete source-face replacement around the fixed cobalt aachat LCD.
nouns_classified_1973/B10-ANO__Secret_Anomaly/noun-1010__head-ghost-B.png	B10-ANO__Anomaly/aachat-forge-anomaly-periwinkle-forkcrest-embergrid-haunt.png	ca430cf060cb3390c653d9a892145a5776e6f3be1c2098916b8cb844fa1df0e4	Periwinkle fork-crested spectral figure with a cobalt-and-ember interlocking modular body; the source face was fully rebuilt as the fixed frontal aachat LCD.
nouns_classified_1973/B10-ANO__Secret_Anomaly/noun-1016__head-skeleton-hat.png	B10-ANO__Anomaly/aachat-forge-anomaly-sapphire-ribstripe-marrowcap-keeper.png	3575bcab704a77607baa23cf015b94ae63d609a821be7278d57598b165b2dbc6	Sapphire flat-brim skeleton keeper with cobalt-violet rib bands; source face fully replaced by integrated fixed LCD in coarse square modules.
nouns_classified_1973/B10-ANO__Secret_Anomaly/noun-1057__head-ghost-B.png	B10-ANO__Anomaly/aachat-forge-anomaly-powderblue-forkcrest-wisp.png	92fc51725b3404ef2729c548a28a05dd62e4a11419ed3382b9f42a1db0ade674	Pale powder-blue fork-crested ghost rebuilt as a compact coarse modular sentinel with the original face fully replaced by the fixed aachat LCD.
nouns_classified_1973/B10-ANO__Secret_Anomaly/noun-1090__head-ghost-B.png	B10-ANO__Anomaly/aachat-forge-anomaly-periwinkle-antler-shroud-sentinel.png	76d8b233987214f5384bb2d6d234dff6fb76bb70e294bf78c1b51dfd6c845197	Pale periwinkle antlered ghost shell over a charcoal shroud, with the original face structurally replaced by the fixed LCD and the full body rebuilt in coarse square modules.
nouns_classified_1973/B10-ANO__Secret_Anomaly/noun-1165__head-skeleton-hat.png	B10-ANO__Anomaly/aachat-forge-anomaly-cobalt-skull-brim-roamer.png	7e4069129d921e8a8fe49e9ceb851313bd6bcc92b20121a466cef1c5b9fadb63	Cobalt flat-brim bone-shell roamer rebuilt as an indigo coarse square-module traveler, with the source face fully replaced by the fixed aachat LCD.
nouns_classified_1973/B10-ANO__Secret_Anomaly/noun-1485__head-undead.png	B10-ANO__Anomaly/aachat-forge-anomaly-violet-static-antler-revenant.png	59fcabc526407f360caaa6ffef94603928751c1ebec8adcc19d2aadc56198366	Violet undead signal-wraith with compact lime-yellow spectral antlers, a tall robe-like modular body, and the source face fully replaced by the fixed aachat LCD.
nouns_classified_1973/B10-ANO__Secret_Anomaly/noun-1493__head-skeleton-hat.png	B10-ANO__Anomaly/aachat-forge-anomaly-ivory-tierbrim-marrow-keeper.png	b2a8d0a1410a1b1edb2ab9bd01069c38a3c9e2a1e6ecf7b4c2b1a1b3207821ce	Bone-white ribbed keeper with a tiered cobalt brim; the source face is fully replaced by the fixed front-facing aachat LCD.
nouns_classified_1973/B10-ANO__Secret_Anomaly/noun-1499__head-undead.png	B10-ANO__Anomaly/aachat-forge-anomaly-lilac-skullfork-revenant.png	f429ff081e4578cfc93feb8d29ec5d87c86781ed4af0e7ada9d23f0efd9244c8	Pale-lilac block-built revenant preserves the source forked bone crown and chest-bone motif while fully replacing the original face with the fixed cobalt-glow LCD.
nouns_classified_1973/B10-ANO__Secret_Anomaly/noun-1547__head-ghost-B.png	B10-ANO__Anomaly/aachat-forge-anomaly-powderblue-forkhelm-coral-haunt.png	a2d6937ef7d3411c6193a4c27d9d76444d355343d7221a793d3285d10bb1c209	Powder-blue fork-crested spectral module form with violet LCD housing, coral block torso, pale legs, and complete source-face replacement.
nouns_classified_1973/B10-ANO__Secret_Anomaly/noun-1588__head-ghost-B.png	B10-ANO__Anomaly/aachat-forge-anomaly-periwinkle-hornveil-watcher.png	197317a695e15095c18a2f35bcb35ba18d25e6c78e1fc559c2f1d987383c922f	Pale periwinkle hornveil watcher preserving the source crown crest, side wisps, and ivory tapered spectral body as one coarse modular guardian with the face fully replaced by the fixed aachat LCD.
nouns_classified_1973/B10-ANO__Secret_Anomaly/noun-1619__head-undead.png	B10-ANO__Anomaly/aachat-forge-anomaly-ochre-bonevine-crown-revenant.png	e247147dcb154b6d0cb2f7e077f5218ec8b98d2253bd5ec286a0954bd4969726	Ochre undead bone-lattice automaton with a yellow-green bonevine crown, restrained violet accents, and the original face fully replaced by the frontal aachat LCD.
nouns_classified_1973/B10-ANO__Secret_Anomaly/noun-1654__head-skeleton-hat.png	B10-ANO__Anomaly/aachat-forge-anomaly-azure-skullbrim-undertaker.png	c37b37946189d07cd2eb09a9c8ab9a23f896efeab891d9f73682f6cabe3a5b11	Reference-mode Level 4 azure skull-brim modular undertaker with ivory bone frame, blue coat panels, and complete LCD face replacement.
nouns_classified_1973/B10-ANO__Secret_Anomaly/noun-1763__head-skeleton-hat.png	B10-ANO__Anomaly/aachat-forge-anomaly-cobalt-bonebrim-patchkeeper.png	415fe6935cf8268a671738f655f34dfd9e252a147e1e0584ce480eb4a19a4c6e	Reference-mode Level 4: broad cobalt block brim, bone-white modular LCD housing, royal-blue tunic body, and sparse magenta patch accents; original skull face fully replaced.
nouns_classified_1973/B10-ANO__Secret_Anomaly/noun-1837__head-ghost-B.png	B10-ANO__Anomaly/aachat-forge-anomaly-powderblue-lime-horn-specter.png	5fa4caaa28024a93ace1eea81e440629085e69b264305e2f954eb10e720d1ecd	Powder-blue forked spectral crown and vivid-lime robe rebuilt in consistent coarse square modules around the fixed LCD.
nouns_classified_1973/B10-ANO__Secret_Anomaly/noun-1860__head-ghost-B.png	B10-ANO__Anomaly/aachat-forge-anomaly-periwinkle-horn-checker-phantom.png	95af95e1eed83e5fa8ee04b7309efa89fd08d3c8ea58ba5cfe5cada18671868a	Periwinkle horn-crowned checker phantom with stepped spectral wisps, a cobalt-lime tunic, and a structurally integrated fixed aachat LCD.
nouns_classified_1973/B10-ANO__Secret_Anomaly/noun-1935__head-ghost-B.png	B10-ANO__Anomaly/aachat-forge-anomaly-iceblue-twinspire-veil-drifter.png	3ae585cec2a982fd76a287ce910a0378f66038060cd61990f797e92dfb9800b3	Ice-blue twin-spire spectral veil translated into equal-scale coarse square modules with restrained crimson joints and a fully replaced integrated aachat LCD.
